# https://github.com/mikedh/trimesh
v 0.00341183 -0.10640246 -0.43329409 0.35686275 0.39215686 0.50588235
v 0.00341183 -0.10576469 -0.43400660 0.34901961 0.38823529 0.50588235
v 0.00408459 -0.10576469 -0.43329409 0.34901961 0.38823529 0.50588235
v 0.00341183 -0.10895723 -0.42647058 0.40392157 0.40392157 0.49803922
v 0.00786686 -0.10576469 -0.42647058 0.35294118 0.37647059 0.51372549
v 0.01023537 -0.10576469 -0.42180523 0.35686275 0.36470588 0.51764706
v 0.01023537 -0.10693538 -0.41964704 0.36470588 0.36078431 0.49803922
v 0.00341183 -0.10880280 -0.41964704 0.39607843 0.40000000 0.50196078
v 0.00341183 -0.10852468 -0.41282350 0.37647059 0.37254902 0.46666667
v 0.01023537 -0.10655320 -0.41282350 0.32549020 0.31764706 0.44705882
v 0.00341183 -0.10767698 -0.40599999 0.34509804 0.34117647 0.43529412
v 0.01023537 -0.10607016 -0.40599999 0.28627451 0.29411765 0.41176471
v 0.00341183 -0.10588229 -0.39917645 0.30980392 0.31372549 0.41176471
v 0.01023537 -0.10602325 -0.39917645 0.27843137 0.30588235 0.40392157
v 0.00469089 -0.10576469 -0.39235291 0.29019608 0.30196078 0.39607843
v 0.00341183 -0.10576469 -0.39777976 0.30588235 0.30980392 0.40392157
v 0.01023537 -0.10728896 -0.39235291 0.25098039 0.27843137 0.36078431
v 0.00341183 -0.10576469 -0.39057478 0.30196078 0.31372549 0.40784314
v 0.00341183 -0.10690790 -0.38552940 0.31764706 0.33333333 0.43137255
v 0.01023537 -0.10768479 -0.38552940 0.27450980 0.30196078 0.40392157
v 0.00341183 -0.10849065 -0.37870586 0.34509804 0.36470588 0.46666667
v 0.01023537 -0.10866046 -0.37870586 0.29411765 0.31764706 0.43137255
v 0.00341183 -0.10927761 -0.37188232 0.36862745 0.38823529 0.49411765
v 0.01023537 -0.10967445 -0.37188232 0.32549020 0.34509804 0.47058824
v 0.00341183 -0.10961992 -0.36505878 0.37254902 0.40000000 0.50588235
v 0.01023537 -0.11021286 -0.36505878 0.34117647 0.36078431 0.49019608
v 0.00341183 -0.10950178 -0.35823530 0.35686275 0.38823529 0.49411765
v 0.01023537 -0.11025256 -0.35823530 0.30588235 0.34509804 0.46666667
v 0.00341183 -0.10891348 -0.35141176 0.34117647 0.37254902 0.47843137
v 0.01023537 -0.11006039 -0.35141176 0.28235294 0.33333333 0.44313725
v 0.00341183 -0.10757923 -0.34458822 0.32549020 0.35686275 0.46666667
v 0.01023537 -0.10953176 -0.34458822 0.26274510 0.32941176 0.42745098
v 0.00341183 -0.10649812 -0.33776468 0.31372549 0.34901961 0.46274510
v 0.01023537 -0.10920441 -0.33776468 0.25882353 0.32941176 0.42352941
v 0.00341183 -0.10765028 -0.33094114 0.32941176 0.36862745 0.48235294
v 0.01023537 -0.10974526 -0.33094114 0.27450980 0.33333333 0.44705882
v 0.00341183 -0.10821831 -0.32411760 0.34117647 0.38039216 0.50196078
v 0.01023537 -0.11012906 -0.32411760 0.29411765 0.34509804 0.46666667
v 0.00341183 -0.10834444 -0.31729412 0.34901961 0.39215686 0.51764706
v 0.01023537 -0.11024827 -0.31729412 0.31372549 0.35294118 0.49019608
v 0.00341183 -0.10790539 -0.31047058 0.34509804 0.39607843 0.52549020
v 0.01023537 -0.11020947 -0.31047058 0.32156863 0.35686275 0.49803922
v 0.00341183 -0.10650432 -0.30364704 0.34117647 0.38431373 0.51764706
v 0.01023537 -0.10974669 -0.30364704 0.30196078 0.35294118 0.48627451
v 0.00476027 -0.10576469 -0.29682350 0.32549020 0.36470588 0.50588235
v 0.00341183 -0.10576469 -0.30097139 0.33725490 0.38039216 0.51764706
v 0.01023537 -0.10896009 -0.29682350 0.28235294 0.34901961 0.47450980
v 0.01023537 -0.10755920 -0.28999996 0.26666667 0.34509804 0.46666667
v 0.00768650 -0.10576469 -0.28999996 0.29019608 0.34509804 0.47843137
v 0.01023537 -0.10669613 -0.28317648 0.26274510 0.33725490 0.45882353
v 0.00908059 -0.10576469 -0.28317648 0.27450980 0.34117647 0.46666667
v 0.01023537 -0.10688204 -0.27635294 0.29411765 0.35294118 0.47843137
v 0.00874603 -0.10576469 -0.27635294 0.30588235 0.35686275 0.48627451
v 0.01023537 -0.10673517 -0.26952940 0.32549020 0.36470588 0.49411765
v 0.00893426 -0.10576469 -0.26952940 0.32941176 0.36862745 0.50196078
v 0.01023537 -0.10631233 -0.26270586 0.35294118 0.37647059 0.50980392
v 0.00954098 -0.10576469 -0.26270586 0.34901961 0.38039216 0.51372549
v 0.01023537 -0.10576469 -0.25669038 0.36078431 0.38431373 0.52156863
v 0.00341183 -0.09935540 -0.44694117 0.18431373 0.26666667 0.45490196
v 0.00341183 -0.09894115 -0.44739687 0.18039216 0.26666667 0.45490196
v 0.00382793 -0.09894115 -0.44694117 0.17647059 0.25882353 0.45490196
v 0.00341183 -0.10299957 -0.44011766 0.20392157 0.25882353 0.42352941
v 0.00750369 -0.09894115 -0.44011766 0.27058824 0.38431373 0.63137255
v 0.01023537 -0.09903157 -0.43329409 0.19215686 0.27450980 0.52156863
v 0.01023537 -0.09894115 -0.43339232 0.19215686 0.27843137 0.52549020
v 0.01023537 -0.10501581 -0.42647058 0.34901961 0.37254902 0.52549020
v 0.00341183 -0.10555184 -0.39235291 0.29411765 0.30196078 0.39607843
v 0.00341183 -0.10440350 -0.29682350 0.32941176 0.36862745 0.50980392
v 0.00341183 -0.10240281 -0.28999996 0.33333333 0.36470588 0.50980392
v 0.00341183 -0.10333216 -0.28317648 0.34117647 0.38039216 0.51764706
v 0.00341183 -0.09895229 -0.27635294 0.30980392 0.36078431 0.51764706
v 0.00341183 -0.09927619 -0.26952940 0.31372549 0.38039216 0.53725490
v 0.00454354 -0.09894115 -0.26270586 0.30196078 0.39215686 0.56078431
v 0.00341183 -0.09894115 -0.26894152 0.30980392 0.38431373 0.53725490
v 0.01023537 -0.10571450 -0.25588232 0.36078431 0.38431373 0.51764706
v 0.00523651 -0.09894115 -0.25588232 0.30196078 0.39607843 0.57254902
v 0.01023537 -0.10497153 -0.24905878 0.34901961 0.37647059 0.50196078
v 0.00507307 -0.09894115 -0.24905878 0.31372549 0.38431373 0.54117647
v 0.01023537 -0.10402375 -0.24223530 0.33333333 0.36862745 0.49019608
v 0.00578475 -0.09894115 -0.24223530 0.32156863 0.36862745 0.51764706
v 0.01023537 -0.10258436 -0.23541176 0.31764706 0.36470588 0.47843137
v 0.00717980 -0.09894115 -0.23541176 0.32941176 0.36470588 0.49803922
v 0.01023537 -0.10179716 -0.22858822 0.31372549 0.36078431 0.47058824
v 0.00790507 -0.09894115 -0.22858822 0.33725490 0.37254902 0.49411765
v 0.01023537 -0.10223168 -0.22176468 0.33333333 0.36862745 0.48627451
v 0.00742918 -0.09894115 -0.22176468 0.32549020 0.36078431 0.49803922
v 0.01023537 -0.10249209 -0.21494114 0.34901961 0.37254902 0.49803922
v 0.00720102 -0.09894115 -0.21494114 0.32549020 0.37254902 0.51764706
v 0.01023537 -0.10124356 -0.20811766 0.34901961 0.38039216 0.52156863
v 0.00845790 -0.09894115 -0.20811766 0.32156863 0.37647059 0.53333333
v 0.01023537 -0.10036767 -0.20129412 0.34117647 0.38039216 0.53333333
v 0.00914472 -0.09894115 -0.20129412 0.32549020 0.37647059 0.54117647
v 0.01023537 -0.10123962 -0.19447058 0.34901961 0.37647059 0.50588235
v 0.00831240 -0.09894115 -0.19447058 0.32941176 0.37254902 0.51764706
v 0.01023537 -0.09996021 -0.18764704 0.34117647 0.36470588 0.49411765
v 0.00937176 -0.09894115 -0.18764704 0.33333333 0.36470588 0.49803922
v 0.01023537 -0.09894115 -0.18400478 0.32941176 0.36078431 0.48627451
v 0.00341183 -0.09211767 -0.45317316 0.18823529 0.25098039 0.41176471
v 0.00868434 -0.09211767 -0.44694117 0.15294118 0.22745098 0.46274510
v 0.01023537 -0.09254098 -0.44011766 0.41568627 0.54509804 0.75686275
v 0.01023537 -0.09211767 -0.44055170 0.41960784 0.54117647 0.75294118
v 0.00345981 -0.09211767 -0.26270586 0.28627451 0.38039216 0.56470588
v 0.00341183 -0.09211767 -0.26296628 0.28627451 0.38039216 0.56470588
v 0.00377500 -0.09211767 -0.25588232 0.29019608 0.39607843 0.58039216
v 0.00380808 -0.09211767 -0.24905878 0.29803922 0.37254902 0.54509804
v 0.00392491 -0.09211767 -0.24223530 0.31372549 0.36078431 0.52549020
v 0.00462276 -0.09211767 -0.23541176 0.33333333 0.36470588 0.51372549
v 0.00487012 -0.09211767 -0.22858822 0.34901961 0.37647059 0.52156863
v 0.00514466 -0.09211767 -0.22176468 0.32156863 0.35294118 0.50588235
v 0.00535452 -0.09211767 -0.21494114 0.31372549 0.36078431 0.51764706
v 0.00676984 -0.09211767 -0.20811766 0.30196078 0.35686275 0.52941176
v 0.00663644 -0.09211767 -0.20129412 0.30196078 0.36470588 0.54117647
v 0.00625437 -0.09211767 -0.19447058 0.31372549 0.36078431 0.51372549
v 0.00641698 -0.09211767 -0.18764704 0.32941176 0.35686275 0.50588235
v 0.01023537 -0.09790379 -0.18082350 0.32156863 0.36078431 0.48627451
v 0.00709140 -0.09211767 -0.18082350 0.33333333 0.35686275 0.49803922
v 0.01023537 -0.09717757 -0.17399997 0.32549020 0.37254902 0.49803922
v 0.00739634 -0.09211767 -0.17399997 0.33725490 0.36470588 0.50196078
v 0.01023537 -0.09788221 -0.16717649 0.32941176 0.35686275 0.49019608
v 0.00751573 -0.09211767 -0.16717649 0.32941176 0.35294118 0.49803922
v 0.01023537 -0.09811044 -0.16035295 0.33725490 0.37254902 0.51372549
v 0.00776970 -0.09211767 -0.16035295 0.32549020 0.36078431 0.50980392
v 0.01023537 -0.09297150 -0.15352941 0.31372549 0.35686275 0.54509804
v 0.00991786 -0.09211767 -0.15352941 0.32156863 0.36078431 0.54117647
v 0.01023537 -0.09212273 -0.14670587 0.32941176 0.36470588 0.54901961
v 0.01023304 -0.09211767 -0.14670587 0.32941176 0.36470588 0.54901961
v 0.01023537 -0.09463334 -0.13988233 0.30980392 0.36078431 0.52941176
v 0.00904244 -0.09211767 -0.13988233 0.32941176 0.36470588 0.51764706
v 0.01023537 -0.09546572 -0.13305885 0.32156863 0.36470588 0.50588235
v 0.00825846 -0.09211767 -0.13305885 0.34117647 0.36862745 0.50588235
v 0.01023537 -0.09376222 -0.12623531 0.33333333 0.36470588 0.49411765
v 0.00925577 -0.09211767 -0.12623531 0.34117647 0.36862745 0.49803922
v 0.01023537 -0.09211767 -0.11989975 0.33333333 0.37254902 0.49411765
v 0.00341183 -0.09111047 -0.45376471 0.20784314 0.26274510 0.40784314
v 0.00341183 -0.08529413 -0.45787913 0.14509804 0.16862745 0.25490196
v 0.00788563 -0.08529413 -0.45376471 0.21960784 0.26666667 0.40000000
v 0.01013869 -0.08529413 -0.44694117 0.21960784 0.29803922 0.49411765
v 0.01023537 -0.08529413 -0.44671625 0.22352941 0.30196078 0.50196078
v 0.00341183 -0.08804685 -0.27635294 0.32156863 0.34117647 0.51372549
v 0.00419933 -0.08529413 -0.27635294 0.32156863 0.34901961 0.51764706
v 0.00341183 -0.08529413 -0.27826053 0.31764706 0.34117647 0.51372549
v 0.00341183 -0.08708334 -0.26952940 0.32549020 0.35686275 0.52156863
v 0.00399458 -0.08529413 -0.26952940 0.33725490 0.36078431 0.52156863
v 0.00341183 -0.09161186 -0.26270586 0.29019608 0.38039216 0.56078431
v 0.00341183 -0.08529413 -0.26667970 0.34117647 0.36078431 0.51764706
v 0.00341183 -0.09066123 -0.25588232 0.29803922 0.38823529 0.56470588
v 0.00499392 -0.08529413 -0.24905878 0.34901961 0.36470588 0.51764706
v 0.00341183 -0.08529413 -0.25152624 0.34901961 0.36862745 0.51372549
v 0.00611883 -0.08529413 -0.24223530 0.34901961 0.37254902 0.52549020
v 0.00584251 -0.08529413 -0.23541176 0.32549020 0.35686275 0.50588235
v 0.00529355 -0.08529413 -0.22858822 0.32941176 0.35686275 0.50588235
v 0.00789821 -0.08529413 -0.22176468 0.33333333 0.36078431 0.50980392
v 0.00839508 -0.08529413 -0.21494114 0.35686275 0.37254902 0.51764706
v 0.00515085 -0.08529413 -0.20811766 0.36078431 0.37254902 0.50196078
v 0.00454831 -0.08529413 -0.20129412 0.36862745 0.38039216 0.50588235
v 0.00850594 -0.08529413 -0.19447058 0.36470588 0.37647059 0.52156863
v 0.00944316 -0.08529413 -0.18764704 0.35686275 0.39215686 0.53725490
v 0.00800759 -0.08529413 -0.18082350 0.32549020 0.36470588 0.50588235
v 0.00757796 -0.08529413 -0.17399997 0.32549020 0.36470588 0.50588235
v 0.01023537 -0.08645731 -0.16717649 0.33725490 0.37254902 0.52156863
v 0.01023537 -0.08529413 -0.16834831 0.34117647 0.38039216 0.52941176
v 0.01023537 -0.08748615 -0.16035295 0.35686275 0.36470588 0.51764706
v 0.01023537 -0.08529413 -0.15744811 0.38823529 0.39215686 0.54117647
v 0.00838190 -0.08529413 -0.15352941 0.38039216 0.37647059 0.51764706
v 0.00774562 -0.08529413 -0.14670587 0.38431373 0.37647059 0.51372549
v 0.01023537 -0.08926660 -0.13988233 0.36078431 0.36078431 0.51372549
v 0.01023537 -0.08529413 -0.14243078 0.38823529 0.38823529 0.53333333
v 0.01023537 -0.08842593 -0.13305885 0.34117647 0.36470588 0.50588235
v 0.01023537 -0.08818060 -0.12623531 0.33333333 0.38039216 0.50980392
v 0.00341183 -0.07847059 -0.45652071 0.06666667 0.07843137 0.13333333
v 0.00662231 -0.07847059 -0.45376471 0.18431373 0.21960784 0.30588235
v 0.01023537 -0.08362645 -0.44694117 0.23137255 0.30980392 0.49411765
v 0.01023537 -0.07847059 -0.44975394 0.20784314 0.26274510 0.38823529
v 0.00341183 -0.07875258 -0.29682350 0.44705882 0.48627451 0.61960784
v 0.00342643 -0.07847059 -0.29682350 0.45098039 0.49019608 0.62352941
v 0.00341183 -0.07847059 -0.29699743 0.45490196 0.49411765 0.62745098
v 0.00341183 -0.07847059 -0.29661739 0.44705882 0.48627451 0.62352941
v 0.00423890 -0.07847059 -0.27635294 0.40784314 0.45098039 0.59607843
v 0.00341183 -0.07847059 -0.27936774 0.32941176 0.36470588 0.53333333
v 0.00399178 -0.07847059 -0.26952940 0.50196078 0.53725490 0.64313725
v 0.00341183 -0.07984239 -0.26270586 0.37647059 0.39607843 0.51764706
v 0.00350845 -0.07847059 -0.26270586 0.39607843 0.42352941 0.53333333
v 0.00341183 -0.07847059 -0.26114219 0.37254902 0.40392157 0.50980392
v 0.00463885 -0.07847059 -0.24905878 0.45882353 0.48627451 0.59215686
v 0.00341183 -0.07847059 -0.25412554 0.38039216 0.40784314 0.51372549
v 0.00553906 -0.07847059 -0.24223530 0.49019608 0.52549020 0.63529412
v 0.00516671 -0.07847059 -0.23541176 0.33725490 0.36862745 0.52549020
v 0.00475645 -0.07847059 -0.22858822 0.32156863 0.35294118 0.51372549
v 0.00707525 -0.07847059 -0.22176468 0.41176471 0.45882353 0.58431373
v 0.00617510 -0.07847059 -0.21494114 0.48627451 0.51372549 0.61568627
v 0.00473738 -0.07847059 -0.20811766 0.40000000 0.41568627 0.51372549
v 0.00439054 -0.07847059 -0.20129412 0.38823529 0.40784314 0.50196078
v 0.00614381 -0.07847059 -0.19447058 0.45490196 0.47843137 0.58039216
v 0.00758177 -0.07847059 -0.18764704 0.46274510 0.50588235 0.61568627
v 0.00680900 -0.07847059 -0.18082350 0.34901961 0.39215686 0.53725490
v 0.00665408 -0.07847059 -0.17399997 0.34117647 0.38431373 0.53725490
v 0.01023537 -0.08313370 -0.16717649 0.38039216 0.42745098 0.56470588
v 0.00884914 -0.07847059 -0.16717649 0.46274510 0.51764706 0.63137255
v 0.01023537 -0.08331645 -0.16035295 0.43921569 0.45882353 0.59215686
v 0.00767636 -0.07847059 -0.16035295 0.52156863 0.54901961 0.63921569
v 0.00636137 -0.07847059 -0.15352941 0.42745098 0.43529412 0.53333333
v 0.00607097 -0.07847059 -0.14670587 0.41176471 0.41568627 0.51372549
v 0.01023537 -0.08276439 -0.13988233 0.43921569 0.45490196 0.58431373
v 0.00796801 -0.07847059 -0.13988233 0.50588235 0.52941176 0.62352941
v 0.01023537 -0.07983816 -0.13305885 0.47843137 0.52941176 0.63921569
v 0.00974125 -0.07847059 -0.13305885 0.50196078 0.55294118 0.65098039
v 0.01023537 -0.08355361 -0.12623531 0.34901961 0.40784314 0.53725490
v 0.00851756 -0.07847059 -0.12623531 0.38431373 0.43921569 0.56862745
v 0.01023537 -0.08293235 -0.11941177 0.34509804 0.40392157 0.53333333
v 0.00879002 -0.07847059 -0.11941177 0.37647059 0.43137255 0.56470588
v 0.01023537 -0.08124548 -0.11258823 0.47843137 0.51764706 0.62352941
v 0.00885308 -0.07847059 -0.11258823 0.50980392 0.54901961 0.64313725
v 0.01023537 -0.08268851 -0.10576469 0.47450980 0.47450980 0.58431373
v 0.00745940 -0.07847059 -0.10576469 0.50588235 0.50980392 0.60000000
v 0.01023537 -0.08248550 -0.09894115 0.45882353 0.42352941 0.53333333
v 0.00807416 -0.07847059 -0.09894115 0.47843137 0.45882353 0.54901961
v 0.01023537 -0.08249140 -0.09211767 0.46666667 0.43137255 0.52941176
v 0.00781429 -0.07847059 -0.09211767 0.47843137 0.46274510 0.54117647
v 0.01023537 -0.08229560 -0.08529413 0.47058824 0.45882353 0.54901961
v 0.00736076 -0.07847059 -0.08529413 0.47843137 0.48235294 0.56078431
v 0.01023537 -0.08262175 -0.07847059 0.45490196 0.47450980 0.55294118
v 0.00724459 -0.07847059 -0.07847059 0.45490196 0.48235294 0.56078431
v 0.01023537 -0.08253103 -0.07164705 0.44313725 0.48627451 0.55686275
v 0.00703895 -0.07847059 -0.07164705 0.45098039 0.48627451 0.56470588
v 0.01023537 -0.08148682 -0.06482351 0.45490196 0.49411765 0.55294118
v 0.00768858 -0.07847059 -0.06482351 0.45882353 0.49019608 0.55686275
v 0.01023537 -0.07847059 -0.05875325 0.49411765 0.50588235 0.53725490
v 0.01023537 -0.08214414 0.01023537 0.41960784 0.41960784 0.50196078
v 0.00736833 -0.07847059 0.01023537 0.43529412 0.45490196 0.52941176
v 0.01023537 -0.07847059 0.00397664 0.49019608 0.50196078 0.56862745
v 0.01023537 -0.08082175 0.01705885 0.42745098 0.41960784 0.51372549
v 0.00859869 -0.07847059 0.01705885 0.43529412 0.44313725 0.52941176
v 0.01023537 -0.07847059 0.01973850 0.45098039 0.45490196 0.54901961
v 0.00341183 -0.07474416 -0.45376471 0.14117647 0.16078431 0.22745098
v 0.00341183 -0.07164705 -0.45331228 0.13725490 0.15294118 0.21176471
v 0.01023537 -0.07164705 -0.45058891 0.21176471 0.25098039 0.33333333
v 0.00341183 -0.07832778 -0.29682350 0.45490196 0.49411765 0.62745098
v 0.00371033 -0.07164705 -0.27635294 0.47843137 0.52941176 0.65098039
v 0.00341183 -0.07164705 -0.27962774 0.36078431 0.41176471 0.57647059
v 0.00341183 -0.07164705 -0.27352810 0.56470588 0.60784314 0.69019608
v 0.00341183 -0.07512385 -0.26952940 0.56470588 0.60000000 0.67450980
v 0.00341183 -0.07758194 -0.26270586 0.40784314 0.43921569 0.54117647
v 0.00358826 -0.07164705 -0.24905878 0.55686275 0.59607843 0.64705882
v 0.00341183 -0.07164705 -0.25078809 0.51764706 0.56078431 0.61568627
v 0.00439614 -0.07164705 -0.24223530 0.57647059 0.61176471 0.68627451
v 0.00485474 -0.07164705 -0.23541176 0.36862745 0.41568627 0.56862745
v 0.00457048 -0.07164705 -0.22858822 0.34509804 0.38431373 0.55294118
v 0.00535059 -0.07164705 -0.22176468 0.46666667 0.51372549 0.62352941
v 0.00431424 -0.07164705 -0.21494114 0.57647059 0.60392157 0.65490196
v 0.00375342 -0.07164705 -0.20811766 0.42745098 0.46274510 0.52156863
v 0.00366455 -0.07164705 -0.20129412 0.41960784 0.45490196 0.50588235
v 0.00436795 -0.07164705 -0.19447058 0.53333333 0.56078431 0.61568627
v 0.00517184 -0.07164705 -0.18764704 0.54117647 0.57647059 0.65882353
v 0.00571114 -0.07164705 -0.18082350 0.39215686 0.44313725 0.58823529
v 0.00563645 -0.07164705 -0.17399997 0.40392157 0.45490196 0.60784314
v 0.00588495 -0.07164705 -0.16717649 0.54901961 0.59215686 0.67843137
v 0.00483060 -0.07164705 -0.16035295 0.58823529 0.61176471 0.66666667
v 0.00472856 -0.07164705 -0.15352941 0.45098039 0.47450980 0.53333333
v 0.00466925 -0.07164705 -0.14670587 0.43921569 0.46666667 0.51764706
v 0.00491858 -0.07164705 -0.13988233 0.56078431 0.58431373 0.63921569
v 0.00597674 -0.07164705 -0.13305885 0.57647059 0.61568627 0.68627451
v 0.00635135 -0.07164705 -0.12623531 0.44313725 0.49803922 0.62745098
v 0.00651115 -0.07164705 -0.11941177 0.44313725 0.49803922 0.63137255
v 0.00513780 -0.07164705 -0.11258823 0.54509804 0.56862745 0.65882353
v 0.00463259 -0.07164705 -0.10576469 0.52941176 0.53725490 0.60784314
v 0.00501841 -0.07164705 -0.09894115 0.47450980 0.47843137 0.54117647
v 0.00489211 -0.07164705 -0.09211767 0.47450980 0.47450980 0.53333333
v 0.00443453 -0.07164705 -0.08529413 0.47450980 0.49411765 0.56862745
v 0.00459093 -0.07164705 -0.07847059 0.45490196 0.49019608 0.57647059
v 0.00446463 -0.07164705 -0.07164705 0.44705882 0.49803922 0.59215686
v 0.00480187 -0.07164705 -0.06482351 0.45098039 0.49803922 0.58039216
v 0.01023537 -0.07819635 -0.05799997 0.50196078 0.50588235 0.53333333
v 0.00578237 -0.07164705 -0.05799997 0.48627451 0.49803922 0.53725490
v 0.01023537 -0.07242012 -0.05117649 0.51372549 0.51372549 0.51372549
v 0.00965238 -0.07164705 -0.05117649 0.51372549 0.50980392 0.50980392
v 0.01023537 -0.07164705 -0.05048293 0.51372549 0.50980392 0.50588235
v 0.01023537 -0.07691032 -0.01705885 0.23137255 0.27450980 0.34117647
v 0.00635910 -0.07164705 -0.01705885 0.26666667 0.30980392 0.40392157
v 0.01023537 -0.07164705 -0.02209848 0.26274510 0.30588235 0.36470588
v 0.01023537 -0.07775635 -0.01023531 0.23921569 0.28627451 0.36078431
v 0.00679284 -0.07164705 -0.01023531 0.26274510 0.31764706 0.42745098
v 0.01023537 -0.07645154 -0.00341177 0.44313725 0.49019608 0.56862745
v 0.00601155 -0.07164705 -0.00341177 0.43137255 0.48235294 0.57647059
v 0.01023537 -0.07829708 0.00341183 0.49019608 0.50588235 0.57254902
v 0.00524896 -0.07164705 0.00341183 0.47450980 0.51372549 0.58431373
v 0.00501043 -0.07164705 0.01023537 0.47058824 0.50588235 0.56470588
v 0.00588059 -0.07164705 0.01705885 0.47450980 0.50588235 0.56862745
v 0.01023537 -0.07467473 0.02388239 0.48235294 0.52549020 0.61960784
v 0.00834501 -0.07164705 0.02388239 0.48627451 0.52941176 0.62352941
v 0.01023537 -0.07164705 0.02856189 0.49019608 0.56470588 0.67058824
v 0.00341183 -0.06482351 -0.45349497 0.20392157 0.21176471 0.25490196
v 0.01023537 -0.06482351 -0.45093822 0.18823529 0.21176471 0.28235294
v 0.00372118 -0.06482351 -0.27635294 0.50196078 0.55294118 0.66274510
v 0.00341183 -0.06482351 -0.28122258 0.37254902 0.41960784 0.59215686
v 0.00341183 -0.06482351 -0.27388483 0.57647059 0.61960784 0.69803922
v 0.00353253 -0.06482351 -0.24905878 0.56470588 0.60392157 0.65098039
v 0.00341183 -0.06482351 -0.25004292 0.54117647 0.58431373 0.63529412
v 0.00439483 -0.06482351 -0.24223530 0.59215686 0.62745098 0.69411765
v 0.00472701 -0.06482351 -0.23541176 0.38823529 0.43137255 0.58431373
v 0.00453645 -0.06482351 -0.22858822 0.36078431 0.40000000 0.56470588
v 0.00529546 -0.06482351 -0.22176468 0.50196078 0.54901961 0.64705882
v 0.00416124 -0.06482351 -0.21494114 0.58431373 0.61176471 0.66274510
v 0.00344771 -0.06482351 -0.20811766 0.43529412 0.47058824 0.52941176
v 0.00341183 -0.06482351 -0.20650411 0.42352941 0.46274510 0.51372549
v 0.00341183 -0.06716985 -0.20129412 0.43137255 0.46666667 0.50588235
v 0.00421685 -0.06482351 -0.19447058 0.54117647 0.56862745 0.62352941
v 0.00341183 -0.06482351 -0.20059824 0.43137255 0.46666667 0.52156863
v 0.00511676 -0.06482351 -0.18764704 0.57254902 0.60784314 0.67843137
v 0.00568485 -0.06482351 -0.18082350 0.43529412 0.48235294 0.61960784
v 0.00579149 -0.06482351 -0.17399997 0.44313725 0.49411765 0.63529412
v 0.00571007 -0.06482351 -0.16717649 0.58039216 0.61960784 0.69411765
v 0.00460368 -0.06482351 -0.16035295 0.59607843 0.61960784 0.66666667
v 0.00417358 -0.06482351 -0.15352941 0.45882353 0.48627451 0.54117647
v 0.00402701 -0.06482351 -0.14670587 0.44705882 0.47450980 0.52549020
v 0.00456458 -0.06482351 -0.13988233 0.56862745 0.58823529 0.63921569
v 0.00550598 -0.06482351 -0.13305885 0.59215686 0.62352941 0.69019608
v 0.00599146 -0.06482351 -0.12623531 0.48627451 0.53333333 0.65098039
v 0.00605804 -0.06482351 -0.11941177 0.49411765 0.54117647 0.65882353
v 0.00482404 -0.06482351 -0.11258823 0.56078431 0.58431373 0.66274510
v 0.00419390 -0.06482351 -0.10576469 0.53333333 0.54117647 0.60784314
v 0.00435573 -0.06482351 -0.09894115 0.47843137 0.48627451 0.54117647
v 0.00420654 -0.06482351 -0.09211767 0.47450980 0.48235294 0.53725490
v 0.00382000 -0.06482351 -0.08529413 0.47843137 0.50196078 0.57254902
v 0.00399590 -0.06482351 -0.07847059 0.45882353 0.49803922 0.58039216
v 0.00399375 -0.06482351 -0.07164705 0.45098039 0.50196078 0.59607843
v 0.00431132 -0.06482351 -0.06482351 0.45882353 0.50196078 0.58431373
v 0.00518250 -0.06482351 -0.05799997 0.49019608 0.50196078 0.53725490
v 0.00853133 -0.06482351 -0.05117649 0.51764706 0.51372549 0.50980392
v 0.01023537 -0.06482351 -0.04886240 0.52941176 0.51764706 0.50196078
v 0.01023537 -0.06544644 -0.02388233 0.32156863 0.35686275 0.40000000
v 0.00994462 -0.06482351 -0.02388233 0.32941176 0.36470588 0.40392157
v 0.01023537 -0.06482351 -0.02433580 0.33725490 0.36862745 0.40392157
v 0.00554001 -0.06482351 -0.01705885 0.32156863 0.36470588 0.45490196
v 0.00555885 -0.06482351 -0.01023531 0.36470588 0.41960784 0.52549020
v 0.00485837 -0.06482351 -0.00341177 0.47058824 0.51764706 0.59607843
v 0.00462413 -0.06482351 0.00341183 0.47450980 0.51372549 0.57647059
v 0.00427586 -0.06482351 0.01023537 0.50588235 0.54901961 0.59607843
v 0.00515026 -0.06482351 0.01705885 0.50980392 0.54117647 0.59607843
v 0.00740725 -0.06482351 0.02388239 0.49803922 0.53725490 0.61568627
v 0.01023537 -0.06482351 0.02962393 0.49411765 0.56862745 0.66666667
v 0.00341183 -0.06354755 -0.45376471 0.23529412 0.23921569 0.28235294
v 0.00341183 -0.05799997 -0.45931524 0.23529412 0.23529412 0.26666667
v 0.00744444 -0.05799997 -0.45376471 0.31372549 0.31764706 0.37254902
v 0.01023537 -0.05799997 -0.45250800 0.44313725 0.45882353 0.51372549
v 0.00374734 -0.05799997 -0.27635294 0.42352941 0.45882353 0.59215686
v 0.00341183 -0.05799997 -0.27971387 0.38823529 0.42745098 0.57647059
v 0.00341183 -0.06018519 -0.26952940 0.55686275 0.58431373 0.66666667
v 0.00374848 -0.05799997 -0.26952940 0.49411765 0.51764706 0.62352941
v 0.00341183 -0.05799997 -0.26733375 0.46274510 0.48627451 0.59215686
v 0.00409997 -0.05799997 -0.24905878 0.44313725 0.46274510 0.56862745
v 0.00341183 -0.05799997 -0.25079018 0.41176471 0.43529412 0.54117647
v 0.00461251 -0.05799997 -0.24223530 0.47058824 0.49411765 0.60784314
v 0.00431961 -0.05799997 -0.23541176 0.38823529 0.41960784 0.56078431
v 0.00419080 -0.05799997 -0.22858822 0.37647059 0.40784314 0.55686275
v 0.00538546 -0.05799997 -0.22176468 0.42745098 0.45882353 0.58431373
v 0.00490290 -0.05799997 -0.21494114 0.46274510 0.48235294 0.58823529
v 0.00341183 -0.05799997 -0.20889920 0.41176471 0.43529412 0.53725490
v 0.00341183 -0.06349075 -0.20811766 0.43137255 0.46666667 0.53333333
v 0.00479251 -0.05799997 -0.19447058 0.44705882 0.46274510 0.56078431
v 0.00341183 -0.05799997 -0.19904166 0.41960784 0.44313725 0.53725490
v 0.00576538 -0.05799997 -0.18764704 0.48235294 0.50588235 0.61176471
v 0.00573599 -0.05799997 -0.18082350 0.41960784 0.45882353 0.59215686
v 0.00574702 -0.05799997 -0.17399997 0.41960784 0.46274510 0.59607843
v 0.00663459 -0.05799997 -0.16717649 0.49019608 0.51764706 0.61960784
v 0.00594437 -0.05799997 -0.16035295 0.49803922 0.50588235 0.60000000
v 0.00415313 -0.05799997 -0.15352941 0.44705882 0.46274510 0.55294118
v 0.00378734 -0.05799997 -0.14670587 0.43529412 0.45490196 0.53725490
v 0.00542301 -0.05799997 -0.13988233 0.49411765 0.49803922 0.58823529
v 0.00615740 -0.05799997 -0.13305885 0.52549020 0.54117647 0.63137255
v 0.00671524 -0.05799997 -0.12623531 0.45882353 0.49411765 0.60392157
v 0.00650203 -0.05799997 -0.11941177 0.46666667 0.50588235 0.61568627
v 0.00561982 -0.05799997 -0.11258823 0.50980392 0.52941176 0.61176471
v 0.00479680 -0.05799997 -0.10576469 0.49411765 0.50196078 0.57254902
v 0.00412762 -0.05799997 -0.09894115 0.48627451 0.49803922 0.55686275
v 0.00387263 -0.05799997 -0.09211767 0.48235294 0.49019608 0.54509804
v 0.00421435 -0.05799997 -0.08529413 0.48627451 0.49803922 0.55686275
v 0.00440300 -0.05799997 -0.07847059 0.47058824 0.48627451 0.55686275
v 0.00456882 -0.05799997 -0.07164705 0.46274510 0.48235294 0.56078431
v 0.00520664 -0.05799997 -0.06482351 0.46666667 0.48627451 0.54509804
v 0.00655979 -0.05799997 -0.05799997 0.50980392 0.49411765 0.51372549
v 0.01023537 -0.05957574 -0.05117649 0.52941176 0.51372549 0.50196078
v 0.01023537 -0.05799997 -0.05176288 0.52549020 0.50588235 0.49803922
v 0.01023537 -0.06367892 -0.02388233 0.34901961 0.38039216 0.41568627
v 0.01023537 -0.05799997 -0.02099717 0.38823529 0.41960784 0.45490196
v 0.00858998 -0.05799997 -0.01705885 0.37254902 0.41568627 0.46666667
v 0.00754267 -0.05799997 -0.01023531 0.47843137 0.52549020 0.58431373
v 0.00604784 -0.05799997 -0.00341177 0.52549020 0.55686275 0.60392157
v 0.00614971 -0.05799997 0.00341183 0.52549020 0.54509804 0.58823529
v 0.00629914 -0.05799997 0.01023537 0.52156863 0.53725490 0.57254902
v 0.00779414 -0.05799997 0.01705885 0.52941176 0.53333333 0.56862745
v 0.01023537 -0.05948877 0.02388239 0.52549020 0.54901961 0.60392157
v 0.01023537 -0.05799997 0.02205098 0.52941176 0.54117647 0.58823529
v 0.00341183 -0.05293888 -0.46741176 0.21568627 0.21176471 0.23529412
v 0.00341183 -0.05117649 -0.46931699 0.22745098 0.21960784 0.23921569
v 0.00534576 -0.05117649 -0.46741176 0.26666667 0.25490196 0.27843137
v 0.00341183 -0.05625993 -0.46058825 0.25098039 0.24705882 0.27843137
v 0.00654495 -0.05117649 -0.46058825 0.21568627 0.20000000 0.24313725
v 0.01023537 -0.05121559 -0.45376471 0.56470588 0.56078431 0.59607843
v 0.01023537 -0.05117649 -0.45379901 0.56470588 0.56078431 0.59607843
v 0.00341183 -0.05691499 -0.27635294 0.40784314 0.43529412 0.57647059
v 0.00341183 -0.05689418 -0.26952940 0.45098039 0.47058824 0.58823529
v 0.00341183 -0.05593395 -0.24905878 0.39607843 0.40784314 0.52549020
v 0.00341183 -0.05502784 -0.24223530 0.38431373 0.39607843 0.52941176
v 0.00341183 -0.05462575 -0.23541176 0.38431373 0.40392157 0.54901961
v 0.00341183 -0.05436182 -0.22858822 0.38823529 0.40784314 0.55294118
v 0.00341183 -0.05369008 -0.22176468 0.37647059 0.38823529 0.52549020
v 0.00341183 -0.05355752 -0.21494114 0.39215686 0.40000000 0.52156863
v 0.00341183 -0.05220848 -0.19447058 0.40000000 0.40392157 0.52549020
v 0.00342518 -0.05117649 -0.18764704 0.38823529 0.38823529 0.52156863
v 0.00341183 -0.05117649 -0.18796241 0.38823529 0.39215686 0.52156863
v 0.00408524 -0.05117649 -0.18082350 0.39215686 0.40000000 0.53725490
v 0.00438559 -0.05117649 -0.17399997 0.39607843 0.40392157 0.54117647
v 0.00423062 -0.05117649 -0.16717649 0.39607843 0.39215686 0.51764706
v 0.00452214 -0.05117649 -0.16035295 0.41176471 0.40392157 0.52156863
v 0.00346017 -0.05117649 -0.15352941 0.41176471 0.43137255 0.54509804
v 0.00341183 -0.05117649 -0.15009505 0.40392157 0.45098039 0.56862745
v 0.00341183 -0.05191046 -0.14670587 0.41960784 0.43921569 0.54901961
v 0.00523621 -0.05117649 -0.13988233 0.42745098 0.41960784 0.53333333
v 0.00341183 -0.05117649 -0.14633012 0.41568627 0.43921569 0.55294118
v 0.00538206 -0.05117649 -0.13305885 0.42745098 0.41960784 0.52941176
v 0.00554043 -0.05117649 -0.12623531 0.42352941 0.43137255 0.54117647
v 0.00608927 -0.05117649 -0.11941177 0.41960784 0.43921569 0.54117647
v 0.00585473 -0.05117649 -0.11258823 0.43921569 0.45098039 0.54117647
v 0.00563693 -0.05117649 -0.10576469 0.46274510 0.46666667 0.54509804
v 0.00391918 -0.05117649 -0.09894115 0.46666667 0.47450980 0.53725490
v 0.00381482 -0.05117649 -0.09211767 0.47058824 0.48235294 0.53725490
v 0.00525850 -0.05117649 -0.08529413 0.46274510 0.46274510 0.52156863
v 0.00597912 -0.05117649 -0.07847059 0.46666667 0.46666667 0.52549020
v 0.00691170 -0.05117649 -0.07164705 0.46274510 0.46666667 0.52156863
v 0.00891221 -0.05117649 -0.06482351 0.44705882 0.45490196 0.49803922
v 0.01023537 -0.05204993 -0.05799997 0.49411765 0.47058824 0.47843137
v 0.01023537 -0.05117649 -0.06081110 0.47450980 0.45882353 0.48235294
v 0.00942802 -0.05117649 -0.01705885 0.45098039 0.47058824 0.49019608
v 0.01023537 -0.05117649 -0.01907891 0.45490196 0.47058824 0.48627451
v 0.00740409 -0.05117649 -0.01023531 0.51764706 0.53333333 0.56470588
v 0.00848478 -0.05117649 -0.00341177 0.53333333 0.54509804 0.57647059
v 0.00979894 -0.05117649 0.00341183 0.53725490 0.53333333 0.55686275
v 0.01023537 -0.05155963 0.01023537 0.54117647 0.52156863 0.54509804
v 0.01023537 -0.05117649 0.00656718 0.54117647 0.52549020 0.54901961
v 0.01023537 -0.05324650 0.01705885 0.54509804 0.52549020 0.55294118
v 0.00341183 -0.04757053 -0.47423530 0.23921569 0.22745098 0.24705882
v 0.00341183 -0.04435295 -0.47752339 0.27450980 0.26666667 0.28627451
v 0.00672126 -0.04435295 -0.47423530 0.28235294 0.27058824 0.29019608
v 0.00672221 -0.04435295 -0.46741176 0.21176471 0.18823529 0.21960784
v 0.00855976 -0.04435295 -0.46058825 0.43921569 0.41568627 0.46666667
v 0.01023537 -0.04435295 -0.45811972 0.53725490 0.51764706 0.55686275
v 0.00341183 -0.05110425 -0.18764704 0.38823529 0.38823529 0.52156863
v 0.00341183 -0.04922730 -0.18082350 0.40000000 0.40392157 0.53725490
v 0.00341183 -0.04895073 -0.17399997 0.41568627 0.42745098 0.54901961
v 0.00341183 -0.04577565 -0.16717649 0.38431373 0.37647059 0.50980392
v 0.00341183 -0.04739600 -0.16035295 0.39215686 0.39607843 0.52156863
v 0.00424761 -0.04435295 -0.15352941 0.37254902 0.45882353 0.60000000
v 0.00341183 -0.04435295 -0.15759742 0.36078431 0.40784314 0.54117647
v 0.00341183 -0.05056775 -0.14670587 0.40784314 0.44313725 0.56078431
v 0.00390995 -0.04435295 -0.14670587 0.39215686 0.49411765 0.62745098
v 0.00383204 -0.04435295 -0.13988233 0.37254902 0.40784314 0.53333333
v 0.00434536 -0.04435295 -0.13305885 0.39607843 0.38431373 0.50588235
v 0.00402063 -0.04435295 -0.12623531 0.44705882 0.45490196 0.54901961
v 0.00386429 -0.04435295 -0.11941177 0.47058824 0.48627451 0.56862745
v 0.00564533 -0.04435295 -0.11258823 0.40784314 0.40784314 0.49803922
v 0.00471818 -0.04435295 -0.10576469 0.42352941 0.43921569 0.51764706
v 0.00436980 -0.04435295 -0.09894115 0.43921569 0.49411765 0.56470588
v 0.00420314 -0.04435295 -0.09211767 0.45490196 0.50980392 0.56862745
v 0.00636572 -0.04435295 -0.08529413 0.44705882 0.45098039 0.50588235
v 0.01023537 -0.04445827 -0.07847059 0.43529412 0.42352941 0.48235294
v 0.01023537 -0.04435295 -0.07862723 0.43529412 0.42352941 0.47843137
v 0.01023537 -0.04627246 -0.07164705 0.42352941 0.41960784 0.47058824
v 0.01023537 -0.04872328 -0.06482351 0.42352941 0.41960784 0.45882353
v 0.00984603 -0.04435295 -0.01705885 0.49803922 0.49411765 0.49019608
v 0.01023537 -0.04435295 -0.01824689 0.50196078 0.49411765 0.49019608
v 0.00900024 -0.04435295 -0.01023531 0.49411765 0.49411765 0.49803922
v 0.01023537 -0.04507476 -0.00341177 0.49803922 0.49411765 0.50588235
v 0.01023537 -0.04435295 -0.00452930 0.49019608 0.49019608 0.50196078
v 0.01023537 -0.04582030 0.00341183 0.50588235 0.49411765 0.50980392
v 0.01023537 -0.04435295 0.00541347 0.49411765 0.49411765 0.51764706
v 0.00993001 -0.04435295 0.01023537 0.49803922 0.50588235 0.53333333
v 0.01023537 -0.04682386 0.01023537 0.52156863 0.50196078 0.52941176
v 0.01023537 -0.04435295 0.01194888 0.50196078 0.50588235 0.53725490
v 0.00341183 -0.04035753 -0.48105884 0.29019608 0.28235294 0.30980392
v 0.00341183 -0.03752941 -0.48365566 0.26274510 0.24705882 0.27450980
v 0.00619733 -0.03752941 -0.48105884 0.32156863 0.30980392 0.32941176
v 0.00740212 -0.03752941 -0.47423530 0.25098039 0.22352941 0.24705882
v 0.00745887 -0.03752941 -0.46741176 0.35294118 0.31764706 0.36078431
v 0.01023537 -0.04016882 -0.46058825 0.54117647 0.52941176 0.56862745
v 0.01023537 -0.03752941 -0.46274623 0.60784314 0.57647059 0.60000000
v 0.00403047 -0.03752941 -0.15352941 0.37647059 0.46666667 0.60392157
v 0.00341183 -0.03752941 -0.15659362 0.35686275 0.41568627 0.55294118
v 0.00374860 -0.03752941 -0.14670587 0.39607843 0.50196078 0.62745098
v 0.00380176 -0.03752941 -0.13988233 0.37647059 0.41176471 0.53725490
v 0.00411236 -0.03752941 -0.13305885 0.40000000 0.39215686 0.50980392
v 0.00371230 -0.03752941 -0.12623531 0.45098039 0.45882353 0.54901961
v 0.00358719 -0.03752941 -0.11941177 0.47450980 0.49019608 0.56862745
v 0.00550151 -0.03752941 -0.11258823 0.40784314 0.40784314 0.49803922
v 0.00470036 -0.03752941 -0.10576469 0.42352941 0.43921569 0.51764706
v 0.00443536 -0.03752941 -0.09894115 0.43921569 0.49019608 0.56078431
v 0.00425440 -0.03752941 -0.09211767 0.45490196 0.50588235 0.56470588
v 0.00659889 -0.03752941 -0.08529413 0.45098039 0.45098039 0.50196078
v 0.01023537 -0.03752941 -0.07929277 0.43921569 0.42352941 0.47058824
v 0.00799227 -0.03752941 -0.01705885 0.55294118 0.54117647 0.52941176
v 0.01023537 -0.03752941 -0.02268028 0.55686275 0.53725490 0.51764706
v 0.00859898 -0.03752941 -0.01023531 0.54901961 0.54901961 0.54117647
v 0.01023537 -0.03752941 -0.00588077 0.54901961 0.54509804 0.54117647
v 0.01023537 -0.04347974 0.01023537 0.49411765 0.50588235 0.53333333
v 0.00341183 -0.03070587 -0.48646191 0.27058824 0.25490196 0.27843137
v 0.00922322 -0.03070587 -0.48105884 0.35686275 0.34117647 0.35686275
v 0.00720423 -0.03070587 -0.47423530 0.27058824 0.23137255 0.25098039
v 0.00900483 -0.03070587 -0.46741176 0.66274510 0.62352941 0.63137255
v 0.01023537 -0.03070587 -0.46656039 0.69803922 0.65882353 0.66274510
v 0.00341183 -0.03181255 -0.16035295 0.41568627 0.41568627 0.52549020
v 0.00359154 -0.03070587 -0.16035295 0.42352941 0.42352941 0.52941176
v 0.00341183 -0.03070587 -0.16418678 0.41176471 0.41176471 0.52549020
v 0.00341183 -0.03416127 -0.15352941 0.38431373 0.44313725 0.56862745
v 0.00341183 -0.03070587 -0.15907025 0.42352941 0.42745098 0.53333333
v 0.00341183 -0.03533918 -0.14670587 0.39607843 0.47843137 0.60392157
v 0.00430983 -0.03070587 -0.13988233 0.43921569 0.43921569 0.53725490
v 0.00341183 -0.03070587 -0.14268947 0.43529412 0.44313725 0.54117647
v 0.00454092 -0.03070587 -0.13305885 0.44313725 0.43921569 0.53725490
v 0.00496399 -0.03070587 -0.12623531 0.43529412 0.43529412 0.53725490
v 0.00566328 -0.03070587 -0.11941177 0.42745098 0.43921569 0.53333333
v 0.00567967 -0.03070587 -0.11258823 0.43921569 0.45490196 0.53725490
v 0.00564653 -0.03070587 -0.10576469 0.45490196 0.47058824 0.54117647
v 0.00419682 -0.03070587 -0.09894115 0.45490196 0.47450980 0.52941176
v 0.00417775 -0.03070587 -0.09211767 0.45882353 0.47058824 0.51764706
v 0.00541997 -0.03070587 -0.08529413 0.47450980 0.47058824 0.50980392
v 0.01023537 -0.03692210 -0.07847059 0.44313725 0.42745098 0.47058824
v 0.00642312 -0.03070587 -0.07847059 0.48235294 0.46666667 0.49803922
v 0.01023537 -0.03070587 -0.07269579 0.45490196 0.43921569 0.45882353
v 0.01023537 -0.03690296 -0.02388233 0.56078431 0.54117647 0.52156863
v 0.00663579 -0.03070587 -0.02388233 0.60000000 0.57254902 0.54901961
v 0.01023537 -0.03070587 -0.02954394 0.56470588 0.51764706 0.49019608
v 0.00468892 -0.03070587 -0.01705885 0.59215686 0.57254902 0.55294118
v 0.00453824 -0.03070587 -0.01023531 0.58431373 0.56862745 0.55686275
v 0.01023537 -0.03686863 -0.00341177 0.55686275 0.55294118 0.54509804
v 0.00585330 -0.03070587 -0.00341177 0.58431373 0.57647059 0.56470588
v 0.01023537 -0.03498638 0.00341183 0.57647059 0.55686275 0.55294118
v 0.00790089 -0.03070587 0.00341183 0.59607843 0.58039216 0.57254902
v 0.01023537 -0.03070587 0.00850469 0.61176471 0.58431373 0.57254902
v 0.00341183 -0.02388233 -0.48764318 0.29019608 0.27843137 0.29411765
v 0.00963342 -0.02388233 -0.48105884 0.35686275 0.33333333 0.34117647
v 0.00770080 -0.02388233 -0.47423530 0.41176471 0.36862745 0.37647059
v 0.01023537 -0.02735788 -0.46741176 0.72549020 0.68627451 0.68235294
v 0.01023537 -0.02388233 -0.47000626 0.72549020 0.68627451 0.67450980
v 0.00341183 -0.02395773 -0.22176468 0.43137255 0.45098039 0.57647059
v 0.00343192 -0.02388233 -0.22176468 0.43137255 0.45490196 0.57647059
v 0.00341183 -0.02388233 -0.22193247 0.42745098 0.45098039 0.57647059
v 0.00341183 -0.02388233 -0.22141981 0.43529412 0.45882353 0.58039216
v 0.00341183 -0.02556163 -0.18764704 0.45882353 0.47450980 0.58431373
v 0.00371206 -0.02388233 -0.18764704 0.49411765 0.51764706 0.61568627
v 0.00341183 -0.02388233 -0.18993497 0.50588235 0.52156863 0.61176471
v 0.00341183 -0.02838540 -0.18082350 0.40392157 0.41960784 0.55294118
v 0.00410473 -0.02388233 -0.18082350 0.41960784 0.44705882 0.58039216
v 0.00341183 -0.02960879 -0.17399997 0.40392157 0.41176471 0.54901961
v 0.00404859 -0.02388233 -0.17399997 0.40784314 0.43529412 0.57254902
v 0.00341183 -0.03004509 -0.16717649 0.40784314 0.40784314 0.52941176
v 0.00481462 -0.02388233 -0.16717649 0.44705882 0.46666667 0.57647059
v 0.00426340 -0.02388233 -0.16035295 0.52549020 0.54117647 0.61960784
v 0.00341183 -0.02388233 -0.15730625 0.49803922 0.51764706 0.59215686
v 0.00395882 -0.02388233 -0.13988233 0.50980392 0.52549020 0.59215686
v 0.00341183 -0.02388233 -0.14153653 0.49803922 0.51372549 0.58039216
v 0.00471598 -0.02388233 -0.13305885 0.52549020 0.52941176 0.60000000
v 0.00556386 -0.02388233 -0.12623531 0.47450980 0.49019608 0.58431373
v 0.00569171 -0.02388233 -0.11941177 0.46274510 0.48627451 0.58431373
v 0.00504589 -0.02388233 -0.11258823 0.49411765 0.51372549 0.58431373
v 0.00490141 -0.02388233 -0.10576469 0.48627451 0.50588235 0.56862745
v 0.00470585 -0.02388233 -0.09894115 0.47058824 0.49411765 0.54509804
v 0.00455278 -0.02388233 -0.09211767 0.47450980 0.49019608 0.52941176
v 0.00413615 -0.02388233 -0.08529413 0.49411765 0.49019608 0.52156863
v 0.00542217 -0.02388233 -0.07847059 0.49411765 0.48235294 0.50196078
v 0.01023537 -0.02403319 -0.07164705 0.47058824 0.45490196 0.46666667
v 0.01020867 -0.02388233 -0.07164705 0.47058824 0.45490196 0.46666667
v 0.01023537 -0.02388233 -0.07159382 0.47058824 0.45490196 0.46274510
v 0.01023537 -0.02731448 -0.03070587 0.55686275 0.50196078 0.47058824
v 0.00911450 -0.02388233 -0.03070587 0.56078431 0.50588235 0.47058824
v 0.01023537 -0.02388233 -0.03268105 0.55686275 0.48627451 0.45098039
v 0.00472593 -0.02388233 -0.02388233 0.60000000 0.56862745 0.54117647
v 0.00347573 -0.02388233 -0.01705885 0.59607843 0.57254902 0.55294118
v 0.00343066 -0.02388233 -0.01023531 0.59215686 0.57647059 0.56078431
v 0.00403059 -0.02388233 -0.00341177 0.59215686 0.58039216 0.56470588
v 0.00484234 -0.02388233 0.00341183 0.59215686 0.58431373 0.56862745
v 0.01023537 -0.03000009 0.01023537 0.61568627 0.58431373 0.57254902
v 0.00613344 -0.02388233 0.01023537 0.60000000 0.58823529 0.57254902
v 0.01023537 -0.02571553 0.01705885 0.62352941 0.59215686 0.56862745
v 0.00905627 -0.02388233 0.01705885 0.61568627 0.59215686 0.56862745
v 0.01023537 -0.02388233 0.01895982 0.61960784 0.58823529 0.56078431
v 0.00341183 -0.02294427 -0.48788235 0.29019608 0.27843137 0.29411765
v 0.00341183 -0.01705885 -0.49087077 0.22352941 0.21960784 0.23137255
v 0.00689924 -0.01705885 -0.48788235 0.32941176 0.32549020 0.32549020
v 0.00926948 -0.01705885 -0.48105884 0.35294118 0.32549020 0.32549020
v 0.00840765 -0.01705885 -0.47423530 0.62745098 0.58039216 0.56078431
v 0.01023537 -0.01705885 -0.47246522 0.75294118 0.70980392 0.68627451
v 0.00341183 -0.02091843 -0.24223530 0.47843137 0.50588235 0.60784314
v 0.00363958 -0.01705885 -0.24223530 0.54117647 0.57647059 0.65882353
v 0.00341183 -0.01705885 -0.24283183 0.55686275 0.59215686 0.66274510
v 0.00341183 -0.01798922 -0.23541176 0.38039216 0.41176471 0.56078431
v 0.00345165 -0.01705885 -0.23541176 0.38431373 0.41176471 0.56470588
v 0.00341183 -0.01705885 -0.23375088 0.37647059 0.40392157 0.56470588
v 0.00393516 -0.01705885 -0.22176468 0.54509804 0.58039216 0.67058824
v 0.00341183 -0.01705885 -0.22629255 0.41176471 0.43921569 0.58823529
v 0.00341183 -0.01705885 -0.22032261 0.57254902 0.60392157 0.67843137
v 0.00359040 -0.01705885 -0.18764704 0.58431373 0.61568627 0.68235294
v 0.00341183 -0.01705885 -0.18819797 0.58823529 0.61568627 0.67843137
v 0.00433838 -0.01705885 -0.18082350 0.43921569 0.47450980 0.61568627
v 0.00404012 -0.01705885 -0.17399997 0.41568627 0.44705882 0.60000000
v 0.00477338 -0.01705885 -0.16717649 0.52549020 0.56078431 0.64705882
v 0.00341183 -0.01705885 -0.16185057 0.60000000 0.61960784 0.66666667
v 0.00341183 -0.01937330 -0.16035295 0.58431373 0.60392157 0.65490196
v 0.00341183 -0.02078301 -0.13988233 0.54901961 0.56862745 0.61960784
v 0.00431174 -0.01705885 -0.13305885 0.59607843 0.60784314 0.65490196
v 0.00341183 -0.01705885 -0.13736445 0.58431373 0.60000000 0.63529412
v 0.00534821 -0.01705885 -0.12623531 0.52549020 0.54509804 0.63529412
v 0.00553882 -0.01705885 -0.11941177 0.49803922 0.52549020 0.62745098
v 0.00403619 -0.01705885 -0.11258823 0.53333333 0.55294118 0.61960784
v 0.00396645 -0.01705885 -0.10576469 0.50980392 0.53333333 0.58823529
v 0.00419658 -0.01705885 -0.09894115 0.48235294 0.50588235 0.54901961
v 0.00407928 -0.01705885 -0.09211767 0.47843137 0.49019608 0.52549020
v 0.00423890 -0.01705885 -0.08529413 0.49019608 0.48627451 0.51372549
v 0.00507349 -0.01705885 -0.07847059 0.50196078 0.48627451 0.50196078
v 0.00825930 -0.01705885 -0.07164705 0.48235294 0.46274510 0.46666667
v 0.01023537 -0.01705885 -0.06780130 0.44313725 0.41960784 0.41960784
v 0.01023537 -0.01885116 -0.04435295 0.62352941 0.51764706 0.47843137
v 0.00961554 -0.01705885 -0.04435295 0.61960784 0.51764706 0.47843137
v 0.01023537 -0.01705885 -0.04588240 0.61176471 0.50980392 0.47058824
v 0.01023537 -0.01705885 -0.04320359 0.65098039 0.54901961 0.50588235
v 0.00790340 -0.01705885 -0.03070587 0.58039216 0.51372549 0.47843137
v 0.01023537 -0.01705885 -0.03413498 0.58431373 0.49411765 0.45490196
v 0.00435126 -0.01705885 -0.02388233 0.60784314 0.56862745 0.54117647
v 0.00341183 -0.01705885 -0.01769930 0.60392157 0.57647059 0.55294118
v 0.00341183 -0.02015728 -0.01705885 0.60000000 0.57647059 0.55686275
v 0.00341183 -0.01712346 -0.01023531 0.60392157 0.58431373 0.56470588
v 0.00380415 -0.01705885 -0.00341177 0.60000000 0.58431373 0.56470588
v 0.00341183 -0.01705885 -0.01023221 0.60392157 0.58431373 0.56470588
v 0.00436211 -0.01705885 0.00341183 0.60000000 0.58431373 0.56470588
v 0.00523591 -0.01705885 0.01023537 0.60392157 0.58823529 0.56078431
v 0.00703460 -0.01705885 0.01705885 0.60784314 0.58431373 0.54901961
v 0.01023537 -0.01705885 0.02261412 0.61960784 0.58823529 0.54509804
v 0.00341183 -0.01023531 -0.49178687 0.20392157 0.20392157 0.21176471
v 0.00809938 -0.01023531 -0.48788235 0.34509804 0.34117647 0.34117647
v 0.00914001 -0.01023531 -0.48105884 0.34117647 0.30980392 0.30980392
v 0.00933367 -0.01023531 -0.47423530 0.72549020 0.68235294 0.65098039
v 0.01023537 -0.01023531 -0.47347692 0.76470588 0.72156863 0.68627451
v 0.00361603 -0.01023531 -0.24223530 0.55686275 0.58823529 0.66274510
v 0.00341183 -0.01023531 -0.24277890 0.57254902 0.60000000 0.66666667
v 0.00342584 -0.01023531 -0.23541176 0.38823529 0.41568627 0.56078431
v 0.00341183 -0.01023531 -0.23477966 0.38431373 0.41176471 0.56078431
v 0.00389820 -0.01023531 -0.22176468 0.56078431 0.59215686 0.67450980
v 0.00341183 -0.01023531 -0.22606826 0.42352941 0.44705882 0.58823529
v 0.00341183 -0.01023531 -0.22045171 0.58823529 0.61568627 0.68235294
v 0.00364798 -0.01023531 -0.18764704 0.59607843 0.61960784 0.68235294
v 0.00341183 -0.01023531 -0.18834943 0.59607843 0.61960784 0.67843137
v 0.00425822 -0.01023531 -0.18082350 0.43921569 0.47058824 0.60784314
v 0.00396001 -0.01023531 -0.17399997 0.41176471 0.43921569 0.59215686
v 0.00481039 -0.01023531 -0.16717649 0.52941176 0.56470588 0.64705882
v 0.00341183 -0.01023531 -0.16194105 0.60392157 0.62352941 0.66666667
v 0.00452590 -0.01023531 -0.13305885 0.60784314 0.61568627 0.65882353
v 0.00341183 -0.01023531 -0.13778728 0.58431373 0.60392157 0.63921569
v 0.00546384 -0.01023531 -0.12623531 0.52156863 0.54117647 0.63137255
v 0.00589097 -0.01023531 -0.11941177 0.49411765 0.51764706 0.61960784
v 0.00440872 -0.01023531 -0.11258823 0.54117647 0.55686275 0.62352941
v 0.00404096 -0.01023531 -0.10576469 0.51764706 0.53725490 0.59215686
v 0.00434303 -0.01023531 -0.09894115 0.48627451 0.50980392 0.55294118
v 0.00409985 -0.01023531 -0.09211767 0.48235294 0.49803922 0.52941176
v 0.00423455 -0.01023531 -0.08529413 0.49411765 0.49019608 0.51764706
v 0.00493854 -0.01023531 -0.07847059 0.50588235 0.48627451 0.50588235
v 0.00681531 -0.01023531 -0.07164705 0.50196078 0.47450980 0.48235294
v 0.01023537 -0.01023531 -0.06568062 0.47450980 0.44313725 0.43529412
v 0.01023537 -0.01379496 -0.04435295 0.65490196 0.54901961 0.50588235
v 0.00862396 -0.01023531 -0.03070587 0.60000000 0.53333333 0.49411765
v 0.01023537 -0.01023531 -0.03305525 0.58039216 0.49411765 0.45490196
v 0.00457960 -0.01023531 -0.02388233 0.60784314 0.56862745 0.53725490
v 0.00341183 -0.01580280 -0.01705885 0.60784314 0.58039216 0.55686275
v 0.00361478 -0.01023531 -0.01705885 0.60392157 0.57647059 0.55294118
v 0.00341183 -0.01705456 -0.01023531 0.60392157 0.58431373 0.56470588
v 0.00368035 -0.01023531 -0.01023531 0.60000000 0.57647059 0.55686275
v 0.00406456 -0.01023531 -0.00341177 0.60000000 0.58039216 0.55686275
v 0.00465769 -0.01023531 0.00341183 0.60000000 0.58431373 0.55686275
v 0.00562501 -0.01023531 0.01023537 0.60784314 0.58823529 0.55686275
v 0.00752246 -0.01023531 0.01705885 0.61568627 0.58823529 0.54901961
v 0.01023537 -0.01023531 0.02176106 0.62352941 0.59215686 0.54509804
v 0.00341183 -0.00341177 -0.49147251 0.20000000 0.19607843 0.21568627
v 0.00757557 -0.00341177 -0.48788235 0.35294118 0.34509804 0.35294118
v 0.00913984 -0.00341177 -0.48105884 0.30588235 0.27058824 0.28235294
v 0.00939375 -0.00341177 -0.47423530 0.74117647 0.69411765 0.67058824
v 0.01023537 -0.00341177 -0.47356269 0.76862745 0.72156863 0.69803922
v 0.00354320 -0.00341177 -0.24223530 0.47843137 0.49019608 0.58823529
v 0.00341183 -0.00341177 -0.24327773 0.49411765 0.50980392 0.60392157
v 0.00343931 -0.00341177 -0.23541176 0.39607843 0.40784314 0.53725490
v 0.00341183 -0.00341177 -0.23458517 0.39215686 0.40392157 0.53725490
v 0.00392228 -0.00341177 -0.22176468 0.47450980 0.48627451 0.58823529
v 0.00341183 -0.00341177 -0.22566974 0.41568627 0.42745098 0.54901961
v 0.00341183 -0.00341177 -0.21743697 0.53725490 0.55686275 0.63921569
v 0.00408739 -0.00341177 -0.18764704 0.51372549 0.52941176 0.61568627
v 0.00341183 -0.00341177 -0.19214296 0.52549020 0.54901961 0.62745098
v 0.00448513 -0.00341177 -0.18082350 0.41176471 0.43137255 0.56078431
v 0.00418520 -0.00341177 -0.17399997 0.40000000 0.41568627 0.54901961
v 0.00559193 -0.00341177 -0.16717649 0.47843137 0.49411765 0.58823529
v 0.00341183 -0.00791526 -0.16035295 0.58823529 0.61176471 0.65490196
v 0.00440639 -0.00341177 -0.16035295 0.55686275 0.57254902 0.63921569
v 0.00341183 -0.00341177 -0.15590566 0.50980392 0.53725490 0.60000000
v 0.00341183 -0.00752175 -0.13988233 0.56470588 0.58431373 0.62745098
v 0.00438607 -0.00341177 -0.13988233 0.53725490 0.55686275 0.61568627
v 0.00341183 -0.00341177 -0.14291507 0.50980392 0.53333333 0.59215686
v 0.00599051 -0.00341177 -0.13305885 0.54509804 0.54901961 0.61176471
v 0.00692898 -0.00341177 -0.12623531 0.44705882 0.46274510 0.55294118
v 0.00629771 -0.00341177 -0.11941177 0.44313725 0.45882353 0.55294118
v 0.00626516 -0.00341177 -0.11258823 0.53725490 0.54901961 0.61568627
v 0.00613719 -0.00341177 -0.10576469 0.50980392 0.52156863 0.58431373
v 0.00582343 -0.00341177 -0.09894115 0.49019608 0.49803922 0.55686275
v 0.00513166 -0.00341177 -0.09211767 0.48627451 0.48627451 0.52941176
v 0.00462413 -0.00341177 -0.08529413 0.50196078 0.49803922 0.52941176
v 0.00483072 -0.00341177 -0.07847059 0.51372549 0.49803922 0.51764706
v 0.00575584 -0.00341177 -0.07164705 0.52156863 0.49803922 0.50588235
v 0.01023537 -0.00864685 -0.06482351 0.49019608 0.45882353 0.44705882
v 0.00804806 -0.00341177 -0.06482351 0.52549020 0.49803922 0.49019608
v 0.01023537 -0.00341177 -0.05956912 0.54117647 0.49803922 0.48235294
v 0.00918984 -0.00341177 -0.03070587 0.61568627 0.56078431 0.52549020
v 0.01023537 -0.00341177 -0.03206980 0.61176471 0.54901961 0.51372549
v 0.00502652 -0.00341177 -0.02388233 0.59607843 0.56078431 0.53725490
v 0.00407577 -0.00341177 -0.01705885 0.58823529 0.56470588 0.54509804
v 0.00416362 -0.00341177 -0.01023531 0.58823529 0.56862745 0.54901961
v 0.00468093 -0.00341177 -0.00341177 0.58823529 0.57254902 0.55294118
v 0.00546664 -0.00341177 0.00341183 0.59215686 0.57647059 0.55294118
v 0.00673109 -0.00341177 0.01023537 0.60392157 0.58431373 0.55686275
v 0.00963372 -0.00341177 0.01705885 0.61960784 0.58823529 0.54901961
v 0.01023537 -0.00341177 0.01805598 0.62352941 0.58823529 0.54509804
v 0.00341183 0.00341183 -0.49034441 0.23137255 0.22352941 0.25098039
v 0.00613040 0.00341183 -0.48788235 0.34901961 0.33725490 0.35686275
v 0.00907493 0.00341183 -0.48105884 0.27843137 0.23921569 0.26274510
v 0.00907624 0.00341183 -0.47423530 0.75294118 0.69803922 0.68235294
v 0.01023537 0.00341183 -0.47348267 0.78039216 0.72941176 0.71764706
v 0.00341183 -0.00264871 -0.24223530 0.46666667 0.47843137 0.58039216
v 0.00341183 -0.00320745 -0.23541176 0.39607843 0.40784314 0.53725490
v 0.00341183 -0.00002384 -0.22176468 0.43921569 0.44705882 0.56078431
v 0.00341183 0.00235063 -0.18764704 0.42745098 0.43137255 0.54509804
v 0.00341183 0.00266039 -0.18082350 0.41176471 0.41568627 0.53333333
v 0.00341183 0.00294244 -0.17399997 0.41176471 0.41176471 0.52941176
v 0.00462371 0.00341183 -0.16717649 0.41568627 0.41960784 0.52941176
v 0.00341183 0.00341183 -0.17336684 0.41176471 0.41176471 0.52941176
v 0.00571525 0.00341183 -0.16035295 0.44313725 0.44313725 0.54901961
v 0.00341183 0.00066841 -0.15352941 0.44313725 0.46666667 0.54901961
v 0.00386876 0.00341183 -0.15352941 0.42745098 0.44705882 0.54117647
v 0.00341183 0.00221366 -0.14670587 0.43921569 0.45882353 0.54117647
v 0.00370991 0.00341183 -0.14670587 0.43137255 0.45882353 0.54901961
v 0.00659049 0.00341183 -0.13988233 0.45490196 0.45882353 0.54901961
v 0.00681484 0.00341183 -0.13305885 0.44705882 0.44705882 0.53725490
v 0.00560284 0.00341183 -0.12623531 0.41960784 0.41960784 0.50980392
v 0.00626463 0.00341183 -0.11941177 0.42352941 0.42352941 0.51372549
v 0.00806963 0.00341183 -0.11258823 0.45490196 0.45490196 0.53725490
v 0.00872123 0.00341183 -0.10576469 0.48627451 0.47450980 0.55686275
v 0.00638026 0.00341183 -0.09894115 0.49019608 0.47843137 0.54509804
v 0.00584710 0.00341183 -0.09211767 0.49019608 0.48235294 0.54117647
v 0.00737476 0.00341183 -0.08529413 0.50980392 0.49803922 0.54117647
v 0.00677419 0.00341183 -0.07847059 0.52549020 0.51372549 0.53725490
v 0.00594252 0.00341183 -0.07164705 0.52941176 0.50980392 0.52156863
v 0.00652057 0.00341183 -0.06482351 0.54117647 0.51372549 0.51372549
v 0.01023537 -0.00132054 -0.05799997 0.55686275 0.51372549 0.49411765
v 0.00851661 0.00341183 -0.05799997 0.56078431 0.52549020 0.51372549
v 0.01023537 0.00341183 -0.05445141 0.58039216 0.52941176 0.50980392
v 0.01023537 0.00038177 -0.03070587 0.61960784 0.56470588 0.53333333
v 0.01023537 0.00341183 -0.02963436 0.61568627 0.56862745 0.54117647
v 0.00711632 0.00341183 -0.02388233 0.59215686 0.56470588 0.54509804
v 0.00549942 0.00341183 -0.01705885 0.58039216 0.55686275 0.54509804
v 0.00546730 0.00341183 -0.01023531 0.58039216 0.56078431 0.54901961
v 0.00650865 0.00341183 -0.00341177 0.58431373 0.57254902 0.55294118
v 0.00839651 0.00341183 0.00341183 0.60000000 0.57647059 0.55294118
v 0.01023537 0.00236535 0.01023537 0.61568627 0.58039216 0.54509804
v 0.01023537 0.00341183 0.00795233 0.60784314 0.57647059 0.54509804
v 0.01023537 -0.00246733 0.01705885 0.62352941 0.58823529 0.54509804
v 0.00341183 0.00785744 -0.48788235 0.31372549 0.30196078 0.33333333
v 0.00341183 0.01023537 -0.48732114 0.31372549 0.30588235 0.34117647
v 0.00879729 0.01023537 -0.48105884 0.24313725 0.20784314 0.24313725
v 0.00892961 0.01023537 -0.47423530 0.72156863 0.67843137 0.69019608
v 0.01023537 0.01023537 -0.47311139 0.76862745 0.72156863 0.72941176
v 0.00382543 0.01023537 -0.16717649 0.38823529 0.39215686 0.50980392
v 0.00341183 0.01023537 -0.16843373 0.39215686 0.39215686 0.50980392
v 0.00415367 0.01023537 -0.16035295 0.37254902 0.40784314 0.52941176
v 0.00608242 0.01023537 -0.15352941 0.36470588 0.44313725 0.57647059
v 0.00589097 0.01023537 -0.14670587 0.38823529 0.47450980 0.60000000
v 0.00547940 0.01023537 -0.13988233 0.37647059 0.41960784 0.53333333
v 0.00525248 0.01023537 -0.13305885 0.38823529 0.40392157 0.50980392
v 0.00460625 0.01023537 -0.12623531 0.42352941 0.43529412 0.51764706
v 0.00447446 0.01023537 -0.11941177 0.45098039 0.46666667 0.54117647
v 0.00661868 0.01023537 -0.11258823 0.41568627 0.42745098 0.51764706
v 0.00645626 0.01023537 -0.10576469 0.42745098 0.46274510 0.55294118
v 0.00744551 0.01023537 -0.09894115 0.44313725 0.49803922 0.59215686
v 0.00752670 0.01023537 -0.09211767 0.46274510 0.50980392 0.60000000
v 0.01023537 0.00983244 -0.08529413 0.48627451 0.48235294 0.54901961
v 0.01023537 0.01023537 -0.08569461 0.48235294 0.48627451 0.55686275
v 0.01023537 0.00825965 -0.07847059 0.52549020 0.50980392 0.54117647
v 0.01023537 0.00928521 -0.07164705 0.53333333 0.52156863 0.53333333
v 0.01023537 0.00920713 -0.06482351 0.54117647 0.52156863 0.52156863
v 0.01023537 0.00673705 -0.05799997 0.56078431 0.52549020 0.51372549
v 0.01023537 0.00742245 -0.02388233 0.59607843 0.56862745 0.54901961
v 0.01023537 0.00899047 -0.01705885 0.58431373 0.57647059 0.56862745
v 0.01023537 0.00921679 -0.01023531 0.58823529 0.58039216 0.56862745
v 0.01023537 0.00799841 -0.00341177 0.59607843 0.58039216 0.56078431
v 0.01023537 0.00563031 0.00341183 0.59607843 0.57254902 0.54509804
v 0.00341183 0.01705885 -0.48578572 0.30588235 0.30588235 0.34509804
v 0.00801444 0.01705885 -0.48105884 0.29019608 0.25882353 0.29411765
v 0.00620073 0.01705885 -0.47423530 0.45490196 0.43921569 0.48627451
v 0.01023537 0.01705885 -0.47005644 0.74509804 0.72941176 0.75686275
v 0.00384831 0.01705885 -0.16717649 0.38823529 0.38823529 0.51372549
v 0.00341183 0.01705885 -0.16839433 0.38823529 0.38823529 0.51372549
v 0.00408643 0.01705885 -0.16035295 0.36862745 0.40784314 0.53333333
v 0.00630319 0.01705885 -0.15352941 0.36470588 0.43921569 0.58431373
v 0.00609058 0.01705885 -0.14670587 0.38823529 0.47450980 0.60784314
v 0.00545144 0.01705885 -0.13988233 0.37254902 0.41568627 0.53725490
v 0.00518870 0.01705885 -0.13305885 0.38823529 0.40000000 0.50980392
v 0.00468862 0.01705885 -0.12623531 0.42352941 0.43137255 0.52156863
v 0.00450927 0.01705885 -0.11941177 0.45098039 0.46274510 0.54117647
v 0.00655013 0.01705885 -0.11258823 0.41176471 0.42352941 0.51764706
v 0.00611281 0.01705885 -0.10576469 0.42352941 0.45882353 0.55686275
v 0.00724906 0.01705885 -0.09894115 0.43529412 0.49803922 0.60000000
v 0.00735515 0.01705885 -0.09211767 0.45490196 0.51372549 0.60784314
v 0.01023537 0.01705885 -0.08557129 0.47058824 0.48235294 0.56078431
v 0.00341183 0.02295762 -0.48105884 0.32156863 0.31764706 0.35294118
v 0.00341183 0.02060777 -0.47423530 0.22352941 0.18823529 0.21960784
v 0.00788212 0.02388239 -0.46741176 0.71764706 0.72156863 0.75686275
v 0.01023537 0.02000904 -0.46741176 0.72941176 0.72156863 0.75686275
v 0.00341183 0.02388239 -0.47227162 0.20392157 0.18823529 0.23921569
v 0.01023537 0.02388239 -0.46127644 0.62745098 0.67843137 0.73725490
v 0.00341183 0.02233738 -0.18082350 0.40392157 0.40000000 0.52941176
v 0.00377440 0.02388239 -0.18082350 0.40784314 0.40392157 0.53725490
v 0.00341183 0.02388239 -0.18612766 0.40784314 0.40784314 0.54117647
v 0.00341183 0.02189106 -0.17399997 0.41568627 0.41568627 0.54117647
v 0.00407153 0.02388239 -0.17399997 0.41176471 0.40784314 0.53725490
v 0.00462288 0.02388239 -0.16717649 0.40784314 0.40784314 0.53725490
v 0.00555378 0.02388239 -0.16035295 0.42352941 0.42352941 0.54509804
v 0.00435579 0.02388239 -0.15352941 0.42352941 0.43921569 0.55686275
v 0.00422066 0.02388239 -0.14670587 0.42352941 0.45098039 0.56470588
v 0.00691944 0.02388239 -0.13988233 0.44313725 0.43921569 0.55686275
v 0.00652128 0.02388239 -0.13305885 0.42352941 0.42352941 0.53333333
v 0.00612801 0.02388239 -0.12623531 0.41568627 0.41568627 0.51764706
v 0.00645566 0.02388239 -0.11941177 0.41960784 0.41960784 0.51764706
v 0.00720549 0.02388239 -0.11258823 0.44705882 0.44313725 0.54117647
v 0.00665241 0.02388239 -0.10576469 0.47450980 0.46666667 0.55686275
v 0.00562859 0.02388239 -0.09894115 0.47450980 0.47450980 0.56078431
v 0.00567722 0.02388239 -0.09211767 0.47450980 0.48235294 0.55686275
v 0.01023537 0.01733828 -0.08529413 0.47058824 0.47843137 0.55686275
v 0.00735080 0.02388239 -0.08529413 0.50196078 0.49019608 0.55686275
v 0.01023537 0.02042776 -0.07847059 0.49803922 0.50196078 0.55686275
v 0.00816381 0.02388239 -0.07847059 0.50588235 0.50980392 0.56470588
v 0.01023537 0.01972157 -0.07164705 0.50196078 0.51764706 0.54901961
v 0.00783700 0.02388239 -0.07164705 0.50196078 0.51764706 0.56078431
v 0.01023537 0.02025479 -0.06482351 0.50980392 0.52156863 0.54117647
v 0.00844568 0.02388239 -0.06482351 0.50980392 0.52156863 0.55294118
v 0.01023537 0.02388239 -0.05836385 0.52549020 0.52549020 0.54117647
v 0.00341183 0.02812415 -0.46741176 0.47843137 0.50980392 0.58039216
v 0.00803477 0.03070593 -0.46058825 0.66274510 0.70196078 0.76078431
v 0.01023537 0.02454233 -0.46058825 0.61960784 0.67450980 0.73725490
v 0.00341183 0.03070593 -0.46506131 0.52156863 0.56470588 0.64313725
v 0.01003301 0.03070593 -0.45376471 0.54901961 0.63137255 0.71764706
v 0.01023537 0.02689075 -0.45376471 0.48235294 0.58039216 0.68627451
v 0.01023537 0.03070593 -0.45234936 0.52156863 0.60784314 0.70588235
v 0.00341183 0.03030646 -0.24223530 0.44705882 0.47450980 0.61960784
v 0.00346857 0.03070593 -0.24223530 0.45490196 0.48627451 0.63137255
v 0.00341183 0.03070593 -0.24335986 0.45098039 0.48627451 0.62745098
v 0.00341183 0.02737325 -0.23541176 0.40000000 0.40784314 0.56862745
v 0.00389260 0.03070593 -0.23541176 0.40392157 0.43137255 0.60000000
v 0.00341183 0.02610922 -0.22858822 0.40392157 0.40392157 0.55686275
v 0.00392973 0.03070593 -0.22858822 0.38431373 0.40784314 0.58431373
v 0.00341183 0.02769351 -0.22176468 0.42352941 0.43529412 0.58039216
v 0.00374752 0.03070593 -0.22176468 0.47058824 0.49803922 0.63529412
v 0.00341183 0.02929294 -0.21494114 0.44705882 0.47058824 0.59607843
v 0.00350505 0.03070593 -0.21494114 0.46274510 0.49411765 0.61568627
v 0.00341183 0.03070593 -0.21416807 0.45882353 0.48627451 0.60784314
v 0.00341183 0.02664518 -0.19447058 0.42745098 0.43921569 0.56470588
v 0.00368440 0.03070593 -0.19447058 0.45882353 0.48235294 0.59607843
v 0.00341183 0.03070593 -0.19579899 0.44705882 0.47450980 0.58823529
v 0.00341183 0.02447855 -0.18764704 0.41176471 0.41176471 0.54509804
v 0.00425637 0.03070593 -0.18764704 0.47058824 0.49803922 0.61960784
v 0.00489181 0.03070593 -0.18082350 0.41176471 0.43921569 0.58823529
v 0.00500190 0.03070593 -0.17399997 0.39607843 0.42352941 0.57647059
v 0.00515813 0.03070593 -0.16717649 0.48627451 0.51372549 0.63137255
v 0.00469482 0.03070593 -0.16035295 0.49803922 0.52156863 0.62352941
v 0.00379097 0.03070593 -0.15352941 0.46274510 0.48627451 0.58431373
v 0.00355911 0.03070593 -0.14670587 0.45098039 0.47843137 0.57254902
v 0.00475073 0.03070593 -0.13988233 0.50588235 0.51764706 0.60784314
v 0.00567740 0.03070593 -0.13305885 0.52156863 0.53725490 0.62745098
v 0.00704724 0.03070593 -0.12623531 0.44705882 0.47843137 0.58431373
v 0.00699019 0.03070593 -0.11941177 0.42352941 0.45098039 0.56078431
v 0.00558406 0.03070593 -0.11258823 0.48627451 0.49803922 0.58823529
v 0.00497311 0.03070593 -0.10576469 0.50196078 0.50196078 0.58431373
v 0.00474304 0.03070593 -0.09894115 0.49019608 0.49019608 0.56470588
v 0.00479978 0.03070593 -0.09211767 0.49019608 0.49019608 0.56078431
v 0.00502783 0.03070593 -0.08529413 0.49411765 0.50196078 0.56862745
v 0.00545466 0.03070593 -0.07847059 0.49411765 0.50980392 0.57647059
v 0.00606084 0.03070593 -0.07164705 0.49019608 0.51764706 0.58039216
v 0.00690752 0.03070593 -0.06482351 0.49411765 0.52549020 0.57647059
v 0.01023537 0.02428532 -0.05799997 0.52549020 0.52549020 0.54509804
v 0.00868392 0.03070593 -0.05799997 0.50980392 0.52941176 0.56862745
v 0.01023537 0.03070593 -0.05504233 0.51764706 0.53333333 0.56470588
v 0.00341183 0.03504527 -0.46058825 0.51372549 0.56078431 0.67058824
v 0.00341183 0.03716749 -0.45376471 0.61568627 0.65882353 0.73333333
v 0.00876594 0.03752947 -0.44694117 0.47058824 0.53725490 0.66666667
v 0.01023537 0.03444964 -0.44694117 0.43921569 0.52941176 0.65882353
v 0.00341183 0.03752947 -0.45282343 0.61176471 0.65490196 0.72941176
v 0.01023537 0.03752947 -0.44158721 0.37254902 0.46274510 0.60784314
v 0.00341183 0.03213716 -0.24223530 0.47843137 0.51764706 0.65490196
v 0.00388265 0.03752947 -0.23541176 0.40784314 0.45490196 0.65098039
v 0.00341183 0.03752947 -0.24039268 0.51372549 0.56862745 0.70196078
v 0.00398999 0.03752947 -0.22858822 0.38431373 0.42352941 0.63921569
v 0.00356472 0.03752947 -0.22176468 0.52549020 0.57647059 0.69803922
v 0.00341183 0.03752947 -0.21895194 0.53333333 0.58823529 0.69411765
v 0.00341183 0.03213799 -0.21494114 0.47843137 0.51372549 0.62745098
v 0.00342238 0.03752947 -0.19447058 0.50980392 0.56078431 0.64705882
v 0.00341183 0.03752947 -0.19461143 0.50588235 0.55686275 0.64313725
v 0.00383246 0.03752947 -0.18764704 0.54509804 0.58823529 0.68627451
v 0.00460202 0.03752947 -0.18082350 0.44313725 0.48627451 0.65098039
v 0.00479293 0.03752947 -0.17399997 0.41960784 0.46274510 0.63921569
v 0.00437206 0.03752947 -0.16717649 0.54509804 0.58823529 0.69411765
v 0.00374371 0.03752947 -0.16035295 0.54117647 0.58823529 0.67058824
v 0.00351709 0.03752947 -0.15352941 0.46274510 0.50588235 0.58823529
v 0.00347251 0.03752947 -0.14670587 0.45098039 0.49411765 0.56862745
v 0.00395256 0.03752947 -0.13988233 0.52156863 0.56078431 0.63921569
v 0.00432104 0.03752947 -0.13305885 0.55686275 0.58823529 0.67058824
v 0.00542837 0.03752947 -0.12623531 0.51372549 0.54901961 0.65882353
v 0.00597829 0.03752947 -0.11941177 0.43921569 0.47843137 0.60392157
v 0.00444531 0.03752947 -0.11258823 0.51372549 0.53333333 0.62352941
v 0.00410026 0.03752947 -0.10576469 0.49411765 0.51372549 0.59607843
v 0.00403130 0.03752947 -0.09894115 0.48235294 0.49411765 0.56862745
v 0.00410759 0.03752947 -0.09211767 0.47450980 0.49019608 0.56078431
v 0.00446057 0.03752947 -0.08529413 0.47843137 0.50196078 0.57647059
v 0.00480324 0.03752947 -0.07847059 0.47450980 0.50980392 0.58823529
v 0.00540102 0.03752947 -0.07164705 0.46666667 0.51764706 0.60392157
v 0.00644553 0.03752947 -0.06482351 0.46666667 0.52549020 0.60392157
v 0.00847548 0.03752947 -0.05799997 0.49019608 0.54117647 0.59607843
v 0.01023537 0.03752947 -0.05546403 0.50196078 0.54901961 0.59607843
v 0.00341183 0.04275030 -0.44694117 0.50196078 0.51764706 0.63921569
v 0.01023537 0.03893310 -0.44011766 0.34901961 0.43529412 0.58431373
v 0.00341183 0.04386139 -0.44011766 0.32549020 0.35294118 0.46274510
v 0.00880218 0.04435301 -0.43329409 0.33725490 0.37254902 0.47450980
v 0.00341183 0.04435301 -0.43717587 0.30980392 0.32941176 0.42745098
v 0.01023537 0.04410577 -0.43329409 0.31372549 0.35686275 0.47058824
v 0.01023537 0.04435301 -0.43300006 0.32156863 0.36078431 0.47058824
v 0.00341183 0.04259902 -0.27635294 0.45098039 0.53333333 0.69803922
v 0.00354636 0.04435301 -0.27635294 0.43137255 0.50980392 0.68235294
v 0.00341183 0.04435301 -0.27973735 0.34117647 0.40392157 0.62352941
v 0.00341183 0.04435301 -0.27376801 0.48627451 0.56470588 0.70588235
v 0.00341183 0.04296410 -0.24905878 0.47450980 0.55294118 0.66274510
v 0.00353616 0.04435301 -0.24905878 0.46666667 0.54509804 0.65882353
v 0.00341183 0.04435301 -0.25219411 0.41176471 0.48627451 0.60392157
v 0.00341183 0.03925782 -0.24223530 0.52156863 0.59215686 0.70980392
v 0.00381154 0.04435301 -0.24223530 0.49411765 0.56470588 0.69803922
v 0.00450170 0.04435301 -0.23541176 0.34901961 0.40392157 0.61960784
v 0.00458968 0.04435301 -0.22858822 0.32941176 0.37647059 0.60784314
v 0.00413191 0.04435301 -0.22176468 0.47843137 0.53725490 0.68235294
v 0.00341183 0.03997469 -0.21494114 0.51372549 0.58039216 0.67058824
v 0.00383216 0.04435301 -0.21494114 0.49019608 0.55294118 0.66274510
v 0.00341183 0.04236400 -0.20811766 0.42352941 0.48235294 0.56470588
v 0.00371152 0.04435301 -0.20811766 0.41176471 0.46666667 0.56078431
v 0.00341183 0.04270488 -0.20129412 0.41960784 0.47450980 0.54509804
v 0.00365347 0.04435301 -0.20129412 0.41176471 0.46274510 0.54509804
v 0.00412691 0.04435301 -0.19447058 0.48235294 0.54117647 0.63529412
v 0.00449747 0.04435301 -0.18764704 0.51764706 0.56862745 0.68235294
v 0.00560033 0.04435301 -0.18082350 0.40784314 0.46274510 0.63529412
v 0.00569242 0.04435301 -0.17399997 0.38431373 0.43529412 0.62352941
v 0.00513768 0.04435301 -0.16717649 0.50196078 0.55294118 0.67843137
v 0.00448006 0.04435301 -0.16035295 0.52156863 0.57254902 0.66666667
v 0.00453866 0.04435301 -0.15352941 0.44313725 0.49019608 0.58039216
v 0.00451654 0.04435301 -0.14670587 0.43137255 0.47450980 0.55686275
v 0.00487250 0.04435301 -0.13988233 0.49019608 0.53725490 0.62745098
v 0.00523168 0.04435301 -0.13305885 0.53725490 0.57647059 0.67058824
v 0.00735527 0.04435301 -0.12623531 0.46274510 0.52549020 0.64705882
v 0.00780249 0.04435301 -0.11941177 0.39607843 0.45490196 0.59215686
v 0.00533289 0.04435301 -0.11258823 0.48627451 0.51372549 0.61568627
v 0.00548077 0.04435301 -0.10576469 0.48235294 0.50980392 0.59215686
v 0.00533217 0.04435301 -0.09894115 0.48627451 0.50196078 0.57254902
v 0.00546801 0.04435301 -0.09211767 0.48627451 0.50196078 0.56862745
v 0.00611621 0.04435301 -0.08529413 0.47450980 0.49803922 0.57647059
v 0.00653052 0.04435301 -0.07847059 0.47450980 0.51372549 0.59215686
v 0.00792485 0.04435301 -0.07164705 0.46666667 0.52941176 0.61568627
v 0.01005030 0.04435301 -0.06482351 0.46666667 0.54509804 0.61960784
v 0.01023537 0.04024321 -0.05799997 0.48235294 0.54901961 0.61176471
v 0.01023537 0.04435301 -0.06448042 0.46666667 0.54901961 0.61960784
v 0.00341183 0.04777837 -0.43329409 0.36078431 0.34117647 0.40000000
v 0.01023537 0.05027175 -0.42647058 0.42352941 0.38039216 0.43137255
v 0.00341183 0.05060333 -0.42647058 0.43529412 0.41176471 0.45098039
v 0.00341183 0.05111253 -0.41964704 0.46274510 0.43921569 0.47843137
v 0.01023537 0.05084932 -0.41964704 0.44705882 0.40000000 0.45098039
v 0.01023537 0.05117655 -0.41660568 0.45882353 0.41568627 0.46666667
v 0.00341183 0.05117655 -0.41838568 0.46666667 0.44313725 0.48235294
v 0.00341183 0.05044204 -0.33094114 0.30588235 0.38823529 0.58039216
v 0.00367618 0.05117655 -0.33094114 0.29803922 0.37647059 0.57254902
v 0.00341183 0.05117655 -0.33183181 0.27843137 0.35294118 0.54901961
v 0.00341183 0.05091685 -0.32411760 0.39215686 0.47450980 0.63529412
v 0.00356066 0.05117655 -0.32411760 0.38431373 0.46666667 0.63137255
v 0.00341183 0.05117655 -0.32246184 0.36862745 0.44313725 0.60784314
v 0.00341183 0.05040699 -0.30364704 0.37254902 0.43137255 0.59607843
v 0.00375581 0.05117655 -0.30364704 0.36078431 0.41960784 0.58431373
v 0.00341183 0.05117655 -0.30593818 0.34117647 0.39607843 0.55686275
v 0.00341183 0.04875952 -0.29682350 0.44313725 0.50980392 0.67058824
v 0.00432581 0.05117655 -0.29682350 0.38823529 0.45098039 0.63137255
v 0.00341183 0.04675215 -0.28999996 0.30588235 0.35686275 0.58431373
v 0.00448287 0.05117655 -0.28999996 0.28627451 0.33333333 0.54901961
v 0.00341183 0.04672623 -0.28317648 0.28627451 0.32941176 0.57254902
v 0.00419462 0.05117655 -0.28317648 0.29019608 0.33333333 0.55686275
v 0.00540560 0.05117655 -0.27635294 0.33725490 0.40000000 0.59607843
v 0.00341183 0.04633081 -0.26952940 0.46274510 0.54117647 0.67450980
v 0.00497806 0.05117655 -0.26952940 0.37254902 0.43529412 0.60784314
v 0.00341183 0.04586989 -0.26270586 0.37254902 0.45098039 0.57254902
v 0.00453728 0.05117655 -0.26270586 0.33333333 0.38823529 0.54509804
v 0.00341183 0.04586357 -0.25588232 0.36470588 0.43529412 0.54901961
v 0.00461012 0.05117655 -0.25588232 0.33333333 0.38431373 0.53333333
v 0.00568330 0.05117655 -0.24905878 0.36862745 0.42745098 0.58823529
v 0.00635868 0.05117655 -0.24223530 0.40000000 0.46666667 0.63529412
v 0.00697070 0.05117655 -0.23541176 0.28627451 0.34117647 0.54509804
v 0.00643367 0.05117655 -0.22858822 0.28627451 0.33725490 0.54117647
v 0.00777757 0.05117655 -0.22176468 0.40392157 0.47450980 0.63921569
v 0.00701040 0.05117655 -0.21494114 0.41568627 0.46274510 0.61568627
v 0.00587547 0.05117655 -0.20811766 0.36862745 0.40000000 0.53725490
v 0.00560230 0.05117655 -0.20129412 0.37254902 0.40000000 0.52941176
v 0.00835317 0.05117655 -0.19447058 0.43529412 0.47843137 0.61176471
v 0.01023537 0.05103111 -0.18764704 0.48627451 0.55686275 0.68235294
v 0.01023537 0.05117655 -0.18895584 0.49019608 0.55686275 0.67843137
v 0.01023537 0.05117655 -0.18333894 0.34117647 0.41960784 0.58039216
v 0.00990576 0.05117655 -0.18082350 0.31372549 0.38431373 0.55294118
v 0.00938970 0.05117655 -0.17399997 0.30980392 0.37647059 0.54509804
v 0.01023537 0.05029279 -0.16717649 0.46274510 0.53725490 0.66666667
v 0.01023537 0.05117655 -0.17225248 0.31372549 0.38431373 0.54901961
v 0.01023537 0.05081320 -0.16035295 0.50980392 0.55686275 0.67058824
v 0.01023537 0.05117655 -0.15615308 0.46274510 0.48627451 0.60784314
v 0.00940806 0.05117655 -0.15352941 0.42745098 0.43921569 0.56078431
v 0.00882208 0.05117655 -0.14670587 0.41568627 0.41960784 0.53725490
v 0.01023537 0.05043560 -0.13988233 0.47058824 0.50196078 0.61568627
v 0.01023537 0.05117655 -0.14385229 0.43137255 0.44313725 0.56470588
v 0.01023537 0.04984653 -0.13305885 0.51372549 0.57254902 0.67058824
v 0.01023537 0.04782784 -0.12623531 0.40000000 0.48235294 0.61176471
v 0.01023537 0.04748708 -0.11941177 0.38823529 0.46666667 0.59607843
v 0.01023537 0.04992044 -0.11258823 0.47450980 0.52156863 0.61960784
v 0.01023537 0.04967010 -0.10576469 0.49803922 0.52549020 0.60784314
v 0.01023537 0.04975492 -0.09894115 0.52156863 0.52156863 0.58823529
v 0.01023537 0.04958516 -0.09211767 0.52941176 0.52549020 0.58431373
v 0.01023537 0.04899079 -0.08529413 0.50980392 0.52549020 0.58823529
v 0.01023537 0.04846168 -0.07847059 0.49803922 0.53725490 0.60392157
v 0.01023537 0.04695904 -0.07164705 0.47843137 0.54509804 0.61568627
v 0.01023537 0.04455709 -0.06482351 0.46666667 0.54901961 0.61960784
v 0.00341183 0.05306727 -0.41282350 0.49019608 0.46666667 0.50980392
v 0.01023537 0.05289286 -0.41282350 0.47843137 0.43921569 0.48235294
v 0.00341183 0.05461115 -0.40599999 0.45098039 0.42745098 0.47843137
v 0.01023537 0.05538726 -0.40599999 0.42352941 0.39215686 0.43921569
v 0.00341183 0.05574358 -0.39917645 0.40784314 0.38823529 0.44705882
v 0.01023537 0.05692142 -0.39917645 0.38823529 0.36862745 0.41568627
v 0.01023537 0.05800003 -0.39312822 0.35294118 0.36470588 0.41960784
v 0.00341183 0.05655086 -0.39235291 0.38431373 0.38823529 0.46274510
v 0.00945324 0.05800003 -0.39235291 0.35686275 0.36862745 0.42745098
v 0.01023537 0.05787271 -0.38552940 0.31764706 0.32156863 0.40784314
v 0.01023537 0.05800003 -0.38952050 0.33333333 0.34117647 0.41176471
v 0.00341183 0.05564612 -0.38552940 0.34901961 0.36470588 0.45882353
v 0.00341183 0.05596894 -0.37870586 0.31764706 0.33333333 0.43529412
v 0.01023537 0.05772519 -0.37870586 0.31372549 0.30980392 0.42352941
v 0.00341183 0.05633247 -0.37188232 0.30588235 0.31764706 0.43137255
v 0.01023537 0.05790383 -0.37188232 0.28627451 0.27058824 0.40392157
v 0.01023537 0.05800003 -0.36983657 0.27843137 0.25882353 0.40000000
v 0.00341183 0.05653811 -0.36505878 0.29411765 0.31372549 0.43921569
v 0.00775570 0.05800003 -0.36505878 0.27843137 0.27843137 0.42352941
v 0.00341183 0.05624294 -0.35823530 0.27450980 0.30588235 0.45882353
v 0.00692141 0.05800003 -0.35823530 0.25098039 0.27450980 0.43529412
v 0.00341183 0.05554634 -0.35141176 0.25490196 0.30588235 0.47843137
v 0.00611258 0.05800003 -0.35141176 0.23921569 0.28627451 0.45882353
v 0.00341183 0.05800003 -0.34650767 0.27450980 0.32941176 0.50196078
v 0.00976872 0.05800003 -0.33094114 0.25098039 0.32941176 0.54117647
v 0.00341183 0.05800003 -0.33603036 0.27058824 0.33725490 0.52156863
v 0.00798106 0.05800003 -0.32411760 0.27450980 0.32156863 0.52156863
v 0.00341183 0.05509484 -0.31729412 0.31764706 0.36470588 0.53333333
v 0.00519049 0.05800003 -0.31729412 0.32156863 0.35686275 0.53725490
v 0.00341183 0.05502599 -0.31047058 0.32941176 0.36862745 0.52941176
v 0.00510013 0.05800003 -0.31047058 0.33333333 0.36078431 0.54117647
v 0.00716048 0.05800003 -0.30364704 0.31372549 0.34117647 0.53725490
v 0.00948983 0.05800003 -0.29682350 0.29411765 0.34509804 0.55294118
v 0.00777519 0.05800003 -0.28999996 0.26666667 0.32156863 0.52549020
v 0.00696135 0.05800003 -0.28317648 0.27450980 0.32941176 0.52941176
v 0.01023537 0.05749226 -0.27635294 0.30980392 0.37254902 0.57647059
v 0.01023537 0.05800003 -0.27793902 0.29019608 0.35294118 0.55686275
v 0.01023537 0.05799466 -0.26952940 0.31372549 0.33725490 0.54117647
v 0.01023537 0.05800003 -0.26950163 0.31372549 0.33725490 0.54117647
v 0.00740826 0.05800003 -0.26270586 0.34117647 0.34901961 0.53333333
v 0.00726247 0.05800003 -0.25588232 0.34901961 0.35294118 0.52941176
v 0.01023537 0.05745554 -0.24905878 0.32156863 0.33725490 0.52941176
v 0.01023537 0.05800003 -0.25044858 0.32156863 0.32549020 0.51764706
v 0.01023537 0.05650377 -0.24223530 0.33725490 0.38823529 0.57647059
v 0.01023537 0.05757952 -0.23541176 0.25490196 0.31372549 0.50196078
v 0.01023537 0.05800003 -0.23368174 0.25882353 0.31764706 0.50196078
v 0.00918591 0.05800003 -0.22858822 0.27058824 0.32156863 0.50588235
v 0.01023537 0.05475229 -0.22176468 0.37647059 0.44313725 0.61960784
v 0.01023537 0.05800003 -0.22704315 0.25882353 0.31372549 0.50196078
v 0.01023537 0.05554932 -0.21494114 0.36862745 0.39215686 0.57254902
v 0.01023537 0.05800003 -0.20863163 0.36862745 0.34117647 0.52156863
v 0.00994378 0.05800003 -0.20811766 0.37254902 0.34509804 0.52549020
v 0.00938648 0.05800003 -0.20129412 0.38823529 0.36078431 0.52941176
v 0.01023537 0.05397469 -0.19447058 0.40000000 0.42352941 0.58039216
v 0.01023537 0.05800003 -0.19997740 0.38039216 0.34901961 0.52156863
v 0.01023537 0.05183095 -0.18082350 0.30980392 0.38039216 0.54901961
v 0.01023537 0.05288655 -0.17399997 0.30196078 0.36862745 0.53333333
v 0.01023537 0.05236733 -0.15352941 0.42352941 0.41960784 0.55294118
v 0.01023537 0.05317974 -0.14670587 0.41176471 0.39607843 0.52549020
v 0.01023537 0.05847090 -0.39235291 0.35294118 0.36078431 0.41568627
v 0.01023537 0.05914283 -0.36505878 0.25490196 0.23921569 0.39215686
v 0.01023537 0.05946726 -0.35823530 0.22745098 0.24313725 0.41568627
v 0.01023537 0.05983377 -0.35141176 0.20784314 0.25490196 0.43921569
v 0.00341183 0.05860221 -0.34458822 0.27843137 0.33725490 0.50980392
v 0.01023537 0.06208497 -0.34458822 0.21960784 0.29411765 0.48235294
v 0.00341183 0.05898738 -0.33776468 0.28235294 0.34509804 0.52941176
v 0.01023537 0.06255615 -0.33776468 0.22745098 0.30980392 0.50588235
v 0.01023537 0.05824554 -0.33094114 0.25098039 0.33333333 0.54117647
v 0.01023537 0.05910832 -0.32411760 0.26666667 0.30196078 0.51372549
v 0.01023537 0.06145138 -0.31729412 0.29411765 0.30196078 0.52549020
v 0.01023537 0.06171286 -0.31047058 0.30588235 0.30588235 0.53333333
v 0.01023537 0.06013829 -0.30364704 0.30196078 0.30980392 0.52156863
v 0.01023537 0.05854672 -0.29682350 0.29019608 0.33725490 0.54901961
v 0.01023537 0.06006527 -0.28999996 0.24313725 0.30196078 0.50588235
v 0.01023537 0.06077349 -0.28317648 0.24313725 0.30196078 0.50196078
v 0.01023537 0.06057835 -0.26270586 0.34509804 0.32549020 0.52156863
v 0.01023537 0.06077904 -0.25588232 0.35294118 0.32549020 0.51764706
v 0.01023537 0.05967438 -0.22858822 0.26666667 0.31764706 0.49803922
v 0.01023537 0.05832386 -0.20811766 0.37647059 0.34509804 0.52549020
v 0.01023537 0.05892473 -0.20129412 0.39215686 0.35294118 0.52549020
v 0.01705885 -0.11385971 0.01705885 0.34509804 0.32156863 0.38823529
v 0.01691461 -0.11258823 0.01705885 0.34901961 0.32156863 0.39215686
v 0.01705885 -0.11258823 0.01616549 0.35294118 0.32941176 0.39607843
v 0.01705885 -0.11258823 0.01730198 0.34509804 0.32156863 0.39215686
v 0.01155728 -0.10576469 -0.41964704 0.35686275 0.36078431 0.51372549
v 0.01117676 -0.10576469 -0.41282350 0.32156863 0.31764706 0.45490196
v 0.01060539 -0.10576469 -0.40599999 0.28627451 0.29411765 0.41568627
v 0.01055270 -0.10576469 -0.39917645 0.28235294 0.30588235 0.40784314
v 0.01232481 -0.10576469 -0.39235291 0.24313725 0.27450980 0.36470588
v 0.01317281 -0.10576469 -0.38552940 0.27843137 0.30980392 0.42745098
v 0.01619971 -0.10576469 -0.37870586 0.28627451 0.30980392 0.45882353
v 0.01705885 -0.10576469 -0.37755409 0.29411765 0.31372549 0.47058824
v 0.01705885 -0.10794437 -0.37188232 0.32156863 0.33725490 0.49803922
v 0.01705885 -0.10913694 -0.36505878 0.33725490 0.35294118 0.51372549
v 0.01705885 -0.10936433 -0.35823530 0.30588235 0.34509804 0.49019608
v 0.01705885 -0.10952616 -0.35141176 0.27058824 0.32941176 0.45490196
v 0.01705885 -0.10950476 -0.34458822 0.23529412 0.30980392 0.41960784
v 0.01705885 -0.10980362 -0.33776468 0.21960784 0.29803922 0.40000000
v 0.01705885 -0.11046767 -0.33094114 0.24313725 0.31372549 0.43529412
v 0.01705885 -0.11085528 -0.32411760 0.26666667 0.32156863 0.46274510
v 0.01705885 -0.11106306 -0.31729412 0.29019608 0.32941176 0.48627451
v 0.01705885 -0.11118478 -0.31047058 0.29803922 0.33725490 0.49803922
v 0.01705885 -0.11094517 -0.30364704 0.27058824 0.32941176 0.48235294
v 0.01705885 -0.11074644 -0.29682350 0.23921569 0.32156863 0.45490196
v 0.01705885 -0.11009842 -0.28999996 0.21176471 0.30980392 0.43137255
v 0.01705885 -0.10993582 -0.28317648 0.20392157 0.30588235 0.41960784
v 0.01705885 -0.10985929 -0.27635294 0.24705882 0.32549020 0.44705882
v 0.01705885 -0.10978562 -0.26952940 0.28627451 0.34117647 0.47058824
v 0.01705885 -0.10965568 -0.26270586 0.32549020 0.35294118 0.48627451
v 0.01031148 -0.10576469 -0.25588232 0.36078431 0.38431373 0.51764706
v 0.01705885 -0.10939687 -0.25588232 0.34509804 0.36078431 0.49411765
v 0.01705885 -0.10856915 -0.24905878 0.32549020 0.36078431 0.48627451
v 0.01192129 -0.10576469 -0.24905878 0.34117647 0.36862745 0.49411765
v 0.01705885 -0.10793829 -0.24223530 0.30588235 0.36078431 0.47058824
v 0.01339740 -0.10576469 -0.24223530 0.31764706 0.36470588 0.47450980
v 0.01705885 -0.10671359 -0.23541176 0.29019608 0.36078431 0.45882353
v 0.01556623 -0.10576469 -0.23541176 0.29411765 0.36470588 0.46274510
v 0.01705885 -0.10586041 -0.22858822 0.29019608 0.36078431 0.45882353
v 0.01691264 -0.10576469 -0.22858822 0.29019608 0.36078431 0.45882353
v 0.01705885 -0.10648149 -0.22176468 0.31764706 0.36862745 0.47450980
v 0.01599127 -0.10576469 -0.22176468 0.32156863 0.36862745 0.47450980
v 0.01705885 -0.10661197 -0.21494114 0.34509804 0.37254902 0.49019608
v 0.01581287 -0.10576469 -0.21494114 0.34901961 0.37254902 0.49019608
v 0.01705885 -0.10649979 -0.20811766 0.37647059 0.38039216 0.50588235
v 0.01603681 -0.10576469 -0.20811766 0.37647059 0.37647059 0.50588235
v 0.01705885 -0.10631824 -0.20129412 0.38431373 0.38039216 0.50980392
v 0.01632917 -0.10576469 -0.20129412 0.38431373 0.38039216 0.50980392
v 0.01705885 -0.10576469 -0.19600093 0.36470588 0.38039216 0.50196078
v 0.01705885 -0.10701954 0.01023537 0.32549020 0.30196078 0.38431373
v 0.01684064 -0.10576469 0.01023537 0.32156863 0.29803922 0.38431373
v 0.01705885 -0.10576469 0.00988555 0.31764706 0.29411765 0.38039216
v 0.01443112 -0.10576469 0.01705885 0.35294118 0.32549020 0.40392157
v 0.01705885 -0.10576469 0.02307552 0.32156863 0.31764706 0.42745098
v 0.01031864 -0.09894115 -0.43329409 0.19215686 0.27843137 0.52549020
v 0.01594615 -0.09894115 -0.42647058 0.24705882 0.33333333 0.58823529
v 0.01705885 -0.09953290 -0.41964704 0.26274510 0.34117647 0.59607843
v 0.01705885 -0.09894115 -0.42035446 0.26666667 0.36078431 0.61568627
v 0.01705885 -0.10208064 -0.41282350 0.27450980 0.30980392 0.50588235
v 0.01705885 -0.10225058 -0.40599999 0.23921569 0.25882353 0.43137255
v 0.01705885 -0.10234618 -0.39917645 0.21960784 0.24705882 0.39215686
v 0.01705885 -0.10365629 -0.39235291 0.20784314 0.23137255 0.35294118
v 0.01705885 -0.10439986 -0.38552940 0.25490196 0.28235294 0.42352941
v 0.01705885 -0.10560143 -0.37870586 0.28627451 0.30980392 0.46274510
v 0.01705885 -0.10570490 -0.19447058 0.36078431 0.38039216 0.50196078
v 0.01705885 -0.10538435 -0.18764704 0.33725490 0.38039216 0.48627451
v 0.01077008 -0.09894115 -0.18082350 0.31764706 0.36078431 0.48235294
v 0.01705885 -0.10475916 -0.18082350 0.31764706 0.38039216 0.47843137
v 0.01705885 -0.10454714 -0.17399997 0.31764706 0.38039216 0.47450980
v 0.01114315 -0.09894115 -0.17399997 0.31764706 0.36862745 0.48235294
v 0.01705885 -0.10480428 -0.16717649 0.34509804 0.38431373 0.48627451
v 0.01064265 -0.09894115 -0.16717649 0.33725490 0.36470588 0.49019608
v 0.01705885 -0.10487384 -0.16035295 0.38039216 0.39215686 0.49803922
v 0.01047617 -0.09894115 -0.16035295 0.34509804 0.37254902 0.50980392
v 0.01705885 -0.10455459 -0.15352941 0.39607843 0.39607843 0.51764706
v 0.01153219 -0.09894115 -0.15352941 0.34901961 0.38039216 0.53333333
v 0.01705885 -0.10423893 -0.14670587 0.40000000 0.40000000 0.52156863
v 0.01195830 -0.09894115 -0.14670587 0.35294118 0.38431373 0.54117647
v 0.01705885 -0.10393465 -0.13988233 0.39215686 0.39607843 0.50196078
v 0.01167899 -0.09894115 -0.13988233 0.35294118 0.38039216 0.51372549
v 0.01705885 -0.10351741 -0.13305885 0.37254902 0.39215686 0.48627451
v 0.01198548 -0.09894115 -0.13305885 0.34901961 0.37647059 0.49411765
v 0.01705885 -0.10256130 -0.12623531 0.35294118 0.39215686 0.47843137
v 0.01308948 -0.09894115 -0.12623531 0.33333333 0.38039216 0.48235294
v 0.01705885 -0.10166156 -0.11941177 0.34509804 0.38823529 0.47450980
v 0.01409191 -0.09894115 -0.11941177 0.32941176 0.38039216 0.47450980
v 0.01705885 -0.10075575 -0.11258823 0.34901961 0.36862745 0.47058824
v 0.01504511 -0.09894115 -0.11258823 0.34117647 0.36470588 0.47450980
v 0.01705885 -0.09939200 -0.10576469 0.34117647 0.36470588 0.49019608
v 0.01658928 -0.09894115 -0.10576469 0.34117647 0.36470588 0.49411765
v 0.01705885 -0.09894115 -0.10403991 0.34117647 0.36862745 0.50196078
v 0.01705885 -0.10245347 -0.01023531 0.21568627 0.22352941 0.27058824
v 0.01593786 -0.09894115 -0.01023531 0.20784314 0.21176471 0.24705882
v 0.01705885 -0.09894115 -0.01190275 0.20392157 0.21176471 0.24313725
v 0.01705885 -0.10224211 -0.00341177 0.21960784 0.21568627 0.27450980
v 0.01583952 -0.09894115 -0.00341177 0.22745098 0.22352941 0.27450980
v 0.01705885 -0.09894115 -0.00102615 0.21176471 0.20392157 0.26666667
v 0.01705885 -0.10462850 0.01023537 0.32156863 0.30196078 0.39215686
v 0.01705885 -0.09894115 0.01420802 0.33725490 0.36078431 0.49019608
v 0.01632482 -0.09894115 0.01705885 0.31372549 0.32156863 0.44705882
v 0.01705885 -0.10463512 0.02388239 0.32549020 0.32549020 0.44705882
v 0.01508033 -0.09894115 0.02388239 0.34117647 0.34509804 0.47450980
v 0.01705885 -0.09894115 0.02833962 0.32941176 0.35686275 0.51372549
v 0.01059222 -0.09211767 -0.44011766 0.43529412 0.55686275 0.76470588
v 0.01574278 -0.09211767 -0.43329409 0.16862745 0.25098039 0.56470588
v 0.01688713 -0.09211767 -0.42647058 0.18431373 0.27058824 0.56470588
v 0.01705885 -0.09211767 -0.42538667 0.20000000 0.29019608 0.58431373
v 0.01026678 -0.09211767 -0.11941177 0.33333333 0.36862745 0.49411765
v 0.01076925 -0.09211767 -0.11258823 0.33725490 0.36078431 0.48627451
v 0.01215661 -0.09211767 -0.10576469 0.34509804 0.36078431 0.50588235
v 0.01705885 -0.09762228 -0.09894115 0.32941176 0.37254902 0.53333333
v 0.01350152 -0.09211767 -0.09894115 0.36862745 0.36862745 0.53333333
v 0.01705885 -0.09557682 -0.09211767 0.30588235 0.38039216 0.55294118
v 0.01432401 -0.09211767 -0.09211767 0.35686275 0.36862745 0.52941176
v 0.01705885 -0.09211767 -0.08629900 0.31764706 0.35686275 0.49803922
v 0.01413339 -0.09211767 -0.01023531 0.21568627 0.22352941 0.25098039
v 0.01705885 -0.09211767 -0.01491159 0.21568627 0.22352941 0.24705882
v 0.01673186 -0.09211767 -0.00341177 0.21176471 0.20784314 0.25882353
v 0.01705885 -0.09211767 -0.00265384 0.20392157 0.20000000 0.25490196
v 0.01705885 -0.09397095 0.01023537 0.29019608 0.31764706 0.45098039
v 0.01665378 -0.09211767 0.01023537 0.30980392 0.31372549 0.44313725
v 0.01705885 -0.09211767 0.00923193 0.30196078 0.30196078 0.42745098
v 0.01541865 -0.09211767 0.01705885 0.32941176 0.32941176 0.46274510
v 0.01640946 -0.09211767 0.02388239 0.34509804 0.35294118 0.49803922
v 0.01705885 -0.09211767 0.02558678 0.34509804 0.36078431 0.51764706
v 0.01607692 -0.08529413 -0.44011766 0.57254902 0.63529412 0.79215686
v 0.01678693 -0.08529413 -0.43329409 0.23137255 0.29019608 0.56862745
v 0.01705885 -0.09036791 -0.42647058 0.16470588 0.22352941 0.51764706
v 0.01705885 -0.08529413 -0.43009561 0.17254902 0.21176471 0.49019608
v 0.01049876 -0.08529413 -0.16717649 0.34901961 0.38823529 0.53725490
v 0.01084018 -0.08529413 -0.16035295 0.40000000 0.41176471 0.56078431
v 0.01104760 -0.08529413 -0.13988233 0.39607843 0.40392157 0.55294118
v 0.01103383 -0.08529413 -0.13305885 0.37647059 0.41176471 0.55294118
v 0.01052201 -0.08529413 -0.12623531 0.33725490 0.39215686 0.52549020
v 0.01058424 -0.08529413 -0.11941177 0.33725490 0.39215686 0.52156863
v 0.01123184 -0.08529413 -0.11258823 0.40000000 0.43137255 0.55686275
v 0.01153028 -0.08529413 -0.10576469 0.44313725 0.43921569 0.56078431
v 0.01125431 -0.08529413 -0.09894115 0.44705882 0.40000000 0.52156863
v 0.01148850 -0.08529413 -0.09211767 0.45098039 0.40000000 0.51372549
v 0.01705885 -0.09163046 -0.08529413 0.32156863 0.35294118 0.49019608
v 0.01242387 -0.08529413 -0.08529413 0.45490196 0.43137255 0.52941176
v 0.01705885 -0.09017146 -0.07847059 0.35686275 0.37647059 0.47843137
v 0.01255518 -0.08529413 -0.07847059 0.44313725 0.45490196 0.54117647
v 0.01705885 -0.08911282 -0.07164705 0.38823529 0.41568627 0.48627451
v 0.01309842 -0.08529413 -0.07164705 0.42745098 0.47843137 0.54901961
v 0.01705885 -0.08783007 -0.06482351 0.43137255 0.44313725 0.49019608
v 0.01444077 -0.08529413 -0.06482351 0.44313725 0.48627451 0.53725490
v 0.01705885 -0.08529413 -0.06035221 0.47450980 0.47058824 0.50980392
v 0.01705885 -0.09013098 -0.01705885 0.20784314 0.21176471 0.23921569
v 0.01390833 -0.08529413 -0.01705885 0.22745098 0.24313725 0.27843137
v 0.01705885 -0.08529413 -0.02059925 0.23137255 0.23137255 0.26274510
v 0.01230681 -0.08529413 -0.01023531 0.23921569 0.25490196 0.29803922
v 0.01705885 -0.08982927 -0.00341177 0.19607843 0.19215686 0.25098039
v 0.01705885 -0.08529413 -0.00381905 0.28235294 0.29019608 0.36470588
v 0.01705885 -0.08529413 -0.00122446 0.37647059 0.38039216 0.46274510
v 0.01594502 -0.08529413 0.00341183 0.43137255 0.42745098 0.51372549
v 0.01705885 -0.08764291 0.00341183 0.33725490 0.32941176 0.42745098
v 0.01204336 -0.08529413 0.01023537 0.39215686 0.37254902 0.46666667
v 0.01233798 -0.08529413 0.01705885 0.39215686 0.36862745 0.47450980
v 0.01705885 -0.08780056 0.02388239 0.37647059 0.38039216 0.53333333
v 0.01705885 -0.08529413 0.02361494 0.41176471 0.41960784 0.56470588
v 0.01264095 -0.07847059 -0.44694117 0.25490196 0.33333333 0.49803922
v 0.01687843 -0.07847059 -0.44011766 0.57647059 0.65098039 0.77254902
v 0.01705885 -0.08177668 -0.43329409 0.32156863 0.40784314 0.65098039
v 0.01705885 -0.07847059 -0.43784198 0.53333333 0.61568627 0.75686275
v 0.01705885 -0.08487153 -0.05799997 0.48627451 0.47058824 0.49803922
v 0.01036781 -0.07847059 -0.05799997 0.50196078 0.50588235 0.53333333
v 0.01705885 -0.08221692 -0.05117649 0.50588235 0.47843137 0.49411765
v 0.01347595 -0.07847059 -0.05117649 0.52156863 0.50588235 0.50980392
v 0.01036799 -0.07847059 -0.05799997 0.50196078 0.50588235 0.53333333
v 0.01705885 -0.07847059 -0.04719251 0.50980392 0.48627451 0.48627451
v 0.01705885 -0.08041120 -0.02388233 0.28235294 0.29019608 0.32549020
v 0.01554728 -0.07847059 -0.02388233 0.29803922 0.31764706 0.35294118
v 0.01705885 -0.07847059 -0.02604038 0.32941176 0.32941176 0.36078431
v 0.01089555 -0.07847059 -0.01705885 0.23137255 0.27058824 0.32941176
v 0.01053935 -0.07847059 -0.01023531 0.24313725 0.28627451 0.35686275
v 0.01705885 -0.08507317 -0.00341177 0.29803922 0.30980392 0.38431373
v 0.01171046 -0.07847059 -0.00341177 0.43137255 0.47058824 0.54509804
v 0.01032162 -0.07847059 0.00341183 0.49019608 0.50588235 0.57254902
v 0.01705885 -0.08506775 0.02388239 0.41568627 0.42745098 0.57254902
v 0.01182890 -0.07847059 0.02388239 0.47450980 0.50196078 0.60784314
v 0.01705885 -0.08306146 0.03070593 0.46274510 0.53333333 0.67450980
v 0.01328045 -0.07847059 0.03070593 0.48235294 0.56470588 0.68235294
v 0.01705885 -0.08101046 0.03752947 0.42745098 0.54509804 0.69803922
v 0.01540446 -0.07847059 0.03752947 0.43137255 0.55686275 0.70196078
v 0.01705885 -0.07847059 0.04134411 0.40784314 0.54117647 0.70980392
v 0.01367515 -0.07164705 -0.44694117 0.20784314 0.26666667 0.39215686
v 0.01705885 -0.07543528 -0.44011766 0.56862745 0.64705882 0.75686275
v 0.01705885 -0.07164705 -0.44197449 0.57254902 0.64313725 0.73725490
v 0.01705885 -0.07499218 -0.04435295 0.53333333 0.50980392 0.49411765
v 0.01431870 -0.07164705 -0.04435295 0.60784314 0.59607843 0.56862745
v 0.01705885 -0.07434422 -0.03752941 0.56078431 0.54509804 0.52941176
v 0.01481009 -0.07164705 -0.03752941 0.65882353 0.65098039 0.61960784
v 0.01705885 -0.07529247 -0.03070587 0.42745098 0.41960784 0.43137255
v 0.01405120 -0.07164705 -0.03070587 0.42352941 0.41960784 0.41960784
v 0.01095217 -0.07164705 -0.02388233 0.28627451 0.32156863 0.36862745
v 0.01058841 -0.07164705 0.03070593 0.47843137 0.56862745 0.68235294
v 0.01300424 -0.07164705 0.03752947 0.41176471 0.56470588 0.70980392
v 0.01705885 -0.07546568 0.04435301 0.44313725 0.57254902 0.71764706
v 0.01546264 -0.07164705 0.04435301 0.42745098 0.58039216 0.72156863
v 0.01705885 -0.07164705 0.04677248 0.45490196 0.58823529 0.71764706
v 0.01373696 -0.06482351 -0.44694117 0.42745098 0.48627451 0.57647059
v 0.01705885 -0.06482351 -0.44320852 0.59607843 0.65098039 0.72549020
v 0.01231289 -0.06482351 -0.04435295 0.60392157 0.59215686 0.55686275
v 0.01287335 -0.06482351 -0.03752941 0.66666667 0.65882353 0.62352941
v 0.01201588 -0.06482351 -0.03070587 0.38823529 0.38431373 0.38039216
v 0.01047552 -0.06482351 0.03070593 0.48235294 0.56862745 0.67058824
v 0.01256150 -0.06482351 0.03752947 0.42352941 0.57254902 0.70196078
v 0.01466751 -0.06482351 0.04435301 0.43529412 0.58823529 0.70980392
v 0.01705885 -0.06482351 0.04717386 0.48627451 0.61176471 0.71764706
v 0.01633030 -0.05799997 -0.44694117 0.63137255 0.65490196 0.70588235
v 0.01705885 -0.05799997 -0.44562504 0.62352941 0.65490196 0.70980392
v 0.01056170 -0.05799997 -0.05117649 0.52549020 0.50588235 0.49803922
v 0.01241618 -0.05799997 -0.04435295 0.55294118 0.51764706 0.48627451
v 0.01369780 -0.05799997 -0.03752941 0.52156863 0.48627451 0.45490196
v 0.01143354 -0.05799997 -0.03070587 0.42352941 0.40784314 0.40000000
v 0.01052803 -0.05799997 -0.02388233 0.40000000 0.41176471 0.43137255
v 0.01067299 -0.05799997 0.02388239 0.52941176 0.54509804 0.60000000
v 0.01215786 -0.05799997 0.03070593 0.50588235 0.56862745 0.64313725
v 0.01339036 -0.05799997 0.03752947 0.46274510 0.58431373 0.67058824
v 0.01456618 -0.05799997 0.04435301 0.49411765 0.61176471 0.69411765
v 0.01705885 -0.05799997 0.04707313 0.54509804 0.63137255 0.70196078
v 0.01026690 -0.05117649 -0.45376471 0.56470588 0.56078431 0.59607843
v 0.01688892 -0.05117649 -0.44694117 0.60392157 0.61176471 0.66666667
v 0.01705885 -0.05117649 -0.44537151 0.58431373 0.60000000 0.66666667
v 0.01066875 -0.05117649 -0.05799997 0.48627451 0.46274510 0.47058824
v 0.01213276 -0.05117649 -0.05117649 0.49411765 0.45490196 0.44313725
v 0.01209801 -0.05117649 -0.04435295 0.54901961 0.50196078 0.47450980
v 0.01321727 -0.05117649 -0.03752941 0.47058824 0.41960784 0.39215686
v 0.01133883 -0.05117649 -0.03070587 0.46666667 0.43921569 0.42745098
v 0.01074904 -0.05117649 -0.02388233 0.47058824 0.46274510 0.45882353
v 0.01048946 -0.05117649 0.01023537 0.54117647 0.52156863 0.54509804
v 0.01125038 -0.05117649 0.01705885 0.54509804 0.51764706 0.54117647
v 0.01283157 -0.05117649 0.02388239 0.52156863 0.51372549 0.54901961
v 0.01490486 -0.05117649 0.03070593 0.48235294 0.51764706 0.57254902
v 0.01705885 -0.05221629 0.03752947 0.50588235 0.58823529 0.65490196
v 0.01705885 -0.05117649 0.03505522 0.48627451 0.54509804 0.61176471
v 0.01705885 -0.05305988 0.04435301 0.54117647 0.62352941 0.68235294
v 0.01398826 -0.04435295 -0.45376471 0.59607843 0.57254902 0.61176471
v 0.01563168 -0.04435295 -0.44694117 0.50588235 0.48235294 0.56078431
v 0.01691288 -0.04435295 -0.44011766 0.26666667 0.29019608 0.47058824
v 0.01705885 -0.04573572 -0.44011766 0.31372549 0.32156863 0.49803922
v 0.01705885 -0.04435295 -0.43974662 0.25882353 0.28627451 0.47058824
v 0.01027942 -0.04435295 -0.07847059 0.43529412 0.42352941 0.47843137
v 0.01126873 -0.04435295 -0.07164705 0.39607843 0.38823529 0.43137255
v 0.01150459 -0.04435295 -0.06482351 0.38431373 0.35686275 0.37647059
v 0.01192659 -0.04435295 -0.05799997 0.40000000 0.35686275 0.36470588
v 0.01229393 -0.04435295 -0.05117649 0.45098039 0.39607843 0.38431373
v 0.01242179 -0.04435295 -0.04435295 0.54509804 0.47450980 0.45098039
v 0.01277649 -0.04435295 -0.03752941 0.45490196 0.38823529 0.36470588
v 0.01171511 -0.04435295 -0.03070587 0.49019608 0.45490196 0.43529412
v 0.01081657 -0.04435295 -0.02388233 0.50196078 0.48627451 0.47450980
v 0.01033431 -0.04435295 -0.00341177 0.49019608 0.49019608 0.50196078
v 0.01028895 -0.04435295 0.00341183 0.49019608 0.49019608 0.50980392
v 0.01054502 -0.04435295 0.01705885 0.50980392 0.50980392 0.53725490
v 0.01131725 -0.04435295 0.02388239 0.51372549 0.49803922 0.51764706
v 0.01211387 -0.04435295 0.03070593 0.48627451 0.49411765 0.51764706
v 0.01705885 -0.04678553 0.03752947 0.46274510 0.51372549 0.56078431
v 0.01633322 -0.04435295 0.03752947 0.45098039 0.49019608 0.52156863
v 0.01705885 -0.04435295 0.03867662 0.45098039 0.49019608 0.52549020
v 0.01223058 -0.03752941 -0.46058825 0.64313725 0.61176471 0.63137255
v 0.01561761 -0.03752941 -0.45376471 0.59607843 0.57647059 0.62745098
v 0.01583403 -0.03752941 -0.44694117 0.46666667 0.47058824 0.57647059
v 0.01688826 -0.03752941 -0.44011766 0.24313725 0.27450980 0.46666667
v 0.01705885 -0.03752941 -0.43969238 0.23529412 0.26666667 0.46666667
v 0.01049829 -0.03752941 -0.07847059 0.43921569 0.41960784 0.46666667
v 0.01184618 -0.03752941 -0.07164705 0.38039216 0.36078431 0.39215686
v 0.01134670 -0.03752941 -0.06482351 0.37647059 0.34509804 0.35686275
v 0.01157117 -0.03752941 -0.05799997 0.39607843 0.34901961 0.34509804
v 0.01189590 -0.03752941 -0.05117649 0.45098039 0.38039216 0.36862745
v 0.01184857 -0.03752941 -0.04435295 0.51764706 0.43529412 0.41176471
v 0.01221490 -0.03752941 -0.03752941 0.46666667 0.39215686 0.36862745
v 0.01141942 -0.03752941 -0.03070587 0.51764706 0.47450980 0.45098039
v 0.01040804 -0.03752941 -0.02388233 0.55686275 0.53333333 0.51372549
v 0.01066273 -0.03752941 -0.00341177 0.54509804 0.54117647 0.53725490
v 0.01128852 -0.03752941 0.00341183 0.53333333 0.52549020 0.52941176
v 0.01133192 -0.03752941 0.01023537 0.53725490 0.52941176 0.54117647
v 0.01154178 -0.03752941 0.01705885 0.54117647 0.52549020 0.53725490
v 0.01183367 -0.03752941 0.02388239 0.52549020 0.50588235 0.50980392
v 0.01224768 -0.03752941 0.03070593 0.50588235 0.49411765 0.49411765
v 0.01630437 -0.03752941 0.03752947 0.47058824 0.48627451 0.49019608
v 0.01705885 -0.03752941 0.03856915 0.46666667 0.48235294 0.49019608
v 0.01611716 -0.03070587 -0.46058825 0.69019608 0.67450980 0.71372549
v 0.01705885 -0.03091198 -0.45376471 0.59607843 0.63921569 0.71372549
v 0.01705885 -0.03070587 -0.45403087 0.60000000 0.64313725 0.71372549
v 0.01705885 -0.03106278 -0.44694117 0.49803922 0.58823529 0.70980392
v 0.01705885 -0.03626269 -0.44011766 0.27450980 0.28627451 0.48627451
v 0.01061565 -0.03070587 -0.07164705 0.43921569 0.42745098 0.44313725
v 0.01131040 -0.03070587 -0.06482351 0.40392157 0.37647059 0.38039216
v 0.01137537 -0.03070587 -0.05799997 0.41960784 0.36470588 0.35686275
v 0.01128137 -0.03070587 -0.05117649 0.44313725 0.36862745 0.35294118
v 0.01094472 -0.03070587 -0.04435295 0.54117647 0.45098039 0.42352941
v 0.01160723 -0.03070587 -0.03752941 0.48235294 0.39607843 0.36862745
v 0.01053518 -0.03070587 -0.03070587 0.54509804 0.49411765 0.46274510
v 0.01062655 -0.03070587 0.01023537 0.61176471 0.58039216 0.56862745
v 0.01220703 -0.03070587 0.01705885 0.60392157 0.56078431 0.54509804
v 0.01435393 -0.03070587 0.02388239 0.56078431 0.52156863 0.50196078
v 0.01705885 -0.03088468 0.03070593 0.52156863 0.49803922 0.48235294
v 0.01705885 -0.03070587 0.03011137 0.52549020 0.49803922 0.48235294
v 0.01705885 -0.03632063 0.03752947 0.47058824 0.48235294 0.48235294
v 0.01274580 -0.02388233 -0.46741176 0.76470588 0.72156863 0.71372549
v 0.01699942 -0.02388233 -0.46058825 0.67450980 0.69411765 0.74509804
v 0.01705885 -0.02388233 -0.45990506 0.66274510 0.69019608 0.74901961
v 0.01131201 -0.02388233 -0.06482351 0.41960784 0.38823529 0.38431373
v 0.01100481 -0.02388233 -0.05799997 0.43137255 0.36862745 0.35686275
v 0.01092505 -0.02388233 -0.05117649 0.48235294 0.39215686 0.37254902
v 0.01058102 -0.02388233 -0.04435295 0.59215686 0.49411765 0.45882353
v 0.01129687 -0.02388233 -0.03752941 0.51764706 0.41568627 0.38431373
v 0.01173729 -0.02388233 0.02388239 0.60000000 0.56470588 0.53333333
v 0.01705885 -0.02989286 0.03070593 0.52941176 0.50588235 0.48627451
v 0.01512903 -0.02388233 0.03070593 0.58431373 0.56470588 0.52941176
v 0.01705885 -0.02388233 0.03458464 0.63529412 0.62352941 0.58823529
v 0.01705885 -0.02388370 0.05117655 0.51372549 0.48235294 0.43137255
v 0.01705837 -0.02388233 0.05117655 0.51372549 0.48235294 0.43137255
v 0.01705885 -0.02388233 0.05117548 0.51372549 0.48235294 0.43137255
v 0.01705885 -0.02388233 0.05117702 0.51372549 0.48235294 0.43137255
v 0.01548409 -0.01705885 -0.46741176 0.77647059 0.74117647 0.74509804
v 0.01705885 -0.02250469 -0.46058825 0.67058824 0.69411765 0.75294118
v 0.01705885 -0.01705885 -0.46285880 0.69803922 0.70980392 0.76078431
v 0.01705885 -0.01788986 -0.45376471 0.46274510 0.63529412 0.77647059
v 0.01705885 -0.01705885 -0.45540041 0.53333333 0.67450980 0.78823529
v 0.01701862 -0.01705885 -0.45376471 0.43921569 0.61960784 0.77254902
v 0.01653951 -0.01705885 -0.44694117 0.05882353 0.14509804 0.38823529
v 0.01705885 -0.02232915 -0.44694117 0.28235294 0.47058824 0.68627451
v 0.01705885 -0.01705885 -0.44508740 0.06666667 0.15686275 0.40392157
v 0.01085126 -0.01705885 -0.06482351 0.44313725 0.40784314 0.39607843
v 0.01076448 -0.01705885 -0.05799997 0.46274510 0.39215686 0.37647059
v 0.01072538 -0.01705885 -0.05117649 0.53725490 0.43921569 0.41176471
v 0.01111919 -0.01705885 -0.03752941 0.56078431 0.44705882 0.40784314
v 0.01061648 -0.01705885 0.02388239 0.61176471 0.58431373 0.54117647
v 0.01329809 -0.01705885 0.03070593 0.59607843 0.57647059 0.52549020
v 0.01705885 -0.01705885 0.03528398 0.64313725 0.63529412 0.58431373
v 0.01602811 -0.01705885 0.05117655 0.53333333 0.50196078 0.44313725
v 0.01705885 -0.01705885 0.04783624 0.52549020 0.50588235 0.44705882
v 0.01705885 -0.01705885 0.05223024 0.52941176 0.49019608 0.43137255
v 0.01632667 -0.01023531 -0.46741176 0.76470588 0.73333333 0.74901961
v 0.01705885 -0.01023531 -0.46380356 0.70196078 0.71372549 0.76078431
v 0.01705885 -0.01023531 -0.45717856 0.57254902 0.69411765 0.79215686
v 0.01688176 -0.01023531 -0.45376471 0.33725490 0.54117647 0.73725490
v 0.01648039 -0.01023531 -0.44694117 0.03137255 0.07843137 0.26666667
v 0.01705885 -0.01023531 -0.44525820 0.03529412 0.09019608 0.28627451
v 0.01046497 -0.01023531 -0.06482351 0.47450980 0.44313725 0.43137255
v 0.01104742 -0.01023531 -0.05799997 0.46666667 0.40000000 0.38039216
v 0.01088917 -0.01023531 -0.05117649 0.51372549 0.41960784 0.39215686
v 0.01036221 -0.01023531 -0.04435295 0.62352941 0.51764706 0.47843137
v 0.01155436 -0.01023531 -0.03752941 0.56862745 0.45490196 0.41568627
v 0.01155424 -0.01023531 -0.03752941 0.56862745 0.45490196 0.41568627
v 0.01093125 -0.01023531 0.02388239 0.61568627 0.58431373 0.53333333
v 0.01394159 -0.01023531 0.03070593 0.61176471 0.58823529 0.53333333
v 0.01705885 -0.01023531 0.03431159 0.63529412 0.61960784 0.56470588
v 0.01705885 -0.01395565 0.05117655 0.53725490 0.49803922 0.43529412
v 0.01613504 -0.00341177 -0.46741176 0.76470588 0.73333333 0.76078431
v 0.01700580 -0.00341177 -0.46058825 0.65490196 0.70980392 0.78431373
v 0.01705885 -0.00513738 -0.46058825 0.65490196 0.70980392 0.78431373
v 0.01683390 -0.00341177 -0.45376471 0.44705882 0.61960784 0.76862745
v 0.01643890 -0.00341177 -0.44694117 0.07058824 0.16862745 0.41176471
v 0.01705885 -0.00341177 -0.44434395 0.13333333 0.27843137 0.54901961
v 0.01057428 -0.00341177 -0.05799997 0.54117647 0.49411765 0.47450980
v 0.01181674 -0.00341177 -0.05117649 0.53333333 0.45098039 0.42745098
v 0.01186889 -0.00341177 -0.04435295 0.56862745 0.45882353 0.43137255
v 0.01367962 -0.00341177 -0.03752941 0.55294118 0.43529412 0.40392157
v 0.01206142 -0.00341177 0.02388239 0.60784314 0.56862745 0.52156863
v 0.01705885 -0.00344563 0.03070593 0.61568627 0.59215686 0.53725490
v 0.01705885 -0.00341177 0.03069133 0.61568627 0.59215686 0.53725490
v 0.01597446 0.00341183 -0.46741176 0.76862745 0.72941176 0.76862745
v 0.01673895 0.00341183 -0.46058825 0.66666667 0.70588235 0.78039216
v 0.01649344 0.00341183 -0.45376471 0.46274510 0.60392157 0.75294118
v 0.01621759 0.00341183 -0.44694117 0.25490196 0.42745098 0.66274510
v 0.01673353 0.00341183 -0.44011766 0.20000000 0.31764706 0.58823529
v 0.01705885 0.00179797 -0.44011766 0.21960784 0.35686275 0.62745098
v 0.01705885 0.00341183 -0.43808380 0.18823529 0.28627451 0.56470588
v 0.01113796 0.00341183 -0.05117649 0.58431373 0.52156863 0.49803922
v 0.01254594 0.00341183 -0.04435295 0.58823529 0.49019608 0.46666667
v 0.01308423 0.00341183 -0.03752941 0.60000000 0.50196078 0.47450980
v 0.01070142 0.00341183 -0.03070587 0.61568627 0.56470588 0.53725490
v 0.01077861 0.00341183 0.01023537 0.61176471 0.57254902 0.53725490
v 0.01249534 0.00341183 0.01705885 0.61568627 0.56862745 0.52549020
v 0.01631618 0.00341183 0.02388239 0.60392157 0.56470588 0.51764706
v 0.01705885 0.00341183 0.02490109 0.60392157 0.56470588 0.51764706
v 0.01562983 0.01023537 -0.46741176 0.77254902 0.73725490 0.78431373
v 0.01554322 0.01023537 -0.46058825 0.61568627 0.64705882 0.75294118
v 0.01344889 0.01023537 -0.45376471 0.15294118 0.23137255 0.41176471
v 0.01463431 0.01023537 -0.44694117 0.10588235 0.17647059 0.36470588
v 0.01705885 0.00806051 -0.44011766 0.14117647 0.20392157 0.44705882
v 0.01705885 0.01023537 -0.44108304 0.15686275 0.22745098 0.45882353
v 0.01032114 0.01023537 -0.08529413 0.48235294 0.48627451 0.55294118
v 0.01175648 0.01023537 -0.07847059 0.51372549 0.49411765 0.53725490
v 0.01102996 0.01023537 -0.07164705 0.52549020 0.51764706 0.53333333
v 0.01084083 0.01023537 -0.06482351 0.53333333 0.52156863 0.51764706
v 0.01172590 0.01023537 -0.05799997 0.55294118 0.51764706 0.50980392
v 0.01248634 0.01023537 -0.05117649 0.55294118 0.49803922 0.48235294
v 0.01205301 0.01023537 -0.04435295 0.54117647 0.46666667 0.45098039
v 0.01232660 0.01023537 -0.03752941 0.54117647 0.46274510 0.44705882
v 0.01409614 0.01023537 -0.03070587 0.57647059 0.51764706 0.50196078
v 0.01377130 0.01023537 -0.02388233 0.60000000 0.56862745 0.54901961
v 0.01246649 0.01023537 -0.01705885 0.57647059 0.58823529 0.58431373
v 0.01223439 0.01023537 -0.01023531 0.59215686 0.60000000 0.59215686
v 0.01433092 0.01023537 -0.00341177 0.62352941 0.60000000 0.57254902
v 0.01705885 0.01012212 0.00341183 0.59215686 0.55686275 0.52941176
v 0.01705885 0.01023537 0.00252122 0.59607843 0.56078431 0.53333333
v 0.01705885 0.00956017 0.01023537 0.58431373 0.53333333 0.50196078
v 0.01705885 0.00855643 0.01705885 0.58039216 0.52941176 0.49803922
v 0.01705885 0.00454807 0.02388239 0.60000000 0.56078431 0.51372549
v 0.01279205 0.01705885 -0.46741176 0.74509804 0.73333333 0.78039216
v 0.01221305 0.01705885 -0.46058825 0.51372549 0.56470588 0.67843137
v 0.01185066 0.01705885 -0.45376471 0.14117647 0.20392157 0.35294118
v 0.01483423 0.01705885 -0.44694117 0.14509804 0.21568627 0.39215686
v 0.01705885 0.01705885 -0.44150320 0.20784314 0.29411765 0.50196078
v 0.01029003 0.01705885 -0.08529413 0.47058824 0.47843137 0.55686275
v 0.01164770 0.01705885 -0.07847059 0.49019608 0.47843137 0.52941176
v 0.01154298 0.01705885 -0.07164705 0.49019608 0.50196078 0.53333333
v 0.01153529 0.01705885 -0.06482351 0.50588235 0.50980392 0.52156863
v 0.01239246 0.01705885 -0.05799997 0.53333333 0.50588235 0.50588235
v 0.01321352 0.01705885 -0.05117649 0.54509804 0.49411765 0.49019608
v 0.01306754 0.01705885 -0.04435295 0.53333333 0.46666667 0.46274510
v 0.01373625 0.01705885 -0.03752941 0.53725490 0.46666667 0.46274510
v 0.01535475 0.01705885 -0.03070587 0.58823529 0.54117647 0.53725490
v 0.01397377 0.01705885 -0.02388233 0.61176471 0.60784314 0.61176471
v 0.01222026 0.01705885 -0.01705885 0.57254902 0.61176471 0.63137255
v 0.01526386 0.01705885 -0.01023531 0.52549020 0.56470588 0.58431373
v 0.01705885 0.01472193 -0.00341177 0.51764706 0.49411765 0.48627451
v 0.01705885 0.01705885 -0.00651848 0.49019608 0.49411765 0.50196078
v 0.01078814 0.02388239 -0.46058825 0.62352941 0.67450980 0.74117647
v 0.01145482 0.02388239 -0.45376471 0.37254902 0.47843137 0.61960784
v 0.01389086 0.02388239 -0.44694117 0.17254902 0.26274510 0.43921569
v 0.01636118 0.02388239 -0.44011766 0.18431373 0.25098039 0.46274510
v 0.01705885 0.01899302 -0.44011766 0.21568627 0.29019608 0.50588235
v 0.01705885 0.02388239 -0.43824443 0.20392157 0.26666667 0.49019608
v 0.01028204 0.02388239 -0.05799997 0.52941176 0.52549020 0.54117647
v 0.01165569 0.02388239 -0.05117649 0.54901961 0.51372549 0.51764706
v 0.01447934 0.02388239 -0.04435295 0.54901961 0.49411765 0.49411765
v 0.01496524 0.02388239 -0.03752941 0.57647059 0.52156863 0.52156863
v 0.01259762 0.02388239 -0.03070587 0.60784314 0.58431373 0.59215686
v 0.01212829 0.02388239 -0.02388233 0.61176471 0.63529412 0.65882353
v 0.01705885 0.02354008 -0.01705885 0.47843137 0.55686275 0.61176471
v 0.01705885 0.02388239 -0.01729459 0.47843137 0.55686275 0.61176471
v 0.01705885 0.02142972 -0.01023531 0.39607843 0.45490196 0.49803922
v 0.01705885 0.02155995 0.01023537 0.44705882 0.39607843 0.36862745
v 0.01601779 0.02388239 0.01023537 0.44705882 0.39215686 0.36470588
v 0.01705885 0.02388239 0.00370407 0.38039216 0.34117647 0.32941176
v 0.01705885 0.02388239 0.01230699 0.45882353 0.40000000 0.36862745
v 0.01374155 0.03070593 -0.44694117 0.30196078 0.40392157 0.56862745
v 0.01562434 0.03070593 -0.44011766 0.17647059 0.24705882 0.44313725
v 0.01685065 0.03070593 -0.43329409 0.20000000 0.26666667 0.48627451
v 0.01705885 0.02956718 -0.43329409 0.20784314 0.27450980 0.50196078
v 0.01705885 0.03070593 -0.43255535 0.20392157 0.26666667 0.49411765
v 0.01133239 0.03070593 -0.05117649 0.53333333 0.52941176 0.54901961
v 0.01705885 0.02981037 -0.04435295 0.55294118 0.50588235 0.51372549
v 0.01705885 0.03070593 -0.04454041 0.54901961 0.50980392 0.52156863
v 0.01705885 0.03070593 -0.04258704 0.54117647 0.49019608 0.50196078
v 0.01604229 0.03070593 -0.03752941 0.59215686 0.55294118 0.56078431
v 0.01238859 0.03070593 -0.03070587 0.59215686 0.60000000 0.62352941
v 0.01705885 0.03054476 -0.02388233 0.59215686 0.64313725 0.69411765
v 0.01705885 0.03070593 -0.02401567 0.59215686 0.64313725 0.69411765
v 0.01705885 0.02478760 -0.01023531 0.28627451 0.34901961 0.40392157
v 0.01358950 0.03070593 -0.01023531 0.24313725 0.31372549 0.37254902
v 0.01705885 0.03070593 -0.01511210 0.21960784 0.30980392 0.39607843
v 0.01705885 0.02496731 -0.00341177 0.30980392 0.30980392 0.32156863
v 0.01377672 0.03070593 -0.00341177 0.28627451 0.29803922 0.31372549
v 0.01705885 0.02451783 0.00341183 0.38039216 0.34117647 0.32549020
v 0.01655340 0.03070593 0.00341183 0.36078431 0.32156863 0.30588235
v 0.01705885 0.02508330 0.01023537 0.43921569 0.38431373 0.35686275
v 0.01705885 0.03070593 0.00399280 0.36078431 0.31764706 0.30196078
v 0.01155335 0.03752947 -0.44011766 0.30196078 0.38823529 0.54901961
v 0.01613998 0.03752947 -0.43329409 0.35294118 0.48235294 0.64313725
v 0.01705885 0.03752947 -0.43144518 0.54901961 0.66666667 0.76470588
v 0.01162249 0.03752947 -0.05117649 0.51764706 0.54509804 0.58039216
v 0.01705885 0.03752947 -0.04539502 0.52941176 0.52549020 0.55294118
v 0.01695228 0.03752947 -0.03752941 0.56862745 0.56078431 0.58431373
v 0.01705885 0.03752947 -0.03778148 0.56862745 0.56078431 0.58431373
v 0.01322079 0.03752947 -0.03070587 0.58039216 0.60784314 0.65098039
v 0.01705885 0.03752947 -0.02626330 0.60000000 0.65882353 0.71372549
v 0.01705885 0.03273827 -0.01705885 0.19607843 0.27843137 0.37254902
v 0.01393425 0.03752947 -0.01705885 0.19215686 0.27843137 0.37254902
v 0.01705885 0.03752947 -0.02086371 0.21176471 0.29803922 0.41568627
v 0.01124096 0.03752947 -0.01023531 0.27058824 0.33333333 0.40000000
v 0.01705885 0.03684187 -0.00341177 0.23137255 0.25490196 0.28627451
v 0.01705885 0.03752947 -0.00359648 0.21568627 0.24313725 0.27843137
v 0.01705885 0.03119713 0.00341183 0.34901961 0.30980392 0.29803922
v 0.01705885 0.04435301 -0.42769384 0.66666667 0.72156863 0.77254902
v 0.01130962 0.04435301 -0.05799997 0.49803922 0.55294118 0.60784314
v 0.01621079 0.04435301 -0.05117649 0.51372549 0.54117647 0.58431373
v 0.01705885 0.04435301 -0.05031043 0.51764706 0.54117647 0.58431373
v 0.01705885 0.03766149 -0.03752941 0.56862745 0.56078431 0.58431373
v 0.01705885 0.04435301 -0.03106827 0.59215686 0.61960784 0.66274510
v 0.01676339 0.04435301 -0.03070587 0.59607843 0.62352941 0.67058824
v 0.01705885 0.04435301 -0.03037369 0.59607843 0.62745098 0.67450980
v 0.01345801 0.04435301 -0.01705885 0.22745098 0.30980392 0.39607843
v 0.01705885 0.04435301 -0.02073383 0.12941176 0.18823529 0.28627451
v 0.01226300 0.04435301 -0.01023531 0.27843137 0.34509804 0.40784314
v 0.01705885 0.04435301 -0.00550359 0.11764706 0.14509804 0.19215686
v 0.01705885 0.04557121 -0.42647058 0.64705882 0.68627451 0.74117647
v 0.01705885 0.04926336 -0.41964704 0.31764706 0.25882353 0.34117647
v 0.01202375 0.05117655 -0.41282350 0.46274510 0.41568627 0.47450980
v 0.01705885 0.04729623 -0.41282350 0.34509804 0.36078431 0.49019608
v 0.01502240 0.05117655 -0.40599999 0.40392157 0.40000000 0.49019608
v 0.01705885 0.05029505 -0.40599999 0.38431373 0.39607843 0.51372549
v 0.01705885 0.05117655 -0.39950699 0.32941176 0.37647059 0.50980392
v 0.01036739 0.05117655 -0.18764704 0.48235294 0.55686275 0.68235294
v 0.01101494 0.05117655 -0.16717649 0.45882353 0.53333333 0.66274510
v 0.01068950 0.05117655 -0.16035295 0.50980392 0.55686275 0.67058824
v 0.01112789 0.05117655 -0.13988233 0.46666667 0.49803922 0.61176471
v 0.01197034 0.05117655 -0.13305885 0.50588235 0.56862745 0.67058824
v 0.01304811 0.05117655 -0.12623531 0.39215686 0.48627451 0.61176471
v 0.01309937 0.05117655 -0.11941177 0.37647059 0.47058824 0.59607843
v 0.01204324 0.05117655 -0.11258823 0.47058824 0.52549020 0.62352941
v 0.01247513 0.05117655 -0.10576469 0.50980392 0.52941176 0.61568627
v 0.01239061 0.05117655 -0.09894115 0.53725490 0.52941176 0.60000000
v 0.01259327 0.05117655 -0.09211767 0.54901961 0.53725490 0.59607843
v 0.01360369 0.05117655 -0.08529413 0.52941176 0.54117647 0.60000000
v 0.01472825 0.05117655 -0.07847059 0.52156863 0.55686275 0.61568627
v 0.01532710 0.05117655 -0.07164705 0.50588235 0.56470588 0.61960784
v 0.01705885 0.05117291 -0.06482351 0.50588235 0.55686275 0.60784314
v 0.01705885 0.05117655 -0.06490171 0.50588235 0.55686275 0.60784314
v 0.01705885 0.04995042 -0.05799997 0.51764706 0.54509804 0.59215686
v 0.01705885 0.04520261 -0.05117649 0.51764706 0.54117647 0.58431373
v 0.01705885 0.04471087 -0.03070587 0.60000000 0.62352941 0.67058824
v 0.01704967 0.05117655 -0.01705885 0.26666667 0.32156863 0.38431373
v 0.01705885 0.05117655 -0.01706797 0.26666667 0.32156863 0.38431373
v 0.01705885 0.04968762 -0.01023531 0.22745098 0.28235294 0.34117647
v 0.01705885 0.05117655 -0.01704031 0.26666667 0.32156863 0.38431373
v 0.01705885 0.05138487 -0.39917645 0.32941176 0.37647059 0.50588235
v 0.01083452 0.05800003 -0.39235291 0.34509804 0.35686275 0.41568627
v 0.01705885 0.05502415 -0.39235291 0.32156863 0.35294118 0.46666667
v 0.01705885 0.05620188 -0.38552940 0.33725490 0.35294118 0.47058824
v 0.01705885 0.05681908 -0.37870586 0.28627451 0.27843137 0.41176471
v 0.01705885 0.05744529 -0.37188232 0.25490196 0.23529412 0.38431373
v 0.01688653 0.05800003 -0.36505878 0.23921569 0.21568627 0.38431373
v 0.01705885 0.05799526 -0.36505878 0.23529412 0.21568627 0.38431373
v 0.01705885 0.05800003 -0.36456615 0.23529412 0.21960784 0.38431373
v 0.01064223 0.05800003 -0.27635294 0.30196078 0.36470588 0.56470588
v 0.01024175 0.05800003 -0.26952940 0.31372549 0.33725490 0.54117647
v 0.01070124 0.05800003 -0.24905878 0.31764706 0.32941176 0.52549020
v 0.01127702 0.05800003 -0.24223530 0.31372549 0.36078431 0.55294118
v 0.01037067 0.05800003 -0.23541176 0.25490196 0.31372549 0.49803922
v 0.01190025 0.05800003 -0.22176468 0.31764706 0.36862745 0.55686275
v 0.01230013 0.05800003 -0.21494114 0.34117647 0.34509804 0.54117647
v 0.01310146 0.05800003 -0.19447058 0.34901961 0.33725490 0.52156863
v 0.01455069 0.05800003 -0.18764704 0.34509804 0.38823529 0.56078431
v 0.01272327 0.05800003 -0.18082350 0.27843137 0.33725490 0.49411765
v 0.01219767 0.05800003 -0.17399997 0.28627451 0.34509804 0.49411765
v 0.01705885 0.05776089 -0.16717649 0.36078431 0.41568627 0.58431373
v 0.01705885 0.05800003 -0.16785508 0.34117647 0.39607843 0.56862745
v 0.01705885 0.05769950 -0.16035295 0.38431373 0.39215686 0.56862745
v 0.01705885 0.05800003 -0.15826881 0.37254902 0.35686275 0.53725490
v 0.01479268 0.05800003 -0.15352941 0.38823529 0.32941176 0.49803922
v 0.01414663 0.05800003 -0.14670587 0.40000000 0.32941176 0.48627451
v 0.01705885 0.05738741 -0.13988233 0.36470588 0.35686275 0.52156863
v 0.01705885 0.05800003 -0.14218348 0.36470588 0.33333333 0.50196078
v 0.01705885 0.05648774 -0.13305885 0.38431373 0.42352941 0.57647059
v 0.01705885 0.05541432 -0.12623531 0.36078431 0.43529412 0.58039216
v 0.01705885 0.05528218 -0.11941177 0.35686275 0.43137255 0.57254902
v 0.01705885 0.05582178 -0.11258823 0.43137255 0.47450980 0.59215686
v 0.01705885 0.05532295 -0.10576469 0.45882353 0.46666667 0.56862745
v 0.01705885 0.05544043 -0.09894115 0.46666667 0.42745098 0.52156863
v 0.01705885 0.05524039 -0.09211767 0.49411765 0.45098039 0.52549020
v 0.01705885 0.05420256 -0.08529413 0.53333333 0.52156863 0.58431373
v 0.01705885 0.05324847 -0.07847059 0.53725490 0.55686275 0.61176471
v 0.01705885 0.05275315 -0.07164705 0.52156863 0.56078431 0.61176471
v 0.01705885 0.05119270 -0.01705885 0.26666667 0.32156863 0.38431373
v 0.01705885 0.05842203 -0.35823530 0.21176471 0.22745098 0.41176471
v 0.01705885 0.05993533 -0.35141176 0.18431373 0.23137255 0.43137255
v 0.01705885 0.06284237 -0.34458822 0.19215686 0.26274510 0.47058824
v 0.01705885 0.06369913 -0.33776468 0.18823529 0.27058824 0.48627451
v 0.01705885 0.06286889 -0.33094114 0.16078431 0.20784314 0.42745098
v 0.01705885 0.06305331 -0.32411760 0.19215686 0.22352941 0.45098039
v 0.01705885 0.06392592 -0.31729412 0.23137255 0.25490196 0.51372549
v 0.01705885 0.06421322 -0.31047058 0.26274510 0.27843137 0.54509804
v 0.01705885 0.06384528 -0.30364704 0.25098039 0.26274510 0.50980392
v 0.01705885 0.06404513 -0.29682350 0.23921569 0.26274510 0.48627451
v 0.01705885 0.06425047 -0.28999996 0.20784314 0.25882353 0.46666667
v 0.01705885 0.06458724 -0.28317648 0.20784314 0.26274510 0.47058824
v 0.01705885 0.06446630 -0.27635294 0.25098039 0.27450980 0.48627451
v 0.01705885 0.06463873 -0.26952940 0.28235294 0.28235294 0.50588235
v 0.01705885 0.06482357 -0.26813781 0.28235294 0.28235294 0.50980392
v 0.01555216 0.06482357 -0.26270586 0.31372549 0.28627451 0.51764706
v 0.01472330 0.06482357 -0.25588232 0.32941176 0.28235294 0.51372549
v 0.01558536 0.06482357 -0.24905878 0.31372549 0.28235294 0.49411765
v 0.01465183 0.06482357 -0.24223530 0.27450980 0.28235294 0.47450980
v 0.01454747 0.06482357 -0.23541176 0.25098039 0.29803922 0.47450980
v 0.01330286 0.06482357 -0.22858822 0.25490196 0.30980392 0.47843137
v 0.01408470 0.06482357 -0.22176468 0.28627451 0.29803922 0.48235294
v 0.01460212 0.06482357 -0.21494114 0.34117647 0.30980392 0.50588235
v 0.01456749 0.06482357 -0.20811766 0.38431373 0.31764706 0.53333333
v 0.01433372 0.06482357 -0.20129412 0.39215686 0.32549020 0.54509804
v 0.01705885 0.06422216 -0.19447058 0.34901961 0.32156863 0.51764706
v 0.01705885 0.06482357 -0.19526410 0.35294118 0.32156863 0.52156863
v 0.01705885 0.06315327 -0.18764704 0.30196078 0.31372549 0.49411765
v 0.01705885 0.06377161 -0.18082350 0.28235294 0.32941176 0.48235294
v 0.01705885 0.06454265 -0.17399997 0.29019608 0.33333333 0.47450980
v 0.01705885 0.06045896 -0.15352941 0.38431373 0.32549020 0.49803922
v 0.01705885 0.06083894 -0.14670587 0.40392157 0.33725490 0.50588235
v 0.01705885 0.06612527 -0.26270586 0.29803922 0.30588235 0.54509804
v 0.01705885 0.06688899 -0.25588232 0.31764706 0.32549020 0.56862745
v 0.01705885 0.06604230 -0.24905878 0.29803922 0.28627451 0.50588235
v 0.01705885 0.06668550 -0.24223530 0.29019608 0.29411765 0.48627451
v 0.01705885 0.06671166 -0.23541176 0.25490196 0.30588235 0.48235294
v 0.01705885 0.06763679 -0.22858822 0.26666667 0.33333333 0.50588235
v 0.01705885 0.06717414 -0.22176468 0.30588235 0.31764706 0.50196078
v 0.01705885 0.06694359 -0.21494114 0.32941176 0.31764706 0.52549020
v 0.01705885 0.06721050 -0.20811766 0.35686275 0.34509804 0.58039216
v 0.01705885 0.06746751 -0.20129412 0.38039216 0.37647059 0.60784314
v 0.02388239 -0.15465927 -0.05799997 0.32156863 0.32156863 0.38823529
v 0.02290148 -0.15352941 -0.05799997 0.32941176 0.33333333 0.40392157
v 0.02388239 -0.15352941 -0.05975389 0.32156863 0.32941176 0.39607843
v 0.02388239 -0.15521109 -0.05117649 0.32156863 0.31764706 0.38823529
v 0.02238375 -0.15352941 -0.05117649 0.32941176 0.32941176 0.40784314
v 0.02388239 -0.15352941 -0.04604471 0.27450980 0.28235294 0.38039216
v 0.01885021 -0.14670587 -0.05799997 0.38823529 0.38431373 0.46274510
v 0.02388239 -0.14670587 -0.06437427 0.30588235 0.31764706 0.39215686
v 0.01868248 -0.14670587 -0.05117649 0.37254902 0.36078431 0.44313725
v 0.02388239 -0.15303749 -0.04435295 0.27843137 0.29019608 0.40000000
v 0.02012151 -0.14670587 -0.04435295 0.28627451 0.26666667 0.38039216
v 0.02388239 -0.15119374 -0.03752941 0.27058824 0.29019608 0.40784314
v 0.02079529 -0.14670587 -0.03752941 0.28627451 0.26274510 0.37647059
v 0.02388239 -0.14670587 -0.03229761 0.25098039 0.24313725 0.35294118
v 0.01969916 -0.13988233 -0.05799997 0.27843137 0.27450980 0.33333333
v 0.02388239 -0.13988233 -0.06246126 0.24313725 0.24313725 0.30196078
v 0.02114576 -0.13988233 -0.05117649 0.25490196 0.24313725 0.30980392
v 0.02388239 -0.14134139 -0.04435295 0.20000000 0.18039216 0.28235294
v 0.02388239 -0.13988233 -0.04674882 0.15686275 0.14509804 0.23921569
v 0.02388239 -0.14051014 -0.03752941 0.21568627 0.20000000 0.30588235
v 0.02058458 -0.13305885 -0.05799997 0.24705882 0.24313725 0.27843137
v 0.02388239 -0.13305885 -0.06129307 0.19215686 0.18823529 0.22352941
v 0.02388239 -0.13609070 -0.05117649 0.15294118 0.14509804 0.21176471
v 0.02388239 -0.13305885 -0.05348188 0.21960784 0.21176471 0.26274510
v 0.02388239 -0.13305885 -0.04559708 0.49411765 0.48627451 0.56470588
v 0.02323908 -0.13305885 -0.04435295 0.46666667 0.45490196 0.53333333
v 0.02388239 -0.13475001 -0.04435295 0.44705882 0.43529412 0.52941176
v 0.02388239 -0.13774794 -0.03752941 0.23529412 0.21960784 0.33333333
v 0.02283514 -0.13305885 -0.03752941 0.39607843 0.39215686 0.48627451
v 0.02388239 -0.13642812 -0.03070587 0.42745098 0.45098039 0.55686275
v 0.02175581 -0.13305885 -0.03070587 0.52156863 0.55686275 0.63529412
v 0.02388239 -0.13792723 -0.02388233 0.44313725 0.47843137 0.56862745
v 0.02107108 -0.13305885 -0.02388233 0.40392157 0.47058824 0.57254902
v 0.02388239 -0.13673764 -0.01705885 0.30980392 0.36078431 0.46666667
v 0.02183169 -0.13305885 -0.01705885 0.28627451 0.36470588 0.48627451
v 0.02388239 -0.13631022 -0.01023531 0.30588235 0.34901961 0.45490196
v 0.02212209 -0.13305885 -0.01023531 0.28627451 0.35686275 0.47058824
v 0.02388239 -0.13601309 -0.00341177 0.42352941 0.45490196 0.53333333
v 0.02219129 -0.13305885 -0.00341177 0.40000000 0.43921569 0.52549020
v 0.02388239 -0.13350528 0.00341183 0.43137255 0.43529412 0.50588235
v 0.02359462 -0.13305885 0.00341183 0.43529412 0.43529412 0.50588235
v 0.02388239 -0.13332570 0.01023537 0.38823529 0.37647059 0.44313725
v 0.02370143 -0.13305885 0.01023537 0.38823529 0.37647059 0.44313725
v 0.02388239 -0.13305885 0.01169831 0.38431373 0.36862745 0.43529412
v 0.02388239 -0.12787890 -0.05799997 0.25098039 0.24705882 0.27058824
v 0.01953626 -0.12623531 -0.04435295 0.45882353 0.43137255 0.46666667
v 0.02388239 -0.12623531 -0.04927444 0.54117647 0.54117647 0.56862745
v 0.01924241 -0.12623531 -0.03752941 0.38039216 0.36862745 0.42745098
v 0.01932603 -0.12623531 -0.03070587 0.46666667 0.53333333 0.61176471
v 0.01945102 -0.12623531 -0.02388233 0.34509804 0.46274510 0.57647059
v 0.01861292 -0.12623531 -0.01705885 0.29019608 0.43529412 0.57647059
v 0.01886749 -0.12623531 -0.01023531 0.29411765 0.41960784 0.55686275
v 0.02008051 -0.12623531 -0.00341177 0.36078431 0.42745098 0.52941176
v 0.02029353 -0.12623531 0.00341183 0.44705882 0.45098039 0.50980392
v 0.01968384 -0.12623531 0.01023537 0.59607843 0.61568627 0.64313725
v 0.02388239 -0.13115776 0.01705885 0.37647059 0.36078431 0.42745098
v 0.02127916 -0.12623531 0.01705885 0.52549020 0.54509804 0.58431373
v 0.02388239 -0.12775034 0.02388239 0.35294118 0.36862745 0.46274510
v 0.02307653 -0.12623531 0.02388239 0.34509804 0.36470588 0.45490196
v 0.02388239 -0.12811571 0.03070593 0.31372549 0.39215686 0.52156863
v 0.02274978 -0.12623531 0.03070593 0.30196078 0.39607843 0.52549020
v 0.02388239 -0.12937129 0.03752947 0.27843137 0.40392157 0.55686275
v 0.02154297 -0.12623531 0.03752947 0.23921569 0.38431373 0.54901961
v 0.02388239 -0.12623531 0.04323298 0.24705882 0.39607843 0.56862745
v 0.02103406 -0.11941177 -0.04435295 0.38039216 0.35686275 0.38823529
v 0.02388239 -0.11941177 -0.04741246 0.41960784 0.41176471 0.43921569
v 0.02029377 -0.11941177 -0.03752941 0.33725490 0.32941176 0.37647059
v 0.02048802 -0.11941177 -0.03070587 0.44705882 0.51372549 0.59215686
v 0.02048159 -0.11941177 -0.02388233 0.30196078 0.42352941 0.54509804
v 0.01808405 -0.11941177 -0.01705885 0.30196078 0.45098039 0.58823529
v 0.01821029 -0.11941177 -0.01023531 0.30196078 0.43921569 0.57254902
v 0.01962531 -0.11941177 -0.00341177 0.32549020 0.40000000 0.50196078
v 0.01946729 -0.11941177 0.00341183 0.43137255 0.43529412 0.49803922
v 0.01772773 -0.11941177 0.01023537 0.56862745 0.58039216 0.61176471
v 0.01758355 -0.11941177 0.01705885 0.56862745 0.58431373 0.61568627
v 0.02085185 -0.11941177 0.02388239 0.32156863 0.34509804 0.44313725
v 0.02041686 -0.11941177 0.03070593 0.28627451 0.38823529 0.53333333
v 0.01976234 -0.11941177 0.03752947 0.23137255 0.39215686 0.56862745
v 0.02388239 -0.12516749 0.04435301 0.23921569 0.39215686 0.56862745
v 0.02137661 -0.11941177 0.04435301 0.22352941 0.38431373 0.57254902
v 0.02388239 -0.11941177 0.04757667 0.24705882 0.39215686 0.58039216
v 0.02388239 -0.11625385 -0.04435295 0.21568627 0.18823529 0.23137255
v 0.02388239 -0.11551136 -0.03752941 0.25490196 0.23529412 0.29803922
v 0.02388239 -0.11519283 -0.03070587 0.47450980 0.51372549 0.58823529
v 0.02388239 -0.11258823 -0.02585733 0.23137255 0.26666667 0.36470588
v 0.02244341 -0.11258823 -0.02388233 0.23137255 0.27843137 0.37254902
v 0.01949900 -0.11258823 -0.01705885 0.21960784 0.29411765 0.40784314
v 0.01922458 -0.11258823 -0.01023531 0.21960784 0.28627451 0.39215686
v 0.01929128 -0.11258823 -0.00341177 0.22745098 0.25098039 0.33725490
v 0.01916027 -0.11258823 0.00341183 0.32549020 0.31764706 0.40000000
v 0.01742715 -0.11258823 0.01023537 0.34509804 0.32549020 0.39215686
v 0.01892084 -0.11258823 0.02388239 0.28235294 0.29019608 0.40000000
v 0.01963001 -0.11258823 0.03070593 0.27843137 0.35294118 0.51764706
v 0.02100450 -0.11258823 0.03752947 0.25098039 0.38431373 0.58039216
v 0.02235848 -0.11258823 0.04435301 0.23921569 0.37254902 0.57647059
v 0.02388239 -0.11258823 0.04700935 0.25882353 0.38431373 0.58431373
v 0.01989013 -0.10576469 -0.37188232 0.31372549 0.34117647 0.52156863
v 0.02181500 -0.10576469 -0.36505878 0.31764706 0.36078431 0.54901961
v 0.02259380 -0.10576469 -0.35823530 0.30588235 0.34901961 0.52941176
v 0.02336675 -0.10576469 -0.35141176 0.28627451 0.33333333 0.50196078
v 0.02371520 -0.10576469 -0.34458822 0.25490196 0.31372549 0.47058824
v 0.02388239 -0.10576469 -0.34395218 0.25882353 0.31764706 0.47450980
v 0.02388239 -0.10713726 -0.33776468 0.25490196 0.32156863 0.46666667
v 0.02388239 -0.10816097 -0.33094114 0.26666667 0.32549020 0.48627451
v 0.02388239 -0.10943323 -0.32411760 0.29019608 0.34509804 0.51764706
v 0.02388239 -0.11023653 -0.31729412 0.30980392 0.35686275 0.54509804
v 0.02388239 -0.11066496 -0.31047058 0.31372549 0.36470588 0.55294118
v 0.02388239 -0.11049670 -0.30364704 0.28627451 0.34901961 0.53333333
v 0.02388239 -0.11015725 -0.29682350 0.25490196 0.33333333 0.50196078
v 0.02388239 -0.10996127 -0.28999996 0.22745098 0.31372549 0.46666667
v 0.02388239 -0.11030996 -0.28317648 0.21960784 0.30980392 0.45098039
v 0.02388239 -0.11020231 -0.27635294 0.25490196 0.33333333 0.48235294
v 0.02388239 -0.11063039 -0.26952940 0.29019608 0.35294118 0.50196078
v 0.02388239 -0.11088902 -0.26270586 0.32156863 0.36862745 0.51764706
v 0.02388239 -0.11094880 -0.25588232 0.33725490 0.37647059 0.52156863
v 0.02388239 -0.11046743 -0.24905878 0.31764706 0.36862745 0.50196078
v 0.02388239 -0.11007452 -0.24223530 0.29411765 0.35294118 0.47450980
v 0.02388239 -0.10935485 -0.23541176 0.27843137 0.34509804 0.45098039
v 0.02388239 -0.10900927 -0.22858822 0.27843137 0.34509804 0.44705882
v 0.02388239 -0.10969716 -0.22176468 0.30588235 0.36078431 0.46666667
v 0.02388239 -0.11011785 -0.21494114 0.33725490 0.37647059 0.49019608
v 0.02388239 -0.11026829 -0.20811766 0.36862745 0.38823529 0.51372549
v 0.02388239 -0.11036241 -0.20129412 0.37647059 0.39607843 0.51372549
v 0.01718706 -0.10576469 -0.19447058 0.36078431 0.38039216 0.50196078
v 0.02388239 -0.10998040 -0.19447058 0.35294118 0.38823529 0.49803922
v 0.02388239 -0.10948992 -0.18764704 0.32941176 0.37647059 0.47843137
v 0.01780331 -0.10576469 -0.18764704 0.33725490 0.38039216 0.48627451
v 0.02388239 -0.10871053 -0.18082350 0.30980392 0.36470588 0.46274510
v 0.01896429 -0.10576469 -0.18082350 0.31764706 0.37647059 0.47450980
v 0.02388239 -0.10834962 -0.17399997 0.30980392 0.36862745 0.45882353
v 0.01954651 -0.10576469 -0.17399997 0.31764706 0.38039216 0.47058824
v 0.02388239 -0.10885626 -0.16717649 0.34509804 0.38039216 0.47450980
v 0.01886743 -0.10576469 -0.16717649 0.34901961 0.38431373 0.48627451
v 0.02388239 -0.10904360 -0.16035295 0.38039216 0.40000000 0.49803922
v 0.01882148 -0.10576469 -0.16035295 0.38039216 0.39215686 0.50196078
v 0.02388239 -0.10931128 -0.15352941 0.41176471 0.41568627 0.51372549
v 0.01876837 -0.10576469 -0.15352941 0.40000000 0.40000000 0.51764706
v 0.02388239 -0.10914928 -0.14670587 0.41960784 0.41960784 0.51764706
v 0.01911074 -0.10576469 -0.14670587 0.40392157 0.40392157 0.52156863
v 0.02388239 -0.10791945 -0.13988233 0.40000000 0.40784314 0.50196078
v 0.02061909 -0.10576469 -0.13988233 0.39215686 0.40000000 0.50588235
v 0.02388239 -0.10721582 -0.13305885 0.38039216 0.39607843 0.48235294
v 0.02162647 -0.10576469 -0.13305885 0.37647059 0.39607843 0.48627451
v 0.02388239 -0.10629231 -0.12623531 0.36078431 0.39215686 0.47058824
v 0.02304775 -0.10576469 -0.12623531 0.36078431 0.39215686 0.47058824
v 0.02388239 -0.10576469 -0.12232357 0.35294118 0.38823529 0.46274510
v 0.02283013 -0.10576469 -0.02388233 0.17647059 0.17254902 0.23137255
v 0.02388239 -0.10576469 -0.02535242 0.17647059 0.16862745 0.22352941
v 0.01924318 -0.10576469 -0.01705885 0.18039216 0.20000000 0.25882353
v 0.01759857 -0.10576469 -0.01023531 0.21176471 0.23529412 0.29411765
v 0.01794654 -0.10576469 -0.00341177 0.20784314 0.20784314 0.27058824
v 0.01857442 -0.10576469 0.00341183 0.24705882 0.23529412 0.31764706
v 0.01720709 -0.10576469 0.02388239 0.32156863 0.32156863 0.43921569
v 0.01867044 -0.10576469 0.03070593 0.29803922 0.35294118 0.51764706
v 0.02045465 -0.10576469 0.03752947 0.27058824 0.37647059 0.57647059
v 0.02120280 -0.10576469 0.04435301 0.27058824 0.37647059 0.58039216
v 0.02388239 -0.10576469 0.05058485 0.32156863 0.40392157 0.58823529
v 0.01756394 -0.09894115 -0.41964704 0.25882353 0.35294118 0.60784314
v 0.01991218 -0.09894115 -0.41282350 0.20784314 0.27843137 0.52549020
v 0.02036023 -0.09894115 -0.40599999 0.18431373 0.22745098 0.43921569
v 0.02034116 -0.09894115 -0.39917645 0.21176471 0.24705882 0.43921569
v 0.02152807 -0.09894115 -0.39235291 0.20784314 0.23921569 0.42745098
v 0.02271712 -0.09894115 -0.38552940 0.18431373 0.22745098 0.43921569
v 0.02388239 -0.09894115 -0.38215673 0.20392157 0.26274510 0.48235294
v 0.02388239 -0.10109824 -0.37870586 0.24705882 0.30588235 0.51764706
v 0.02388239 -0.10353619 -0.37188232 0.29019608 0.35686275 0.56078431
v 0.02388239 -0.10498196 -0.36505878 0.30588235 0.36862745 0.57254902
v 0.02388239 -0.10538608 -0.35823530 0.30588235 0.35294118 0.53725490
v 0.02388239 -0.10561359 -0.35141176 0.28627451 0.33333333 0.50588235
v 0.02388239 -0.10574120 -0.34458822 0.25882353 0.31764706 0.47058824
v 0.02388239 -0.10567802 -0.11941177 0.35686275 0.38431373 0.46666667
v 0.02388239 -0.10534322 -0.11258823 0.36470588 0.38039216 0.47058824
v 0.02388239 -0.10509950 -0.10576469 0.36078431 0.36862745 0.47058824
v 0.01751471 -0.09894115 -0.09894115 0.34117647 0.37254902 0.51764706
v 0.02388239 -0.10479730 -0.09894115 0.35294118 0.36078431 0.47058824
v 0.02388239 -0.10354656 -0.09211767 0.33333333 0.34509804 0.47058824
v 0.01880807 -0.09894115 -0.09211767 0.32156863 0.36470588 0.51372549
v 0.02388239 -0.09980553 -0.08529413 0.27450980 0.33333333 0.46666667
v 0.02288270 -0.09894115 -0.08529413 0.27450980 0.34117647 0.47450980
v 0.02388239 -0.09894115 -0.08383602 0.27058824 0.34117647 0.47450980
v 0.02222258 -0.09894115 -0.02388233 0.17254902 0.16470588 0.20784314
v 0.02388239 -0.09894115 -0.02798408 0.20000000 0.18431373 0.23137255
v 0.01853871 -0.09894115 -0.01705885 0.16470588 0.16862745 0.20000000
v 0.01789564 -0.09894115 0.00341183 0.22745098 0.21568627 0.30196078
v 0.01739472 -0.09894115 0.01023537 0.28627451 0.29803922 0.41960784
v 0.01763046 -0.09894115 0.03070593 0.32156863 0.36078431 0.52941176
v 0.01881927 -0.09894115 0.03752947 0.32156863 0.40392157 0.59607843
v 0.01893359 -0.09894115 0.04435301 0.36078431 0.45490196 0.62745098
v 0.02388239 -0.10479510 0.05117655 0.32941176 0.40784314 0.58823529
v 0.02222788 -0.09894115 0.05117655 0.39215686 0.45882353 0.62745098
v 0.02388239 -0.09894115 0.05440986 0.40000000 0.44705882 0.61176471
v 0.02094537 -0.09211767 -0.41964704 0.19607843 0.29803922 0.59215686
v 0.02202201 -0.09211767 -0.41282350 0.13333333 0.19607843 0.47843137
v 0.02278906 -0.09211767 -0.40599999 0.12941176 0.17254902 0.42352941
v 0.02319103 -0.09211767 -0.39917645 0.20000000 0.24705882 0.49411765
v 0.02359867 -0.09211767 -0.39235291 0.20000000 0.23529412 0.47450980
v 0.02388239 -0.09512013 -0.38552940 0.14509804 0.20392157 0.44705882
v 0.02388239 -0.09211767 -0.38955954 0.21568627 0.25098039 0.49411765
v 0.01722085 -0.09211767 -0.08529413 0.31372549 0.35294118 0.49019608
v 0.02388239 -0.09700060 -0.07847059 0.25098039 0.34509804 0.46274510
v 0.01860845 -0.09211767 -0.07847059 0.30980392 0.36470588 0.47450980
v 0.02388239 -0.09438974 -0.07164705 0.24705882 0.34509804 0.43921569
v 0.02129269 -0.09211767 -0.07164705 0.30196078 0.36470588 0.45098039
v 0.02388239 -0.09211767 -0.06607741 0.29411765 0.35686275 0.43529412
v 0.02133471 -0.09211767 -0.02388233 0.18039216 0.17254902 0.21176471
v 0.02388239 -0.09211767 -0.02881479 0.21960784 0.20392157 0.24705882
v 0.01762503 -0.09211767 -0.01705885 0.18823529 0.19215686 0.21960784
v 0.01797229 -0.09211767 0.00341183 0.23921569 0.22745098 0.32156863
v 0.01823217 -0.09211767 0.03070593 0.34117647 0.37647059 0.55686275
v 0.01938599 -0.09211767 0.03752947 0.34901961 0.42745098 0.61960784
v 0.01978528 -0.09211767 0.04435301 0.38431373 0.46666667 0.64705882
v 0.02318960 -0.09211767 0.05117655 0.43137255 0.48235294 0.64313725
v 0.02388239 -0.09211767 0.05253434 0.43529412 0.47843137 0.63921569
v 0.01987624 -0.08529413 -0.42647058 0.12941176 0.15294118 0.40784314
v 0.02214295 -0.08529413 -0.41964704 0.14117647 0.16470588 0.43529412
v 0.02293313 -0.08529413 -0.41282350 0.12941176 0.16078431 0.43529412
v 0.02339059 -0.08529413 -0.40599999 0.23529412 0.30196078 0.58431373
v 0.02387434 -0.08529413 -0.39917645 0.33333333 0.41176471 0.65490196
v 0.02388239 -0.09075958 -0.39235291 0.19607843 0.23137255 0.47450980
v 0.02388239 -0.08529413 -0.39905453 0.32941176 0.40784314 0.65098039
v 0.02388239 -0.09197086 -0.06482351 0.29803922 0.35294118 0.43137255
v 0.01814348 -0.08529413 -0.05799997 0.47843137 0.46274510 0.49803922
v 0.02388239 -0.09050697 -0.05799997 0.30980392 0.33333333 0.40392157
v 0.02388239 -0.08529413 -0.05178124 0.44705882 0.41568627 0.45882353
v 0.01958716 -0.08529413 -0.02388233 0.23529412 0.22745098 0.26666667
v 0.02388239 -0.08529413 -0.02897143 0.28627451 0.27058824 0.31372549
v 0.01723301 -0.08529413 -0.00341177 0.29411765 0.30196078 0.38039216
v 0.01727057 -0.08529413 0.02388239 0.41176471 0.42352941 0.56862745
v 0.01990372 -0.08529413 0.03070593 0.43529412 0.49411765 0.65882353
v 0.02031720 -0.08529413 0.03752947 0.41176471 0.50980392 0.68627451
v 0.02136803 -0.08529413 0.04435301 0.41176471 0.50588235 0.68627451
v 0.02270973 -0.08529413 0.05117655 0.50980392 0.56862745 0.69803922
v 0.02388239 -0.08529413 0.05378032 0.53333333 0.57647059 0.69411765
v 0.01955068 -0.07847059 -0.43329409 0.25882353 0.34117647 0.59607843
v 0.02247638 -0.07847059 -0.42647058 0.05490196 0.08235294 0.22352941
v 0.02333677 -0.07847059 -0.41964704 0.11764706 0.16862745 0.41568627
v 0.02361512 -0.07847059 -0.41282350 0.20000000 0.27843137 0.57647059
v 0.02388239 -0.08251542 -0.40599999 0.31764706 0.41176471 0.67450980
v 0.02388239 -0.07847059 -0.41010636 0.29803922 0.40392157 0.67450980
v 0.02388239 -0.08526909 -0.39917645 0.33333333 0.41176471 0.65490196
v 0.02388239 -0.08502436 -0.05117649 0.44705882 0.41568627 0.45882353
v 0.02388239 -0.07847059 -0.04447711 0.47843137 0.45490196 0.45882353
v 0.02388239 -0.08330137 -0.03070587 0.34509804 0.32941176 0.36862745
v 0.01964980 -0.07847059 -0.03070587 0.41960784 0.41176471 0.43137255
v 0.02388239 -0.07847059 -0.03581280 0.47058824 0.45490196 0.46274510
v 0.01777244 -0.07847059 0.04435301 0.43921569 0.56078431 0.70980392
v 0.01916766 -0.07847059 0.05117655 0.52941176 0.60392157 0.71372549
v 0.02388239 -0.07847059 0.05570138 0.59215686 0.61960784 0.70980392
v 0.01885456 -0.07164705 -0.44011766 0.57254902 0.64313725 0.75294118
v 0.02230310 -0.07164705 -0.43329409 0.12941176 0.19215686 0.37254902
v 0.02304691 -0.07164705 -0.42647058 0.64313725 0.71372549 0.79607843
v 0.02388239 -0.07346100 -0.41964704 0.62352941 0.70588235 0.80784314
v 0.02388239 -0.07164705 -0.42165157 0.67450980 0.74117647 0.79215686
v 0.02388239 -0.07262874 -0.41282350 0.23529412 0.34509804 0.61960784
v 0.02388239 -0.07828206 -0.04435295 0.48235294 0.45490196 0.45882353
v 0.02388239 -0.07766181 -0.03752941 0.49019608 0.47450980 0.47450980
v 0.01943272 -0.07164705 0.05117655 0.53725490 0.62745098 0.72941176
v 0.02388239 -0.07164705 0.05510348 0.53725490 0.57647059 0.68235294
v 0.02004290 -0.06482351 -0.44011766 0.57254902 0.63137255 0.74117647
v 0.02242368 -0.06482351 -0.43329409 0.17647059 0.24313725 0.44313725
v 0.02349949 -0.06482351 -0.42647058 0.55294118 0.63921569 0.75294118
v 0.02388239 -0.06482351 -0.42438674 0.62745098 0.70588235 0.79215686
v 0.02283841 -0.06482351 0.05117655 0.56470588 0.64313725 0.73333333
v 0.02388239 -0.06482351 0.05264986 0.52549020 0.59215686 0.69019608
v 0.02128112 -0.05799997 -0.44011766 0.58039216 0.61960784 0.74117647
v 0.02231967 -0.05799997 -0.43329409 0.20784314 0.25882353 0.48235294
v 0.02328181 -0.05799997 -0.42647058 0.16078431 0.20000000 0.44313725
v 0.02388239 -0.05799997 -0.42115113 0.21176471 0.26274510 0.53333333
v 0.02345771 -0.05799997 0.05117655 0.52156863 0.56078431 0.62745098
v 0.02388239 -0.05799997 0.05246961 0.47843137 0.50196078 0.56078431
v 0.01929128 -0.05117649 -0.44011766 0.46666667 0.49019608 0.63529412
v 0.02167219 -0.05117649 -0.43329409 0.20392157 0.22352941 0.44705882
v 0.02380782 -0.05117649 -0.42647058 0.25098039 0.28235294 0.54509804
v 0.02388239 -0.05117649 -0.42610079 0.25490196 0.28627451 0.55294118
v 0.01766539 -0.05117649 0.03752947 0.50588235 0.58039216 0.64705882
v 0.01768291 -0.05117649 0.04435301 0.54901961 0.61568627 0.66666667
v 0.02233338 -0.05117649 0.05117655 0.47843137 0.47450980 0.49411765
v 0.02388239 -0.05117649 0.05584198 0.46274510 0.42352941 0.41176471
v 0.02205437 -0.04435295 -0.43329409 0.19215686 0.27450980 0.50980392
v 0.02388239 -0.05017769 -0.42647058 0.25882353 0.29411765 0.56078431
v 0.02388239 -0.04435295 -0.42920369 0.27843137 0.41176471 0.64705882
v 0.01884210 -0.04435295 0.04435301 0.49019608 0.51372549 0.53333333
v 0.01957691 -0.04435295 0.05117655 0.45882353 0.43921569 0.42352941
v 0.02388239 -0.04440451 0.05800003 0.46666667 0.42745098 0.38823529
v 0.02387512 -0.04435295 0.05800003 0.46666667 0.42745098 0.38823529
v 0.01957679 -0.04435295 0.05117655 0.45882353 0.43921569 0.42352941
v 0.02388239 -0.04435295 0.05801010 0.46666667 0.42745098 0.38823529
v 0.02201146 -0.03752941 -0.43329409 0.18823529 0.27450980 0.51764706
v 0.02388239 -0.03752941 -0.42946857 0.26666667 0.40784314 0.65098039
v 0.01916569 -0.03752941 0.04435301 0.47450980 0.47058824 0.45882353
v 0.01909131 -0.03752941 0.05117655 0.46666667 0.44313725 0.41176471
v 0.02339786 -0.03752941 0.05800003 0.47843137 0.43529412 0.38431373
v 0.02388239 -0.03752941 0.05880767 0.47843137 0.43529412 0.38039216
v 0.01719922 -0.03070587 -0.45376471 0.59607843 0.64313725 0.71372549
v 0.01729006 -0.03070587 -0.44694117 0.49803922 0.59215686 0.71372549
v 0.01960844 -0.03070587 -0.44011766 0.31372549 0.39215686 0.60392157
v 0.02206486 -0.03070587 -0.43329409 0.18431373 0.22745098 0.47058824
v 0.02388239 -0.03070587 -0.42898512 0.22352941 0.26666667 0.52549020
v 0.01724547 -0.03070587 0.03070593 0.52549020 0.49803922 0.48235294
v 0.01851708 -0.03070587 0.03752947 0.56470588 0.55686275 0.54117647
v 0.01866156 -0.03070587 0.04435301 0.47843137 0.46666667 0.44313725
v 0.01803958 -0.03070587 0.05117655 0.49019608 0.46274510 0.42352941
v 0.02388239 -0.03503853 0.05800003 0.48235294 0.43529412 0.38039216
v 0.02388239 -0.03070587 0.05763263 0.49411765 0.43921569 0.38431373
v 0.01968992 -0.02388233 -0.45376471 0.57647059 0.66666667 0.78039216
v 0.01776248 -0.02388233 -0.44694117 0.36078431 0.53725490 0.72156863
v 0.02110571 -0.02388233 -0.44011766 0.19215686 0.31372549 0.56078431
v 0.02253157 -0.02388233 -0.43329409 0.16078431 0.24705882 0.49019608
v 0.02388239 -0.02388233 -0.42853785 0.18823529 0.26666667 0.50588235
v 0.01773000 -0.02388233 0.03752947 0.64313725 0.63921569 0.60392157
v 0.01834530 -0.02388233 0.04435301 0.49019608 0.48235294 0.43921569
v 0.02388239 -0.02388233 0.05741280 0.57254902 0.50980392 0.44313725
v 0.02388239 -0.02727669 0.06482357 0.72941176 0.66666667 0.58431373
v 0.02274591 -0.02388233 0.06482357 0.75294118 0.68627451 0.60392157
v 0.02388239 -0.02388233 0.06130719 0.71372549 0.65098039 0.57254902
v 0.02388239 -0.02388233 0.06628937 0.75294118 0.67843137 0.59215686
v 0.01853317 -0.01705885 -0.46058825 0.68235294 0.72156863 0.79607843
v 0.02072573 -0.01705885 -0.44011766 0.05882353 0.12941176 0.34117647
v 0.02235180 -0.01705885 -0.43329409 0.13725490 0.25098039 0.48235294
v 0.02235174 -0.01705885 -0.43329409 0.13725490 0.25098039 0.48235294
v 0.02388239 -0.01705885 -0.43002504 0.15294118 0.25882353 0.47843137
v 0.01836222 -0.01705885 0.03752947 0.62745098 0.61960784 0.56862745
v 0.01751012 -0.01705885 0.04435301 0.50588235 0.49803922 0.43921569
v 0.02388239 -0.01705885 0.05729908 0.66666667 0.60784314 0.52941176
v 0.02197057 -0.01705885 0.06482357 0.78823529 0.71372549 0.63137255
v 0.02388239 -0.01705885 0.05978906 0.74901961 0.69019608 0.60784314
v 0.02388239 -0.01705885 0.06723303 0.78039216 0.69803922 0.60784314
v 0.01887375 -0.01023531 -0.46058825 0.68235294 0.72941176 0.80784314
v 0.02095991 -0.01023531 -0.44011766 0.04313725 0.09411765 0.28235294
v 0.02245522 -0.01023531 -0.43329409 0.12156863 0.22745098 0.46666667
v 0.02388239 -0.01023531 -0.43127176 0.10196078 0.20000000 0.42745098
v 0.01894635 -0.01023531 0.03752947 0.56862745 0.55686275 0.49803922
v 0.01714277 -0.01023531 0.04435301 0.51372549 0.50588235 0.44313725
v 0.01934344 -0.01023531 0.05117655 0.52156863 0.48235294 0.41568627
v 0.02388239 -0.01023531 0.05671132 0.70980392 0.65490196 0.57647059
v 0.02144319 -0.01023531 0.06482357 0.80000000 0.72549020 0.65098039
v 0.02388239 -0.01023531 0.05902743 0.77254902 0.71372549 0.63529412
v 0.02388239 -0.01023531 0.06789821 0.79215686 0.70588235 0.61960784
v 0.02042145 -0.00341177 -0.44011766 0.13333333 0.26274510 0.54117647
v 0.02211505 -0.00341177 -0.43329409 0.13333333 0.22352941 0.49803922
v 0.02372289 -0.00341177 -0.42647058 0.21568627 0.29803922 0.56078431
v 0.02388239 -0.00392324 -0.42647058 0.21568627 0.29803922 0.55686275
v 0.02388239 -0.00341177 -0.42567924 0.22745098 0.30980392 0.56862745
v 0.01706553 -0.00341177 0.03070593 0.61568627 0.59215686 0.53725490
v 0.01912814 -0.00341177 0.03752947 0.49411765 0.48235294 0.42352941
v 0.01757526 -0.00341177 0.04435301 0.50588235 0.49411765 0.43529412
v 0.02388239 -0.00363070 0.05117655 0.56078431 0.51764706 0.45098039
v 0.02388239 -0.00341177 0.05112821 0.56078431 0.51764706 0.45098039
v 0.02115911 -0.00341177 0.06482357 0.78823529 0.71764706 0.65490196
v 0.02388239 -0.00341177 0.05833286 0.76862745 0.71764706 0.64313725
v 0.02388239 -0.00341177 0.06841886 0.78431373 0.70588235 0.63137255
v 0.01999587 0.00341183 -0.43329409 0.18823529 0.25882353 0.54117647
v 0.02346879 0.00341183 -0.42647058 0.30588235 0.36078431 0.63529412
v 0.02388239 0.00341183 -0.42515871 0.31764706 0.36862745 0.64313725
v 0.01957422 0.00341183 0.03070593 0.55294118 0.52549020 0.47450980
v 0.01864380 0.00341183 0.03752947 0.47058824 0.45882353 0.40000000
v 0.01891178 0.00341183 0.04435301 0.49411765 0.48235294 0.42352941
v 0.02388239 0.00341183 0.04969728 0.56470588 0.52941176 0.46274510
v 0.02388239 -0.00072676 0.05800003 0.76470588 0.71372549 0.64705882
v 0.02355975 0.00341183 0.05800003 0.76078431 0.71372549 0.64705882
v 0.02388239 0.00341183 0.05680913 0.74901961 0.70588235 0.63921569
v 0.02125400 0.00341183 0.06482357 0.77647059 0.71372549 0.66274510
v 0.02388239 0.00341183 0.06835073 0.77254902 0.70196078 0.64313725
v 0.01789457 0.01023537 -0.44011766 0.18039216 0.25882353 0.49803922
v 0.02301008 0.01023537 -0.43329409 0.31764706 0.45098039 0.68235294
v 0.02388239 0.00557774 -0.42647058 0.30588235 0.38823529 0.65882353
v 0.02388239 0.01023537 -0.42960718 0.32941176 0.47450980 0.70980392
v 0.01721931 0.01023537 0.00341183 0.58823529 0.55294118 0.52549020
v 0.01802641 0.01023537 0.01023537 0.55686275 0.50980392 0.48627451
v 0.01919609 0.01023537 0.01705885 0.52941176 0.48235294 0.45490196
v 0.01930737 0.01023537 0.02388239 0.49019608 0.45098039 0.41176471
v 0.01890826 0.01023537 0.03070593 0.48235294 0.45490196 0.40784314
v 0.01814222 0.01023537 0.03752947 0.47450980 0.48235294 0.43921569
v 0.02192092 0.01023537 0.04435301 0.43529412 0.43529412 0.39215686
v 0.02388239 0.01023537 0.04739785 0.54901961 0.53333333 0.48235294
v 0.02329248 0.01023537 0.05800003 0.74901961 0.70588235 0.64705882
v 0.02388239 0.01023537 0.05614787 0.73725490 0.69803922 0.63529412
v 0.02184570 0.01023537 0.06482357 0.76862745 0.71372549 0.67058824
v 0.02388239 0.01023537 0.06739151 0.76078431 0.70196078 0.65098039
v 0.01831079 0.01705885 -0.44011766 0.23529412 0.33333333 0.54901961
v 0.02299535 0.01705885 -0.43329409 0.34509804 0.48235294 0.69411765
v 0.02388239 0.01705885 -0.42736384 0.34901961 0.50980392 0.72549020
v 0.01766962 0.01705885 -0.00341177 0.46666667 0.44313725 0.43529412
v 0.01769060 0.01705885 0.00341183 0.44313725 0.40392157 0.39215686
v 0.01841223 0.01705885 0.01023537 0.46274510 0.42352941 0.40392157
v 0.01899290 0.01705885 0.01705885 0.47450980 0.43529412 0.41176471
v 0.01860976 0.01705885 0.02388239 0.48235294 0.44313725 0.40784314
v 0.01961029 0.01705885 0.03070593 0.48235294 0.45490196 0.40784314
v 0.02121681 0.01705885 0.03752947 0.43137255 0.44705882 0.41568627
v 0.02294689 0.01705885 0.04435301 0.50196078 0.51372549 0.48627451
v 0.02388239 0.01705885 0.04858404 0.62352941 0.61960784 0.58039216
v 0.02388239 0.01699781 0.05800003 0.74117647 0.69803922 0.64705882
v 0.02388239 0.01705885 0.05881572 0.74509804 0.70196078 0.65490196
v 0.02384031 0.01705885 0.06482357 0.76470588 0.71372549 0.67058824
v 0.02388239 0.01705885 0.06487459 0.76470588 0.71372549 0.67058824
v 0.02115268 0.02388239 -0.43329409 0.28235294 0.34509804 0.58823529
v 0.02320850 0.02388239 -0.42647058 0.31764706 0.38431373 0.63921569
v 0.02388239 0.01797473 -0.42647058 0.34509804 0.49803922 0.72156863
v 0.02385646 0.02388239 -0.41964704 0.29803922 0.36470588 0.64313725
v 0.02388239 0.02373230 -0.41964704 0.29803922 0.36862745 0.64705882
v 0.02388239 0.02388239 -0.41918620 0.29411765 0.36078431 0.63921569
v 0.01716256 0.02388239 -0.01705885 0.46666667 0.54509804 0.60392157
v 0.01740891 0.02388239 -0.01023531 0.30980392 0.37254902 0.42745098
v 0.01748812 0.02388239 -0.00341177 0.32156863 0.31764706 0.32941176
v 0.01707608 0.02388239 0.00341183 0.37647059 0.33725490 0.32549020
v 0.01931304 0.02388239 0.01705885 0.47843137 0.42352941 0.38823529
v 0.01957792 0.02388239 0.02388239 0.49803922 0.45882353 0.41568627
v 0.01959556 0.02388239 0.03070593 0.51372549 0.49411765 0.45490196
v 0.01995391 0.02388239 0.03752947 0.52156863 0.54901961 0.52941176
v 0.02017015 0.02388239 0.04435301 0.52156863 0.55686275 0.54117647
v 0.02388239 0.01901811 0.05117655 0.67058824 0.65490196 0.61176471
v 0.02269167 0.02388239 0.05117655 0.64705882 0.63921569 0.60784314
v 0.02388239 0.02388239 0.05530208 0.70980392 0.67450980 0.63137255
v 0.02388239 0.01715064 0.06482357 0.76470588 0.71372549 0.67058824
v 0.02193135 0.03070593 -0.42647058 0.15294118 0.20392157 0.44313725
v 0.02329063 0.03070593 -0.41964704 0.18823529 0.24705882 0.51764706
v 0.02350575 0.03070593 -0.41282350 0.19607843 0.27058824 0.55294118
v 0.02388239 0.02747345 -0.41282350 0.22745098 0.28627451 0.57647059
v 0.02388072 0.03070593 -0.40599999 0.36862745 0.48627451 0.72156863
v 0.02388239 0.03062755 -0.40599999 0.36470588 0.48235294 0.72156863
v 0.02388239 0.03070593 -0.40598556 0.36862745 0.48627451 0.72156863
v 0.01733881 0.03070593 -0.04435295 0.54901961 0.50588235 0.51764706
v 0.01717812 0.03070593 -0.02388233 0.58823529 0.64313725 0.69411765
v 0.01812589 0.03070593 -0.01705885 0.22745098 0.31372549 0.40784314
v 0.02275819 0.03070593 0.01023537 0.56862745 0.51764706 0.49019608
v 0.01935017 0.03070593 0.01705885 0.60784314 0.55686275 0.51764706
v 0.01868933 0.03070593 0.02388239 0.61568627 0.58039216 0.53333333
v 0.01861954 0.03070593 0.03070593 0.61960784 0.61568627 0.58431373
v 0.01913708 0.03070593 0.03752947 0.60000000 0.63529412 0.62745098
v 0.02010822 0.03070593 0.04435301 0.58431373 0.62745098 0.62745098
v 0.02296817 0.03070593 0.05117655 0.64705882 0.65098039 0.63921569
v 0.02388239 0.03070593 0.05275989 0.66274510 0.65490196 0.63529412
v 0.02187425 0.03752947 -0.42647058 0.67058824 0.74509804 0.81176471
v 0.02326834 0.03752947 -0.41964704 0.69411765 0.77254902 0.81960784
v 0.02295721 0.03752947 -0.41282350 0.16470588 0.25882353 0.51372549
v 0.02369046 0.03752947 -0.40599999 0.40000000 0.54509804 0.76078431
v 0.02388239 0.03752947 -0.40178809 0.37647059 0.52156863 0.75686275
v 0.01992208 0.03752947 -0.04435295 0.52549020 0.52156863 0.55686275
v 0.02142274 0.03752947 -0.02388233 0.49019608 0.57647059 0.66666667
v 0.02388239 0.03749740 -0.00341177 0.14117647 0.16078431 0.21176471
v 0.02388239 0.03752947 -0.00342208 0.14117647 0.16078431 0.21176471
v 0.02388239 0.03274667 0.00341183 0.34509804 0.30196078 0.30588235
v 0.02094507 0.03752947 0.01023537 0.72941176 0.69019608 0.65490196
v 0.02388239 0.03752947 0.00614268 0.65882353 0.62352941 0.60392157
v 0.01863396 0.03752947 0.01705885 0.70196078 0.65490196 0.60784314
v 0.01763088 0.03752947 0.02388239 0.66666667 0.63137255 0.58431373
v 0.01796675 0.03752947 0.03070593 0.63921569 0.64705882 0.62745098
v 0.01956093 0.03752947 0.03752947 0.61568627 0.65490196 0.65490196
v 0.02159625 0.03752947 0.04435301 0.61568627 0.65882353 0.66666667
v 0.02388239 0.03410405 0.05117655 0.65490196 0.66274510 0.65490196
v 0.02388239 0.03752947 0.04949462 0.64705882 0.66666667 0.66666667
v 0.01826113 0.04435301 -0.42647058 0.69019608 0.74117647 0.78431373
v 0.02187163 0.04435301 -0.41964704 0.68627451 0.74117647 0.79215686
v 0.01971805 0.04435301 -0.41282350 0.24313725 0.30980392 0.49803922
v 0.02251405 0.04435301 -0.40599999 0.38039216 0.48235294 0.69803922
v 0.02307314 0.04435301 -0.39917645 0.32549020 0.43529412 0.69803922
v 0.02388239 0.03915805 -0.39917645 0.32156863 0.46666667 0.74117647
v 0.02353787 0.04435301 -0.39235291 0.35294118 0.47058824 0.72941176
v 0.02388239 0.04260522 -0.39235291 0.34509804 0.47450980 0.74509804
v 0.02388239 0.04435301 -0.39013126 0.42352941 0.54901961 0.76470588
v 0.02388239 0.04100960 -0.04435295 0.50588235 0.52941176 0.58039216
v 0.02388239 0.04435301 -0.04569763 0.49803922 0.51372549 0.56470588
v 0.02388239 0.04435301 -0.03970641 0.55686275 0.55294118 0.58823529
v 0.02222580 0.04435301 -0.03752941 0.56862745 0.57647059 0.61176471
v 0.02388239 0.04121965 -0.02388233 0.37254902 0.46666667 0.58823529
v 0.02388239 0.04435301 -0.02468646 0.41960784 0.49803922 0.60392157
v 0.02388239 0.04435301 -0.02357441 0.29411765 0.37254902 0.49019608
v 0.02388239 0.04435301 -0.00487894 0.09803922 0.11764706 0.18039216
v 0.01985192 0.04435301 0.01023537 0.74509804 0.69803922 0.66666667
v 0.02388239 0.04435301 0.00525564 0.71764706 0.68235294 0.66274510
v 0.01843119 0.04435301 0.01705885 0.71372549 0.65882353 0.61568627
v 0.01813310 0.04435301 0.02388239 0.67450980 0.63921569 0.60000000
v 0.01927990 0.04435301 0.03070593 0.64313725 0.64705882 0.63137255
v 0.02195472 0.04435301 0.03752947 0.62745098 0.65882353 0.66274510
v 0.02388239 0.04161221 0.04435301 0.63529412 0.67058824 0.67843137
v 0.02388239 0.04435301 0.04119629 0.63137255 0.66274510 0.67058824
v 0.01725239 0.05117655 -0.39917645 0.32549020 0.37254902 0.50980392
v 0.02052599 0.05117655 -0.39235291 0.30588235 0.37254902 0.56078431
v 0.02196974 0.05117655 -0.38552940 0.52941176 0.59607843 0.72941176
v 0.02388239 0.04834902 -0.38552940 0.56470588 0.65098039 0.78039216
v 0.02270156 0.05117655 -0.37870586 0.39215686 0.45882353 0.62352941
v 0.02388239 0.04907066 -0.37870586 0.41176471 0.50196078 0.67058824
v 0.02351868 0.05117655 -0.37188232 0.23137255 0.27058824 0.43921569
v 0.02388239 0.05044734 -0.37188232 0.23529412 0.27843137 0.45098039
v 0.02388239 0.05117655 -0.36792099 0.21176471 0.24313725 0.40392157
v 0.01706845 0.05117655 -0.06482351 0.50588235 0.55686275 0.60784314
v 0.02133858 0.05117655 -0.05799997 0.52156863 0.54117647 0.59215686
v 0.02388239 0.04965174 -0.05117649 0.50588235 0.51372549 0.56862745
v 0.02388239 0.05117655 -0.05553079 0.51764706 0.53725490 0.58823529
v 0.02388239 0.04588389 -0.03752941 0.58039216 0.58431373 0.62352941
v 0.02388239 0.05117655 -0.03107762 0.63921569 0.65490196 0.69411765
v 0.02347773 0.05117655 -0.03070587 0.63921569 0.65490196 0.69411765
v 0.02388239 0.05117655 -0.03018802 0.63529412 0.65490196 0.69411765
v 0.02388239 0.05117655 -0.02256876 0.17254902 0.20392157 0.28627451
v 0.02388239 0.05027503 -0.01023531 0.13725490 0.17254902 0.24313725
v 0.02388239 0.05117655 -0.01107347 0.16470588 0.20000000 0.27450980
v 0.01990628 0.05117655 0.01023537 0.69019608 0.63529412 0.60392157
v 0.02388239 0.05117655 0.00440156 0.70196078 0.66274510 0.64705882
v 0.01971710 0.05117655 0.01705885 0.68627451 0.63529412 0.60392157
v 0.02084392 0.05117655 0.02388239 0.66666667 0.62745098 0.60392157
v 0.02388239 0.05113679 0.03070593 0.67058824 0.63921569 0.61568627
v 0.02388239 0.05117655 0.03062159 0.67058824 0.63921569 0.61568627
v 0.02388239 0.04716325 0.03752947 0.63921569 0.65490196 0.65490196
v 0.02388239 0.05242747 -0.36505878 0.19607843 0.21960784 0.39215686
v 0.01755482 0.05800003 -0.35823530 0.21960784 0.23921569 0.42745098
v 0.02388239 0.05416632 -0.35823530 0.29803922 0.35686275 0.57254902
v 0.01926482 0.05800003 -0.35141176 0.25882353 0.32156863 0.54117647
v 0.02388239 0.05604434 -0.35141176 0.37647059 0.46274510 0.68235294
v 0.02254295 0.05800003 -0.34458822 0.21176471 0.29411765 0.54117647
v 0.02388239 0.05694532 -0.34458822 0.21960784 0.30980392 0.56470588
v 0.02373004 0.05800003 -0.33776468 0.19215686 0.27450980 0.54117647
v 0.02388239 0.05788410 -0.33776468 0.19215686 0.27843137 0.54117647
v 0.02336031 0.05800003 -0.33094114 0.30588235 0.40392157 0.64313725
v 0.02388239 0.05781358 -0.33094114 0.31372549 0.41176471 0.65490196
v 0.02388239 0.05800003 -0.32918966 0.29411765 0.37647059 0.62745098
v 0.01727986 0.05800003 -0.16717649 0.35294118 0.40784314 0.57647059
v 0.01739883 0.05800003 -0.16035295 0.37254902 0.38039216 0.55686275
v 0.01767868 0.05800003 -0.13988233 0.35294118 0.34117647 0.50980392
v 0.01903552 0.05800003 -0.13305885 0.33333333 0.36470588 0.52941176
v 0.01971579 0.05800003 -0.12623531 0.31372549 0.36862745 0.52941176
v 0.01970291 0.05800003 -0.11941177 0.31372549 0.37254902 0.52156863
v 0.02088666 0.05800003 -0.11258823 0.36862745 0.40784314 0.54117647
v 0.02112043 0.05800003 -0.10576469 0.37254902 0.38039216 0.50196078
v 0.02184892 0.05800003 -0.09894115 0.39215686 0.37254902 0.47450980
v 0.02382123 0.05800003 -0.09211767 0.40000000 0.38039216 0.47058824
v 0.02388239 0.05750203 -0.08529413 0.45882353 0.44705882 0.51764706
v 0.02388239 0.05800003 -0.09195489 0.40000000 0.38039216 0.47058824
v 0.02388239 0.05716753 -0.07847059 0.50588235 0.49411765 0.55294118
v 0.02388239 0.05692393 -0.07164705 0.54117647 0.52941176 0.57254902
v 0.02388239 0.05632561 -0.06482351 0.54117647 0.53333333 0.57254902
v 0.02388239 0.05314225 -0.05799997 0.52549020 0.53333333 0.58431373
v 0.02388239 0.05153888 -0.03070587 0.64313725 0.65490196 0.69411765
v 0.02257645 0.05800003 -0.01705885 0.29019608 0.30980392 0.35686275
v 0.02388239 0.05800003 -0.01805937 0.29019608 0.30980392 0.35686275
v 0.02388239 0.05800003 -0.01616573 0.25882353 0.28235294 0.33333333
v 0.02388239 0.05674869 0.00341183 0.68235294 0.64313725 0.63137255
v 0.02355808 0.05800003 0.00341183 0.67843137 0.63529412 0.62352941
v 0.02388239 0.05800003 0.00299698 0.67843137 0.63921569 0.62745098
v 0.02264005 0.05800003 0.01023537 0.67843137 0.62352941 0.60784314
v 0.02388239 0.05708355 0.01705885 0.67450980 0.62745098 0.60392157
v 0.02388239 0.05800003 0.01368189 0.68235294 0.62745098 0.60392157
v 0.02388239 0.05492258 0.02388239 0.66666667 0.62745098 0.60784314
v 0.02388239 0.06028408 -0.32411760 0.22745098 0.27450980 0.52549020
v 0.02388239 0.06325543 -0.31729412 0.20784314 0.28235294 0.55686275
v 0.02388239 0.06408429 -0.31047058 0.22745098 0.31372549 0.58823529
v 0.02388239 0.06397396 -0.30364704 0.20392157 0.27058824 0.52941176
v 0.02388239 0.06445539 -0.29682350 0.20000000 0.25490196 0.50196078
v 0.02388239 0.06482357 -0.29365820 0.19607843 0.25098039 0.49411765
v 0.02099651 0.06482357 -0.28999996 0.19607843 0.25098039 0.47450980
v 0.01781493 0.06482357 -0.28317648 0.20784314 0.26274510 0.47058824
v 0.01826310 0.06482357 -0.27635294 0.24705882 0.27058824 0.48627451
v 0.01742309 0.06482357 -0.26952940 0.27450980 0.28235294 0.50980392
v 0.01725906 0.06482357 -0.19447058 0.34901961 0.32156863 0.51764706
v 0.01745754 0.06482357 -0.18764704 0.31764706 0.32549020 0.49803922
v 0.01765966 0.06482357 -0.18082350 0.29019608 0.32941176 0.48235294
v 0.01722616 0.06482357 -0.17399997 0.29019608 0.33333333 0.47450980
v 0.01786929 0.06482357 -0.16717649 0.32156863 0.33725490 0.48627451
v 0.01871806 0.06482357 -0.16035295 0.35294118 0.33333333 0.50196078
v 0.01870799 0.06482357 -0.15352941 0.37254902 0.34509804 0.52941176
v 0.01897913 0.06482357 -0.14670587 0.38431373 0.36862745 0.55294118
v 0.02121907 0.06482357 -0.13988233 0.32941176 0.34901961 0.52156863
v 0.02388239 0.06433833 -0.13305885 0.29411765 0.32941176 0.50196078
v 0.02388239 0.06482357 -0.13417894 0.29019608 0.32941176 0.50588235
v 0.02388239 0.06295139 -0.12623531 0.29411765 0.32941176 0.49019608
v 0.02388239 0.06232142 -0.11941177 0.29019608 0.33333333 0.48627451
v 0.02388239 0.06108415 -0.11258823 0.31764706 0.34901961 0.49411765
v 0.02388239 0.06096965 -0.10576469 0.32549020 0.34509804 0.47058824
v 0.02388239 0.06028754 -0.09894115 0.32941176 0.34117647 0.44705882
v 0.02388239 0.05806589 -0.09211767 0.40000000 0.38039216 0.47058824
v 0.02388239 0.05897254 -0.01705885 0.26666667 0.28627451 0.32941176
v 0.02388239 0.05849683 0.00341183 0.67843137 0.63529412 0.62352941
v 0.02388239 0.05941820 0.01023537 0.67450980 0.62352941 0.60784314
v 0.02388239 0.06591564 -0.28999996 0.22352941 0.31764706 0.56078431
v 0.02388239 0.06808919 -0.28317648 0.54117647 0.64705882 0.74117647
v 0.02388239 0.06748319 -0.27635294 0.18039216 0.24313725 0.48235294
v 0.02388239 0.06835777 -0.26952940 0.20000000 0.27058824 0.50980392
v 0.02388239 0.06934345 -0.26270586 0.25098039 0.32941176 0.56862745
v 0.02388239 0.07002825 -0.25588232 0.27058824 0.34117647 0.56862745
v 0.02388239 0.07008189 -0.24905878 0.22745098 0.26666667 0.47450980
v 0.02388239 0.07060021 -0.24223530 0.24313725 0.26274510 0.44313725
v 0.02388239 0.07074410 -0.23541176 0.22352941 0.26274510 0.43529412
v 0.02388239 0.07135278 -0.22858822 0.23921569 0.28627451 0.45098039
v 0.02388239 0.07112741 -0.22176468 0.27058824 0.28235294 0.45098039
v 0.02388239 0.07112128 -0.21494114 0.28235294 0.30588235 0.49411765
v 0.02388239 0.07141799 -0.20811766 0.31764706 0.35294118 0.55686275
v 0.02388239 0.07156032 -0.20129412 0.34117647 0.38431373 0.58431373
v 0.02388239 0.07049841 -0.19447058 0.28627451 0.32156863 0.51372549
v 0.02388239 0.07027906 -0.18764704 0.27843137 0.29803922 0.46666667
v 0.02388239 0.06967378 -0.18082350 0.27450980 0.31372549 0.46666667
v 0.02388239 0.07002068 -0.17399997 0.27058824 0.31764706 0.45882353
v 0.02388239 0.06992060 -0.16717649 0.29019608 0.30980392 0.45882353
v 0.02388239 0.06960452 -0.16035295 0.30588235 0.34117647 0.50588235
v 0.02388239 0.06993210 -0.15352941 0.34509804 0.39215686 0.56470588
v 0.02388239 0.06966621 -0.14670587 0.36078431 0.41960784 0.59215686
v 0.02388239 0.06738847 -0.13988233 0.31764706 0.38823529 0.56470588
v 0.03070593 -0.17437315 -0.06482351 0.60784314 0.59607843 0.58823529
v 0.03021950 -0.17399997 -0.06482351 0.60784314 0.59607843 0.58823529
v 0.03070593 -0.17399997 -0.06626171 0.60784314 0.59607843 0.58823529
v 0.03070593 -0.17399997 -0.06374705 0.60784314 0.59607843 0.58823529
v 0.03070593 -0.17252606 -0.07164705 0.60392157 0.59215686 0.58823529
v 0.02653247 -0.16717649 -0.07164705 0.59215686 0.58823529 0.59215686
v 0.03070593 -0.16717649 -0.07710743 0.58823529 0.58039216 0.58431373
v 0.02607685 -0.16717649 -0.06482351 0.58823529 0.58823529 0.59215686
v 0.03070593 -0.16717649 -0.05878621 0.57647059 0.56862745 0.58039216
v 0.03070593 -0.16295236 -0.07164705 0.56470588 0.56470588 0.58431373
v 0.03070593 -0.16268277 -0.06482351 0.54901961 0.55294118 0.58039216
v 0.03070593 -0.16284251 -0.05117649 0.38431373 0.38039216 0.42745098
v 0.02929658 -0.16035295 -0.05117649 0.31764706 0.30980392 0.37254902
v 0.03070593 -0.16035295 -0.05496353 0.32549020 0.32156863 0.38431373
v 0.03070593 -0.16330284 -0.04435295 0.30588235 0.29411765 0.34509804
v 0.02833432 -0.16035295 -0.04435295 0.28235294 0.27058824 0.33333333
v 0.03070593 -0.16459900 -0.03752941 0.30196078 0.29411765 0.32941176
v 0.02742893 -0.16035295 -0.03752941 0.27843137 0.25882353 0.31372549
v 0.03070593 -0.16035295 -0.03400946 0.26666667 0.25490196 0.30588235
v 0.03070593 -0.15964782 -0.06482351 0.36862745 0.36470588 0.42352941
v 0.02488083 -0.15352941 -0.06482351 0.30588235 0.31372549 0.37647059
v 0.03070593 -0.15352941 -0.07059062 0.21176471 0.21568627 0.27843137
v 0.03070593 -0.16012233 -0.05799997 0.32941176 0.32549020 0.38431373
v 0.02397990 -0.15352941 -0.04435295 0.27843137 0.28627451 0.39215686
v 0.02447551 -0.15352941 -0.03752941 0.25098039 0.25490196 0.35294118
v 0.03070593 -0.15756571 -0.03070587 0.28235294 0.27058824 0.34509804
v 0.02722514 -0.15352941 -0.03070587 0.25490196 0.25490196 0.34509804
v 0.03070593 -0.15352941 -0.02601427 0.25882353 0.27058824 0.35686275
v 0.02407497 -0.14670587 -0.06482351 0.30196078 0.31764706 0.38823529
v 0.03070593 -0.14670587 -0.07102025 0.14117647 0.14509804 0.21176471
v 0.02419001 -0.14670587 -0.03070587 0.24705882 0.23529412 0.33725490
v 0.03070593 -0.15206140 -0.02388233 0.25098039 0.26666667 0.36078431
v 0.02619267 -0.14670587 -0.02388233 0.29019608 0.27058824 0.36470588
v 0.03070593 -0.14928055 -0.01705885 0.27058824 0.30196078 0.39215686
v 0.02831715 -0.14670587 -0.01705885 0.39607843 0.39607843 0.46274510
v 0.03070593 -0.14701331 -0.01023531 0.32156863 0.32941176 0.41176471
v 0.03038836 -0.14670587 -0.01023531 0.33333333 0.34117647 0.41960784
v 0.03070593 -0.14670587 -0.00918496 0.33333333 0.34901961 0.43137255
v 0.02615547 -0.13988233 -0.06482351 0.21568627 0.21176471 0.27058824
v 0.03070593 -0.13988233 -0.06910026 0.12156863 0.10980392 0.16078431
v 0.02429920 -0.13988233 -0.04435295 0.18823529 0.16862745 0.27450980
v 0.02395904 -0.13988233 -0.03752941 0.21568627 0.19607843 0.30588235
v 0.02465391 -0.13988233 -0.03070587 0.30980392 0.31372549 0.43137255
v 0.02456683 -0.13988233 -0.02388233 0.44313725 0.46666667 0.55686275
v 0.02456003 -0.13988233 -0.01705885 0.35686275 0.38431373 0.47450980
v 0.02461034 -0.13988233 -0.01023531 0.34117647 0.36470588 0.45098039
v 0.03070593 -0.14596879 -0.00341177 0.29803922 0.33725490 0.43921569
v 0.02513474 -0.13988233 -0.00341177 0.41960784 0.43529412 0.51372549
v 0.03070593 -0.14487463 0.00341183 0.27450980 0.34901961 0.47058824
v 0.02627307 -0.13988233 0.00341183 0.37647059 0.37647059 0.46666667
v 0.03070593 -0.14349878 0.01023537 0.26274510 0.36470588 0.49803922
v 0.02719551 -0.13988233 0.01023537 0.31764706 0.34509804 0.45098039
v 0.03070593 -0.14226675 0.01705885 0.26274510 0.36078431 0.49019608
v 0.02833527 -0.13988233 0.01705885 0.29803922 0.34509804 0.45490196
v 0.03070593 -0.14074516 0.02388239 0.27058824 0.33333333 0.45882353
v 0.02986276 -0.13988233 0.02388239 0.28235294 0.32941176 0.44705882
v 0.03070593 -0.14003164 0.03070593 0.29411765 0.32941176 0.44705882
v 0.03055710 -0.13988233 0.03070593 0.29411765 0.32941176 0.44705882
v 0.03070593 -0.13988233 0.03160685 0.29803922 0.32941176 0.44705882
v 0.03070593 -0.13334560 -0.06482351 0.17254902 0.15686275 0.20000000
v 0.03070593 -0.13305885 -0.06474704 0.17254902 0.15294118 0.19607843
v 0.02510828 -0.13305885 -0.05117649 0.17647059 0.16862745 0.23921569
v 0.02418423 -0.13305885 0.01705885 0.36862745 0.35294118 0.42352941
v 0.02514726 -0.13305885 0.02388239 0.33333333 0.34117647 0.43529412
v 0.02535015 -0.13305885 0.03070593 0.31372549 0.36470588 0.48235294
v 0.03070593 -0.13948113 0.03752947 0.33333333 0.34901961 0.46274510
v 0.02536225 -0.13305885 0.03752947 0.29411765 0.38431373 0.52156863
v 0.03070593 -0.13815826 0.04435301 0.32156863 0.33333333 0.44705882
v 0.02663159 -0.13305885 0.04435301 0.29019608 0.37254902 0.51372549
v 0.03070593 -0.13409328 0.05117655 0.27058824 0.29019608 0.40392157
v 0.02995062 -0.13305885 0.05117655 0.27450980 0.30588235 0.42745098
v 0.03070593 -0.13936901 0.05800003 0.29803922 0.29803922 0.35294118
v 0.02611119 -0.13305885 0.05800003 0.26274510 0.25490196 0.33333333
v 0.03070593 -0.13923359 0.06482357 0.36862745 0.38823529 0.41176471
v 0.02441370 -0.13305885 0.06482357 0.43137255 0.40000000 0.42745098
v 0.03070593 -0.13305885 0.07100749 0.40000000 0.36862745 0.39215686
v 0.02487516 -0.12623531 -0.05799997 0.24705882 0.24705882 0.26666667
v 0.03070593 -0.12623531 -0.06282425 0.13333333 0.12156863 0.15294118
v 0.02485597 -0.12623531 -0.05117649 0.42352941 0.42352941 0.46274510
v 0.02399969 -0.12623531 0.04435301 0.24705882 0.39215686 0.56470588
v 0.02648300 -0.12623531 0.05117655 0.27843137 0.39215686 0.55294118
v 0.02793753 -0.12623531 0.05800003 0.15686275 0.20784314 0.32549020
v 0.02424610 -0.12623531 0.06482357 0.33333333 0.34901961 0.41176471
v 0.03070593 -0.12623531 0.07122707 0.33725490 0.31764706 0.34509804
v 0.02836704 -0.11941177 -0.05799997 0.16862745 0.16078431 0.18039216
v 0.03070593 -0.11941177 -0.06009668 0.10980392 0.10196078 0.12549020
v 0.02746785 -0.11941177 -0.05117649 0.39607843 0.39215686 0.42352941
v 0.02527124 -0.11941177 0.05117655 0.29019608 0.43137255 0.60784314
v 0.02721936 -0.11941177 0.05800003 0.33333333 0.43921569 0.58823529
v 0.02466214 -0.11941177 0.06482357 0.25098039 0.28627451 0.37254902
v 0.03070593 -0.11941177 0.07104021 0.29019608 0.29411765 0.33725490
v 0.03070593 -0.11724967 -0.05799997 0.10196078 0.09411765 0.11764706
v 0.03070593 -0.11511713 -0.05117649 0.17647059 0.16078431 0.20392157
v 0.03070593 -0.11258823 -0.04677016 0.18823529 0.16470588 0.21568627
v 0.02909434 -0.11258823 -0.04435295 0.15686275 0.13333333 0.18039216
v 0.02637583 -0.11258823 -0.03752941 0.18823529 0.17254902 0.23529412
v 0.02500612 -0.11258823 -0.03070587 0.34901961 0.37254902 0.45882353
v 0.02463430 -0.11258823 0.05117655 0.30980392 0.41960784 0.60000000
v 0.02584463 -0.11258823 0.05800003 0.38431373 0.46274510 0.61176471
v 0.02494609 -0.11258823 0.06482357 0.23921569 0.25882353 0.35686275
v 0.03070593 -0.11258823 0.07097691 0.28235294 0.27450980 0.32941176
v 0.02537578 -0.10576469 -0.33776468 0.27450980 0.34901961 0.50588235
v 0.02665222 -0.10576469 -0.33094114 0.27450980 0.32549020 0.50588235
v 0.02823186 -0.10576469 -0.32411760 0.29411765 0.34901961 0.54509804
v 0.02932996 -0.10576469 -0.31729412 0.29411765 0.36862745 0.57647059
v 0.02988815 -0.10576469 -0.31047058 0.29019608 0.37254902 0.58823529
v 0.02999830 -0.10576469 -0.30364704 0.28627451 0.35686275 0.56470588
v 0.02983195 -0.10576469 -0.29682350 0.27450980 0.32941176 0.53333333
v 0.02985531 -0.10576469 -0.28999996 0.27058824 0.34901961 0.54901961
v 0.03070593 -0.10576469 -0.28602093 0.36470588 0.47843137 0.63137255
v 0.03070593 -0.10658032 -0.28317648 0.29411765 0.38431373 0.57254902
v 0.03070593 -0.10629964 -0.27635294 0.27843137 0.33333333 0.52549020
v 0.03070593 -0.10784972 -0.26952940 0.30588235 0.36078431 0.54901961
v 0.03070593 -0.10901970 -0.26270586 0.32549020 0.39215686 0.57254902
v 0.03070593 -0.10929203 -0.25588232 0.33333333 0.40000000 0.57254902
v 0.03070593 -0.10892826 -0.24905878 0.32941176 0.38431373 0.54901961
v 0.03070593 -0.10845387 -0.24223530 0.31764706 0.36470588 0.51764706
v 0.03070593 -0.10787392 -0.23541176 0.29803922 0.34509804 0.48627451
v 0.03070593 -0.10804027 -0.22858822 0.30196078 0.34901961 0.48235294
v 0.03070593 -0.10878980 -0.22176468 0.32156863 0.36470588 0.50196078
v 0.03070593 -0.10947758 -0.21494114 0.34509804 0.38823529 0.52549020
v 0.03070593 -0.11007750 -0.20811766 0.35686275 0.40784314 0.54901961
v 0.03070593 -0.11027515 -0.20129412 0.36470588 0.41568627 0.55686275
v 0.03070593 -0.11003256 -0.19447058 0.36078431 0.40000000 0.53333333
v 0.03070593 -0.10967535 -0.18764704 0.34117647 0.38431373 0.50588235
v 0.03070593 -0.10914767 -0.18082350 0.32549020 0.36862745 0.48235294
v 0.03070593 -0.10926831 -0.17399997 0.32549020 0.36862745 0.47843137
v 0.03070593 -0.10965097 -0.16717649 0.35294118 0.39215686 0.50196078
v 0.03070593 -0.11011648 -0.16035295 0.38823529 0.41568627 0.52549020
v 0.03070593 -0.11063188 -0.15352941 0.40784314 0.44313725 0.54901961
v 0.03070593 -0.11048496 -0.14670587 0.41568627 0.45098039 0.55294118
v 0.03070593 -0.10960340 -0.13988233 0.40392157 0.43137255 0.52941176
v 0.03070593 -0.10881251 -0.13305885 0.39607843 0.41176471 0.50588235
v 0.03070593 -0.10810554 -0.12623531 0.38431373 0.40000000 0.48627451
v 0.02476925 -0.10576469 -0.11941177 0.35294118 0.38039216 0.46274510
v 0.03070593 -0.10782182 -0.11941177 0.38039216 0.39215686 0.47843137
v 0.03070593 -0.10743588 -0.11258823 0.37647059 0.38823529 0.48627451
v 0.02659541 -0.10576469 -0.11258823 0.36078431 0.37254902 0.47058824
v 0.03070593 -0.10819769 -0.10576469 0.38039216 0.38823529 0.48627451
v 0.02629268 -0.10576469 -0.10576469 0.35294118 0.36470588 0.47058824
v 0.03070593 -0.10861087 -0.09894115 0.35686275 0.36862745 0.47058824
v 0.02637017 -0.10576469 -0.09894115 0.34117647 0.35686275 0.47058824
v 0.03070593 -0.10576469 -0.09232259 0.30588235 0.34901961 0.47843137
v 0.02971816 -0.10576469 -0.04435295 0.12941176 0.10588235 0.15294118
v 0.03070593 -0.10576469 -0.04544574 0.13725490 0.10980392 0.16078431
v 0.02566075 -0.10576469 -0.03752941 0.10980392 0.09019608 0.12941176
v 0.02485883 -0.10576469 -0.03070587 0.12549020 0.10980392 0.15686275
v 0.02398330 -0.10576469 0.05117655 0.32549020 0.40784314 0.58823529
v 0.02518708 -0.10576469 0.05800003 0.37647059 0.42745098 0.58431373
v 0.02608669 -0.10576469 0.06482357 0.28235294 0.28627451 0.39607843
v 0.03070593 -0.10576469 0.06987208 0.27450980 0.26666667 0.33725490
v 0.02584648 -0.09894115 -0.37870586 0.20784314 0.29019608 0.52941176
v 0.02787125 -0.09894115 -0.37188232 0.24705882 0.38039216 0.62745098
v 0.02928227 -0.09894115 -0.36505878 0.27843137 0.43921569 0.67450980
v 0.03013974 -0.09894115 -0.35823530 0.24313725 0.36078431 0.59607843
v 0.03063428 -0.09894115 -0.35141176 0.24705882 0.33725490 0.56078431
v 0.03070593 -0.09894115 -0.35128099 0.24705882 0.33725490 0.56078431
v 0.03070593 -0.10364920 -0.34458822 0.32549020 0.40000000 0.58823529
v 0.03070593 -0.10422170 -0.33776468 0.37254902 0.46666667 0.63529412
v 0.03070593 -0.10277510 -0.33094114 0.28235294 0.34901961 0.54901961
v 0.03070593 -0.10399598 -0.32411760 0.27843137 0.35686275 0.56470588
v 0.03070593 -0.10469216 -0.31729412 0.28627451 0.37647059 0.58431373
v 0.03070593 -0.10517699 -0.31047058 0.28627451 0.38039216 0.59607843
v 0.03070593 -0.10529655 -0.30364704 0.28235294 0.35686275 0.56862745
v 0.03070593 -0.10522068 -0.29682350 0.27450980 0.33333333 0.54117647
v 0.03070593 -0.10566264 -0.28999996 0.27843137 0.35686275 0.56078431
v 0.03070593 -0.10575026 -0.09211767 0.30588235 0.34509804 0.47843137
v 0.03070593 -0.10447735 -0.08529413 0.29019608 0.30588235 0.43137255
v 0.02746594 -0.09894115 -0.07847059 0.24705882 0.32549020 0.44705882
v 0.03070593 -0.10141981 -0.07847059 0.28235294 0.33333333 0.45490196
v 0.03070593 -0.09894115 -0.07409209 0.25098039 0.32941176 0.44313725
v 0.02840745 -0.09894115 -0.04435295 0.17254902 0.20000000 0.28235294
v 0.03070593 -0.09894115 -0.04926562 0.18039216 0.22352941 0.30980392
v 0.02512479 -0.09894115 -0.03752941 0.17647059 0.16862745 0.23921569
v 0.02401555 -0.09894115 -0.03070587 0.20000000 0.18039216 0.23137255
v 0.02455145 -0.09894115 0.05800003 0.41568627 0.43529412 0.59215686
v 0.02919954 -0.09894115 0.06482357 0.34509804 0.35294118 0.48235294
v 0.03070593 -0.09894115 0.06643134 0.34901961 0.36078431 0.48235294
v 0.02552134 -0.09211767 -0.38552940 0.14901961 0.18823529 0.43921569
v 0.02826881 -0.09211767 -0.37870586 0.14509804 0.22745098 0.50196078
v 0.03001541 -0.09211767 -0.37188232 0.21176471 0.36862745 0.64313725
v 0.03070593 -0.09370846 -0.36505878 0.29019608 0.49411765 0.72549020
v 0.03070593 -0.09211767 -0.36717820 0.29803922 0.49803922 0.72549020
v 0.03070593 -0.09641081 -0.35823530 0.21960784 0.36470588 0.62745098
v 0.03070593 -0.09869772 -0.35141176 0.24313725 0.33725490 0.56078431
v 0.03070593 -0.09845334 -0.07164705 0.25098039 0.33333333 0.43921569
v 0.02414954 -0.09211767 -0.06482351 0.29411765 0.34901961 0.43137255
v 0.03070593 -0.09777051 -0.06482351 0.23529412 0.30980392 0.40392157
v 0.03070593 -0.09768373 -0.05799997 0.20000000 0.26666667 0.35686275
v 0.02527016 -0.09211767 -0.05799997 0.26666667 0.31764706 0.39607843
v 0.03070593 -0.09787166 -0.05117649 0.18823529 0.24705882 0.33725490
v 0.02677828 -0.09211767 -0.05117649 0.20784314 0.25098039 0.33333333
v 0.02854812 -0.09211767 -0.04435295 0.17254902 0.22352941 0.30196078
v 0.02594948 -0.09211767 -0.03752941 0.16862745 0.18431373 0.25098039
v 0.02402997 -0.09211767 -0.03070587 0.20784314 0.19215686 0.23921569
v 0.02509016 -0.09211767 0.05800003 0.47450980 0.49803922 0.63921569
v 0.03070593 -0.09579313 0.06482357 0.35686275 0.41568627 0.55686275
v 0.03070593 -0.09211767 0.06386858 0.38823529 0.42352941 0.55294118
v 0.02699220 -0.08529413 -0.39235291 0.22352941 0.26666667 0.54509804
v 0.02803981 -0.08529413 -0.38552940 0.32156863 0.38431373 0.64313725
v 0.02916116 -0.08529413 -0.37870586 0.18823529 0.21960784 0.48627451
v 0.03047997 -0.08529413 -0.37188232 0.20784314 0.25882353 0.52156863
v 0.03070593 -0.08529413 -0.36930704 0.20784314 0.27058824 0.53725490
v 0.02432734 -0.08529413 -0.05117649 0.43529412 0.40392157 0.44705882
v 0.02863741 -0.08529413 -0.04435295 0.20784314 0.19607843 0.24705882
v 0.02654707 -0.08529413 -0.03752941 0.21568627 0.18823529 0.22745098
v 0.02440053 -0.08529413 -0.03070587 0.29019608 0.27450980 0.31764706
v 0.02480501 -0.08529413 0.05800003 0.59215686 0.59607843 0.68627451
v 0.03070593 -0.08529413 0.06349272 0.41176471 0.36470588 0.45882353
v 0.02695954 -0.07847059 -0.40599999 0.26274510 0.35686275 0.64705882
v 0.02937585 -0.07847059 -0.39917645 0.12549020 0.16470588 0.43137255
v 0.02962589 -0.07847059 -0.39235291 0.15294118 0.19215686 0.47843137
v 0.03006196 -0.07847059 -0.38552940 0.43529412 0.52156863 0.74117647
v 0.03006196 -0.07847059 -0.37870586 0.34901961 0.42745098 0.66274510
v 0.03054380 -0.07847059 -0.37188232 0.20392157 0.23921569 0.46666667
v 0.03070593 -0.07847059 -0.37038261 0.21568627 0.24313725 0.46274510
v 0.02475590 -0.07847059 -0.04435295 0.47450980 0.45098039 0.45490196
v 0.02558088 -0.07847059 -0.03752941 0.45882353 0.44313725 0.44705882
v 0.02720886 -0.07847059 0.05800003 0.50588235 0.50196078 0.61176471
v 0.03070593 -0.07847059 0.06198519 0.38431373 0.32156863 0.40392157
v 0.02556908 -0.07164705 -0.41964704 0.63137255 0.70588235 0.80000000
v 0.02445710 -0.07164705 -0.41282350 0.21176471 0.31764706 0.59215686
v 0.02928758 -0.07164705 -0.40599999 0.04705882 0.07450980 0.23137255
v 0.03009683 -0.07164705 -0.39917645 0.05882353 0.08235294 0.25882353
v 0.03019828 -0.07164705 -0.39235291 0.10196078 0.14117647 0.39607843
v 0.03047788 -0.07164705 -0.38552940 0.32156863 0.42352941 0.67450980
v 0.03051758 -0.07164705 -0.37870586 0.41176471 0.51372549 0.69019608
v 0.03068829 -0.07164705 -0.37188232 0.25490196 0.29803922 0.46274510
v 0.03070593 -0.07164705 -0.37180591 0.25490196 0.29803922 0.46274510
v 0.02656025 -0.07164705 0.05800003 0.38823529 0.37254902 0.48235294
v 0.03070593 -0.07164705 0.06307107 0.51372549 0.40784314 0.43921569
v 0.02767289 -0.06482351 -0.41964704 0.31764706 0.40784314 0.59607843
v 0.02639931 -0.06482351 -0.41282350 0.14509804 0.22352941 0.49411765
v 0.02944565 -0.06482351 -0.40599999 0.09411765 0.14901961 0.39215686
v 0.03010929 -0.06482351 -0.39917645 0.09411765 0.13333333 0.37254902
v 0.03015894 -0.06482351 -0.39235291 0.14117647 0.19215686 0.48627451
v 0.03051800 -0.06482351 -0.38552940 0.43529412 0.53725490 0.74117647
v 0.03059351 -0.06482351 -0.37870586 0.45490196 0.55294118 0.70980392
v 0.03070593 -0.07096040 -0.37188232 0.26666667 0.31372549 0.47058824
v 0.03070593 -0.06482351 -0.37517643 0.33725490 0.40784314 0.58039216
v 0.02569437 -0.06482351 0.05800003 0.40000000 0.37254902 0.43137255
v 0.03070593 -0.06482351 0.06476468 0.66666667 0.60000000 0.57254902
v 0.02485770 -0.05799997 -0.41964704 0.18039216 0.22745098 0.50588235
v 0.02508616 -0.05799997 -0.41282350 0.26274510 0.34509804 0.63137255
v 0.02725846 -0.05799997 -0.40599999 0.43921569 0.53725490 0.76078431
v 0.02875221 -0.05799997 -0.39917645 0.47843137 0.54901961 0.77647059
v 0.02913260 -0.05799997 -0.39235291 0.32156863 0.37647059 0.67058824
v 0.02980584 -0.05799997 -0.38552940 0.57647059 0.64313725 0.79215686
v 0.03000420 -0.05799997 -0.37870586 0.43921569 0.49803922 0.69803922
v 0.03070593 -0.05799997 -0.37515682 0.29803922 0.33725490 0.56862745
v 0.02503788 -0.05799997 0.05800003 0.44313725 0.38823529 0.39215686
v 0.03070593 -0.06467599 0.06482357 0.67058824 0.60392157 0.57254902
v 0.02819133 -0.05799997 0.06482357 0.62352941 0.56078431 0.51764706
v 0.03070593 -0.06167459 0.07164711 0.66666667 0.61176471 0.55294118
v 0.02964723 -0.05799997 0.07164711 0.65490196 0.59607843 0.52941176
v 0.03070593 -0.05799997 0.07291812 0.63921569 0.58039216 0.51372549
v 0.02807349 -0.05117649 -0.41964704 0.27843137 0.33333333 0.60784314
v 0.02735251 -0.05117649 -0.41282350 0.23921569 0.28235294 0.56470588
v 0.02629578 -0.05117649 -0.40599999 0.22352941 0.26274510 0.53725490
v 0.02740651 -0.05117649 -0.39917645 0.26666667 0.31764706 0.58823529
v 0.02868003 -0.05117649 -0.39235291 0.29411765 0.34509804 0.60392157
v 0.02925926 -0.05117649 -0.38552940 0.24705882 0.27058824 0.53333333
v 0.03064597 -0.05117649 -0.37870586 0.28627451 0.30196078 0.54901961
v 0.03070593 -0.05117649 -0.37855878 0.29019608 0.30588235 0.54901961
v 0.02433074 -0.05117649 0.05800003 0.45882353 0.41176471 0.38823529
v 0.02618504 -0.05117649 0.06482357 0.57647059 0.51372549 0.45882353
v 0.02848196 -0.05117649 0.07164711 0.62745098 0.56470588 0.49019608
v 0.03070593 -0.05117649 0.07435346 0.57647059 0.50588235 0.42352941
v 0.02622432 -0.04435295 -0.42647058 0.32941176 0.49411765 0.71372549
v 0.02940136 -0.04435295 -0.41964704 0.40784314 0.56862745 0.76470588
v 0.02991277 -0.04435295 -0.41282350 0.29411765 0.39607843 0.62352941
v 0.03008354 -0.04435295 -0.40599999 0.30196078 0.35686275 0.57647059
v 0.03041720 -0.04435295 -0.39917645 0.48627451 0.57254902 0.70588235
v 0.03070593 -0.04673123 -0.39235291 0.51764706 0.60000000 0.72549020
v 0.03070593 -0.04435295 -0.39629999 0.65882353 0.72156863 0.78823529
v 0.03070593 -0.04758930 -0.38552940 0.29411765 0.31372549 0.55294118
v 0.03070593 -0.05107218 -0.37870586 0.29019608 0.30588235 0.54901961
v 0.02499753 -0.04435295 0.06482357 0.55294118 0.50196078 0.42745098
v 0.02813822 -0.04435295 0.07164711 0.59215686 0.52941176 0.43921569
v 0.03070593 -0.04435295 0.07523811 0.44705882 0.36470588 0.28235294
v 0.03070593 -0.04773170 0.09211767 0.63137255 0.50980392 0.45098039
v 0.02820212 -0.04435295 0.09211767 0.64705882 0.50588235 0.45490196
v 0.03070593 -0.04435295 0.08785987 0.65098039 0.52549020 0.45490196
v 0.03070593 -0.04686338 0.09894121 0.64705882 0.52156863 0.47058824
v 0.02889979 -0.04435295 0.09894121 0.66274510 0.52549020 0.48235294
v 0.03070593 -0.04435295 0.10193229 0.66274510 0.52549020 0.48235294
v 0.02641547 -0.03752941 -0.42647058 0.33333333 0.50588235 0.72156863
v 0.02940178 -0.03752941 -0.41964704 0.40392157 0.58039216 0.76862745
v 0.03002799 -0.03752941 -0.41282350 0.29411765 0.40392157 0.62745098
v 0.03042579 -0.03752941 -0.40599999 0.30980392 0.36862745 0.58039216
v 0.03070593 -0.03997022 -0.39917645 0.58823529 0.65882353 0.73725490
v 0.03070593 -0.03752941 -0.40199819 0.36470588 0.42745098 0.61568627
v 0.02447146 -0.03752941 0.06482357 0.60392157 0.55294118 0.47450980
v 0.02733445 -0.03752941 0.07164711 0.59607843 0.52156863 0.42745098
v 0.03070593 -0.03752941 0.07573712 0.44705882 0.35294118 0.27058824
v 0.02733767 -0.03752941 0.09211767 0.67450980 0.51764706 0.47450980
v 0.03070593 -0.03752941 0.08585775 0.67058824 0.53725490 0.45882353
v 0.02789307 -0.03752941 0.09894121 0.69019608 0.53333333 0.49803922
v 0.03070593 -0.03752941 0.10349905 0.68235294 0.52941176 0.49019608
v 0.02601451 -0.03070587 -0.42647058 0.26274510 0.31372549 0.57254902
v 0.02901697 -0.03070587 -0.41964704 0.31372549 0.38823529 0.63921569
v 0.02853847 -0.03070587 -0.41282350 0.31372549 0.36470588 0.61176471
v 0.02924299 -0.03070587 -0.40599999 0.30980392 0.35686275 0.60000000
v 0.02990413 -0.03070587 -0.39917645 0.31372549 0.36078431 0.60784314
v 0.03070593 -0.03592569 -0.39917645 0.40392157 0.48627451 0.66274510
v 0.03067183 -0.03070587 -0.39235291 0.31764706 0.36470588 0.59215686
v 0.03070593 -0.03098100 -0.39235291 0.32549020 0.37254902 0.59607843
v 0.03070593 -0.03070587 -0.38962352 0.30980392 0.35294118 0.58823529
v 0.02408558 -0.03070587 0.05800003 0.50196078 0.44705882 0.38823529
v 0.02415007 -0.03070587 0.06482357 0.69803922 0.63921569 0.55686275
v 0.02674901 -0.03070587 0.07164711 0.67058824 0.58431373 0.48627451
v 0.03070593 -0.03070587 0.07584041 0.52156863 0.41176471 0.32156863
v 0.02834231 -0.03070587 0.09211767 0.67450980 0.53333333 0.48235294
v 0.03070593 -0.03070587 0.08700913 0.69019608 0.56470588 0.48627451
v 0.02907032 -0.03070587 0.09894121 0.67843137 0.52941176 0.49019608
v 0.03070593 -0.03070587 0.10171872 0.68627451 0.54117647 0.49411765
v 0.02550757 -0.02388233 -0.42647058 0.21176471 0.28627451 0.52549020
v 0.02865189 -0.02388233 -0.41964704 0.26666667 0.34117647 0.57254902
v 0.02735543 -0.02388233 -0.41282350 0.26666667 0.34901961 0.60392157
v 0.02825856 -0.02388233 -0.40599999 0.59607843 0.66666667 0.81568627
v 0.03007549 -0.02388233 -0.39917645 0.31372549 0.38039216 0.64705882
v 0.03070593 -0.03013337 -0.39235291 0.30588235 0.34901961 0.58039216
v 0.03070593 -0.02388233 -0.39479446 0.28627451 0.34509804 0.59215686
v 0.03070593 -0.03010386 -0.38552940 0.30196078 0.33725490 0.58039216
v 0.03070593 -0.02388233 -0.38953313 0.29411765 0.35294118 0.60000000
v 0.03026247 -0.02388233 -0.38552940 0.40392157 0.47450980 0.68627451
v 0.03056282 -0.02388233 -0.37870586 0.62745098 0.68235294 0.79215686
v 0.03070593 -0.02470237 -0.37870586 0.60000000 0.64705882 0.78039216
v 0.03070593 -0.02388233 -0.37816390 0.61960784 0.67058824 0.78823529
v 0.02425390 -0.02388233 0.05800003 0.60392157 0.54117647 0.47058824
v 0.02644992 -0.02388233 0.07164711 0.72941176 0.63921569 0.54117647
v 0.03070593 -0.02388233 0.07585162 0.60784314 0.48627451 0.38823529
v 0.03070593 -0.02584547 0.09211767 0.67843137 0.54117647 0.48235294
v 0.03070593 -0.02779865 0.09894121 0.67843137 0.52941176 0.48627451
v 0.02678466 -0.01705885 -0.42647058 0.27843137 0.42352941 0.61960784
v 0.02956450 -0.01705885 -0.41964704 0.34117647 0.46666667 0.62745098
v 0.02918965 -0.01705885 -0.41282350 0.22352941 0.33333333 0.56078431
v 0.03015482 -0.01705885 -0.40599999 0.60784314 0.69411765 0.83137255
v 0.03059518 -0.01705885 -0.39917645 0.29803922 0.38823529 0.65882353
v 0.03070593 -0.01705885 -0.39841086 0.29019608 0.37647059 0.64705882
v 0.03070593 -0.01705885 -0.38623676 0.34117647 0.43921569 0.65882353
v 0.03059578 -0.01705885 -0.38552940 0.41176471 0.51372549 0.70980392
v 0.03070593 -0.02348411 -0.37870586 0.64313725 0.69411765 0.80000000
v 0.03070593 -0.01705885 -0.38483995 0.49411765 0.59215686 0.75686275
v 0.02414519 -0.01705885 0.05800003 0.69803922 0.63921569 0.56078431
v 0.02650487 -0.01705885 0.07164711 0.76470588 0.67058824 0.57647059
v 0.03070593 -0.01705885 0.07565796 0.69803922 0.58039216 0.47450980
v 0.02810609 -0.01023531 -0.42647058 0.43529412 0.58039216 0.73333333
v 0.02962774 -0.01023531 -0.41964704 0.50588235 0.62352941 0.74509804
v 0.02918822 -0.01023531 -0.41282350 0.21176471 0.31372549 0.54901961
v 0.03021693 -0.01023531 -0.40599999 0.58431373 0.67058824 0.82745098
v 0.03063279 -0.01023531 -0.39917645 0.29411765 0.38039216 0.65490196
v 0.03070593 -0.01023531 -0.39874506 0.28627451 0.37647059 0.64705882
v 0.03070593 -0.01023531 -0.38596463 0.36470588 0.46274510 0.67843137
v 0.03063196 -0.01023531 -0.38552940 0.41176471 0.50980392 0.70980392
v 0.03070593 -0.01023531 -0.38497511 0.47450980 0.57254902 0.74509804
v 0.02403945 -0.01023531 0.05800003 0.74901961 0.69411765 0.61568627
v 0.02623355 -0.01023531 0.07164711 0.78431373 0.69411765 0.60784314
v 0.03070593 -0.01023531 0.07564461 0.71372549 0.60392157 0.50588235
v 0.02732629 -0.00341177 -0.41964704 0.26274510 0.33333333 0.59215686
v 0.02631074 -0.00341177 -0.41282350 0.29019608 0.37647059 0.63529412
v 0.02876514 -0.00341177 -0.40599999 0.62352941 0.69019608 0.83529412
v 0.03011209 -0.00341177 -0.39917645 0.34117647 0.40392157 0.67843137
v 0.03070593 -0.00341177 -0.39487562 0.27843137 0.32941176 0.58823529
v 0.03070593 -0.00341177 -0.38944042 0.29411765 0.34901961 0.60392157
v 0.03026950 -0.00341177 -0.38552940 0.49803922 0.56078431 0.74117647
v 0.03070593 -0.00341177 -0.37950766 0.67843137 0.71764706 0.80784314
v 0.02390873 -0.00341177 0.05117655 0.56078431 0.51764706 0.45098039
v 0.02392554 -0.00341177 0.05800003 0.76470588 0.71372549 0.63921569
v 0.02555883 -0.00341177 0.07164711 0.78039216 0.70196078 0.63529412
v 0.03070593 -0.00341177 0.07608545 0.67843137 0.58039216 0.51372549
v 0.02765203 0.00341183 -0.41964704 0.37254902 0.43921569 0.69411765
v 0.02765661 0.00341183 -0.41282350 0.33333333 0.38039216 0.65098039
v 0.02780384 0.00341183 -0.40599999 0.28235294 0.32941176 0.60000000
v 0.02932560 0.00341183 -0.39917645 0.31764706 0.36078431 0.63921569
v 0.03039616 0.00341183 -0.39235291 0.28627451 0.31372549 0.57647059
v 0.03070593 0.00030720 -0.39235291 0.28235294 0.32156863 0.58431373
v 0.02986848 0.00341183 -0.38552940 0.35686275 0.38039216 0.63529412
v 0.03051490 0.00341183 -0.37870586 0.33333333 0.33333333 0.56862745
v 0.03070593 -0.00132859 -0.37870586 0.64705882 0.67450980 0.79215686
v 0.03070593 0.00341183 -0.37798673 0.33333333 0.33333333 0.56470588
v 0.02426004 0.00341183 0.05117655 0.61960784 0.58431373 0.51764706
v 0.02538633 0.00341183 0.07164711 0.76862745 0.70588235 0.65490196
v 0.03070593 0.00341183 0.07629383 0.64313725 0.56470588 0.52941176
v 0.02649266 0.01023537 -0.42647058 0.41176471 0.56078431 0.76078431
v 0.02890050 0.01023537 -0.41964704 0.44705882 0.59215686 0.78039216
v 0.02980542 0.01023537 -0.41282350 0.34901961 0.47058824 0.68627451
v 0.02982521 0.01023537 -0.40599999 0.32549020 0.40392157 0.63529412
v 0.02988362 0.01023537 -0.39917645 0.43921569 0.50588235 0.69803922
v 0.03070593 0.00694335 -0.39235291 0.33725490 0.37647059 0.61568627
v 0.03070593 0.01023537 -0.39477557 0.61176471 0.67058824 0.76470588
v 0.03070593 0.00975752 -0.38552940 0.30980392 0.32941176 0.56862745
v 0.03070593 0.00396520 -0.37870586 0.32941176 0.32941176 0.56862745
v 0.02416056 0.01023537 0.05117655 0.66666667 0.63137255 0.56862745
v 0.02562559 0.01023537 0.07164711 0.75294118 0.70980392 0.67843137
v 0.03070593 0.01023537 0.07634276 0.59215686 0.60000000 0.61176471
v 0.02461189 0.01705885 -0.42647058 0.36862745 0.52549020 0.74117647
v 0.02834678 0.01705885 -0.41964704 0.45098039 0.59607843 0.78039216
v 0.02942455 0.01705885 -0.41282350 0.35686275 0.47843137 0.69019608
v 0.02954447 0.01705885 -0.40599999 0.32941176 0.41176471 0.64313725
v 0.02980590 0.01705885 -0.39917645 0.51372549 0.58823529 0.74509804
v 0.03070593 0.01705885 -0.39368400 0.70980392 0.75294118 0.81568627
v 0.03070593 0.01186985 -0.38552940 0.31372549 0.35686275 0.58431373
v 0.03070593 0.01705885 -0.38902235 0.42352941 0.47843137 0.69019608
v 0.03052318 0.01705885 -0.38552940 0.30980392 0.34117647 0.58431373
v 0.03070593 0.01705885 -0.38469124 0.29411765 0.32549020 0.57254902
v 0.02395022 0.01705885 0.05117655 0.67058824 0.65098039 0.60392157
v 0.02388310 0.01705885 0.05800003 0.74117647 0.69803922 0.64705882
v 0.02605474 0.01705885 0.07164711 0.75294118 0.70980392 0.68627451
v 0.03070593 0.01705885 0.07613516 0.59607843 0.61960784 0.64705882
v 0.02639991 0.02388239 -0.41282350 0.29019608 0.34509804 0.62352941
v 0.02561927 0.02388239 -0.40599999 0.23137255 0.28235294 0.56862745
v 0.02777773 0.02388239 -0.39917645 0.24705882 0.30588235 0.60392157
v 0.02898878 0.02388239 -0.39235291 0.26666667 0.31764706 0.61176471
v 0.03070593 0.01804340 -0.39235291 0.60000000 0.66666667 0.78039216
v 0.02906907 0.02388239 -0.38552940 0.24313725 0.27450980 0.56862745
v 0.03008884 0.02388239 -0.37870586 0.27450980 0.29019608 0.55686275
v 0.03070593 0.02200717 -0.37870586 0.29019608 0.32156863 0.58039216
v 0.03070593 0.02388239 -0.37545624 0.29019608 0.32549020 0.58039216
v 0.02399212 0.02388239 0.05800003 0.73333333 0.68627451 0.64313725
v 0.02434921 0.02388239 0.06482357 0.78039216 0.72156863 0.68627451
v 0.02700043 0.02388239 0.07164711 0.75686275 0.70588235 0.69019608
v 0.03070593 0.02388239 0.07535398 0.65098039 0.63921569 0.66666667
v 0.02832234 0.03070593 -0.39917645 0.36470588 0.43921569 0.73333333
v 0.02925354 0.03070593 -0.39235291 0.31764706 0.38431373 0.70196078
v 0.02973986 0.03070593 -0.38552940 0.54117647 0.61960784 0.80784314
v 0.02972686 0.03070593 -0.37870586 0.34901961 0.43137255 0.68627451
v 0.03027302 0.03070593 -0.37188232 0.24313725 0.28627451 0.52549020
v 0.03070593 0.02765286 -0.37188232 0.29411765 0.32156863 0.56470588
v 0.03070593 0.03070593 -0.36818933 0.28235294 0.31764706 0.53333333
v 0.03070593 0.02964246 -0.35823530 0.28627451 0.33333333 0.59607843
v 0.03070593 0.03070593 -0.36220920 0.25490196 0.29803922 0.53333333
v 0.03020632 0.03070593 -0.35823530 0.36078431 0.42745098 0.66666667
v 0.03070593 0.03070593 -0.35308123 0.48627451 0.57647059 0.77254902
v 0.02436614 0.03070593 0.05800003 0.72156863 0.67450980 0.64313725
v 0.02510494 0.03070593 0.06482357 0.78823529 0.71764706 0.69411765
v 0.03070593 0.03054458 0.07164711 0.75294118 0.69411765 0.68235294
v 0.03070593 0.03070593 0.07160014 0.75294118 0.69411765 0.68235294
v 0.02530801 0.03752947 -0.39917645 0.36078431 0.48235294 0.75686275
v 0.02813411 0.03752947 -0.39235291 0.33725490 0.42745098 0.74509804
v 0.02986711 0.03752947 -0.38552940 0.49411765 0.58823529 0.80392157
v 0.02980852 0.03752947 -0.37870586 0.42745098 0.55294118 0.75294118
v 0.02995020 0.03752947 -0.37188232 0.21568627 0.30588235 0.50980392
v 0.03048068 0.03752947 -0.36505878 0.24313725 0.33333333 0.50196078
v 0.03070593 0.03386420 -0.36505878 0.23921569 0.29803922 0.49803922
v 0.03070593 0.03731155 -0.35823530 0.52549020 0.63921569 0.77647059
v 0.03070593 0.03752947 -0.35849541 0.51372549 0.63137255 0.77254902
v 0.02409387 0.03752947 -0.00341177 0.14117647 0.16078431 0.21176471
v 0.02540207 0.03752947 0.00341183 0.56470588 0.53725490 0.54117647
v 0.02401537 0.03752947 0.05117655 0.65098039 0.66274510 0.66274510
v 0.02493531 0.03752947 0.05800003 0.69411765 0.65098039 0.63921569
v 0.02755070 0.03752947 0.06482357 0.78823529 0.70588235 0.69411765
v 0.03070593 0.03752947 0.06826258 0.80784314 0.71764706 0.70588235
v 0.02757269 0.04435301 -0.38552940 0.53725490 0.63137255 0.80784314
v 0.02805918 0.04435301 -0.37870586 0.40784314 0.52549020 0.72549020
v 0.02866739 0.04435301 -0.37188232 0.18823529 0.27058824 0.45490196
v 0.03008789 0.04435301 -0.36505878 0.45098039 0.57647059 0.69019608
v 0.03012699 0.04435301 -0.35823530 0.50980392 0.62745098 0.76862745
v 0.03070593 0.03768349 -0.35823530 0.52156863 0.63921569 0.77647059
v 0.03070593 0.04435301 -0.35411680 0.56078431 0.67058824 0.80000000
v 0.03070593 0.04340225 -0.34458822 0.43921569 0.56470588 0.80000000
v 0.03070593 0.04435301 -0.34674799 0.51372549 0.63137255 0.81960784
v 0.03060853 0.04435301 -0.34458822 0.44313725 0.56078431 0.80000000
v 0.03070593 0.04435301 -0.34034008 0.24705882 0.33725490 0.68627451
v 0.02936661 0.04435301 -0.04435295 0.44705882 0.47450980 0.55294118
v 0.02491808 0.04435301 -0.02388233 0.30980392 0.38431373 0.50588235
v 0.03070593 0.04230344 -0.00341177 0.44313725 0.48627451 0.57647059
v 0.03070593 0.04435301 -0.00380063 0.49411765 0.52941176 0.61176471
v 0.03070593 0.04435301 -0.00306487 0.56470588 0.59215686 0.65882353
v 0.02489942 0.04435301 0.00341183 0.71372549 0.68627451 0.67843137
v 0.02436405 0.04435301 0.04435301 0.63137255 0.65882353 0.67058824
v 0.02508193 0.04435301 0.05117655 0.63529412 0.63921569 0.65098039
v 0.03006512 0.04435301 0.05800003 0.70588235 0.63921569 0.63921569
v 0.03070593 0.04103702 0.06482357 0.78823529 0.70196078 0.69019608
v 0.03070593 0.04435301 0.05876029 0.72156863 0.64705882 0.64705882
v 0.02499223 0.05117655 -0.36505878 0.18039216 0.21176471 0.38039216
v 0.02656645 0.05117655 -0.35823530 0.39215686 0.48235294 0.67843137
v 0.02846462 0.05117655 -0.35141176 0.58823529 0.67058824 0.82352941
v 0.03070593 0.04656559 -0.35141176 0.58823529 0.68627451 0.82352941
v 0.02898431 0.05117655 -0.34458822 0.34901961 0.45098039 0.72941176
v 0.02974004 0.05117655 -0.33776468 0.25882353 0.34901961 0.67058824
v 0.03070593 0.04533172 -0.33776468 0.31764706 0.41960784 0.73725490
v 0.03016746 0.05117655 -0.33094114 0.54117647 0.64705882 0.81568627
v 0.03070593 0.05027431 -0.33094114 0.54901961 0.65490196 0.81960784
v 0.03036267 0.05117655 -0.32411760 0.45490196 0.56862745 0.76078431
v 0.03070593 0.05049461 -0.32411760 0.47058824 0.58823529 0.76862745
v 0.03070593 0.05117655 -0.31917000 0.27843137 0.37254902 0.61176471
v 0.03070593 0.05101961 -0.05117649 0.43137255 0.45490196 0.53725490
v 0.03070593 0.05117655 -0.05153161 0.43529412 0.45490196 0.53725490
v 0.03070593 0.04531235 -0.04435295 0.41568627 0.44313725 0.52941176
v 0.03070593 0.04901898 -0.03752941 0.56470588 0.58039216 0.64313725
v 0.03070593 0.05117655 -0.03380364 0.60784314 0.62745098 0.68235294
v 0.02662289 0.05117655 -0.02388233 0.19215686 0.22745098 0.31764706
v 0.03070593 0.05068129 -0.01023531 0.25098039 0.28627451 0.39607843
v 0.03070593 0.05117655 -0.01060319 0.24705882 0.28235294 0.39215686
v 0.02909714 0.05117655 -0.00341177 0.69411765 0.69019608 0.71764706
v 0.03070593 0.05117655 -0.00736493 0.52156863 0.54901961 0.62352941
v 0.03070593 0.04680455 -0.00341177 0.63921569 0.65490196 0.70196078
v 0.02429318 0.05117655 0.00341183 0.70588235 0.67058824 0.65490196
v 0.02389693 0.05117655 0.03070593 0.67058824 0.63921569 0.61568627
v 0.02510154 0.05117655 0.03752947 0.63529412 0.63921569 0.63921569
v 0.02678645 0.05117655 0.04435301 0.63529412 0.63137255 0.64313725
v 0.03070593 0.05060184 0.05117655 0.69411765 0.63529412 0.64705882
v 0.03070593 0.05117655 0.04962766 0.69019608 0.63921569 0.64705882
v 0.03070593 0.04501313 0.05800003 0.70980392 0.63529412 0.63529412
v 0.02619147 0.05800003 -0.32411760 0.23921569 0.29019608 0.55294118
v 0.02944022 0.05800003 -0.31729412 0.22745098 0.28627451 0.54509804
v 0.03070593 0.05250651 -0.31729412 0.22352941 0.29411765 0.53333333
v 0.03058511 0.05800003 -0.31047058 0.23529412 0.30588235 0.56078431
v 0.03070593 0.05760026 -0.31047058 0.24313725 0.30588235 0.55686275
v 0.03066373 0.05800003 -0.30364704 0.24705882 0.29411765 0.55294118
v 0.03070593 0.05782527 -0.30364704 0.24705882 0.29411765 0.55294118
v 0.03067464 0.05800003 -0.29682350 0.23137255 0.28235294 0.55686275
v 0.03070593 0.05793649 -0.29682350 0.22745098 0.28235294 0.55686275
v 0.03070593 0.05800003 -0.29639298 0.22745098 0.28235294 0.55686275
v 0.02723563 0.05800003 -0.08529413 0.40392157 0.40392157 0.48627451
v 0.02930850 0.05800003 -0.07847059 0.44313725 0.43921569 0.50980392
v 0.03070593 0.05784398 -0.07164705 0.49803922 0.47450980 0.52941176
v 0.03070593 0.05800003 -0.07507581 0.45882353 0.44705882 0.51372549
v 0.03070593 0.05750299 -0.06482351 0.48627451 0.45882353 0.51372549
v 0.03070593 0.05636811 -0.05799997 0.38823529 0.37647059 0.44705882
v 0.03070593 0.05421889 -0.03070587 0.57254902 0.59215686 0.65098039
v 0.02713847 0.05800003 -0.02388233 0.19215686 0.19607843 0.25098039
v 0.03070593 0.05800003 -0.02759206 0.17254902 0.17254902 0.23921569
v 0.03070593 0.05800003 -0.01693195 0.21960784 0.22745098 0.29019608
v 0.02755940 0.05800003 -0.00341177 0.69803922 0.66274510 0.66274510
v 0.03070593 0.05800003 -0.00678080 0.68627451 0.66666667 0.68627451
v 0.02429920 0.05800003 0.01705885 0.67450980 0.62352941 0.60392157
v 0.02556169 0.05800003 0.02388239 0.65882353 0.61960784 0.60784314
v 0.02782375 0.05800003 0.03070593 0.65490196 0.61960784 0.61568627
v 0.03070593 0.05744362 0.03752947 0.66666667 0.63137255 0.62352941
v 0.03070593 0.05800003 0.03580225 0.65882353 0.63137255 0.62745098
v 0.03070593 0.05522573 0.04435301 0.67450980 0.62352941 0.63137255
v 0.03070593 0.06482357 -0.29196888 0.40000000 0.53725490 0.74117647
v 0.03070593 0.06241012 -0.27635294 0.23921569 0.29803922 0.55686275
v 0.03070593 0.06482357 -0.27789748 0.25882353 0.36862745 0.62745098
v 0.02792209 0.06482357 -0.27635294 0.20784314 0.27058824 0.52549020
v 0.02905256 0.06482357 -0.26952940 0.22352941 0.30980392 0.56470588
v 0.03070593 0.06361544 -0.26952940 0.22745098 0.31764706 0.57254902
v 0.03070593 0.06482357 -0.26522064 0.23921569 0.36470588 0.61960784
v 0.02442253 0.06482357 -0.13305885 0.28627451 0.32941176 0.50196078
v 0.02648836 0.06482357 -0.12623531 0.27843137 0.32549020 0.49019608
v 0.02893746 0.06482357 -0.11941177 0.25882353 0.30980392 0.47450980
v 0.03070593 0.06465787 -0.11258823 0.22352941 0.30196078 0.45098039
v 0.03070593 0.06482357 -0.11408263 0.22745098 0.30196078 0.45490196
v 0.03070593 0.06468862 -0.10576469 0.24705882 0.35686275 0.48235294
v 0.03070593 0.06482357 -0.10058999 0.29019608 0.42352941 0.52156863
v 0.03058976 0.06482357 -0.09894115 0.30588235 0.44313725 0.53333333
v 0.03070593 0.06283367 -0.09211767 0.30980392 0.41960784 0.50588235
v 0.03070593 0.06482357 -0.09863549 0.30588235 0.44705882 0.53725490
v 0.03070593 0.06020820 -0.08529413 0.28627451 0.32941176 0.41960784
v 0.03070593 0.05892992 -0.07847059 0.40000000 0.40392157 0.48235294
v 0.02836257 0.06482357 -0.02388233 0.27058824 0.25098039 0.27843137
v 0.03070593 0.06482357 -0.02649498 0.22745098 0.21960784 0.25490196
v 0.03070593 0.05812293 -0.01705885 0.21960784 0.22352941 0.29019608
v 0.03070593 0.06482357 -0.02117175 0.22745098 0.20784314 0.23529412
v 0.02889401 0.06482357 -0.00341177 0.64705882 0.61960784 0.61960784
v 0.03070593 0.06482357 -0.00560105 0.63529412 0.60784314 0.61568627
v 0.02646846 0.06482357 0.00341183 0.64313725 0.61960784 0.61960784
v 0.02757156 0.06482357 0.01023537 0.61176471 0.61176471 0.62745098
v 0.03070593 0.06479228 0.01705885 0.58039216 0.62352941 0.64705882
v 0.03070593 0.06482357 0.01691574 0.58039216 0.62352941 0.64705882
v 0.03070593 0.06324911 0.02388239 0.58431373 0.61568627 0.64313725
v 0.03070593 0.06087369 0.03070593 0.61568627 0.61960784 0.63529412
v 0.03070593 0.06653607 -0.28999996 0.63921569 0.72549020 0.81176471
v 0.03070593 0.06880599 -0.28317648 0.71764706 0.77647059 0.82745098
v 0.03070593 0.06584620 -0.26270586 0.26274510 0.41568627 0.65490196
v 0.03070593 0.06776422 -0.25588232 0.29411765 0.45882353 0.67843137
v 0.03070593 0.06776994 -0.24905878 0.23529412 0.34509804 0.58431373
v 0.03070593 0.06916434 -0.24223530 0.25098039 0.32156863 0.54117647
v 0.03070593 0.07109421 -0.23541176 0.39215686 0.47058824 0.63921569
v 0.03070593 0.07164711 -0.22993565 0.54117647 0.61568627 0.70980392
v 0.02855712 0.07164711 -0.22858822 0.37647059 0.45490196 0.60784314
v 0.03070593 0.07093179 -0.22176468 0.27843137 0.32549020 0.52941176
v 0.03070593 0.07164711 -0.22710401 0.38039216 0.45490196 0.62352941
v 0.03070593 0.07069296 -0.21494114 0.26274510 0.33333333 0.54901961
v 0.03070593 0.07128143 -0.20811766 0.29803922 0.40784314 0.61960784
v 0.03070593 0.07144988 -0.20129412 0.31764706 0.43529412 0.63921569
v 0.03070593 0.07077146 -0.19447058 0.27058824 0.35294118 0.56078431
v 0.03070593 0.07052410 -0.18764704 0.25882353 0.30980392 0.49411765
v 0.03070593 0.07104558 -0.18082350 0.30980392 0.36078431 0.51764706
v 0.03070593 0.07146996 -0.17399997 0.36078431 0.42745098 0.55686275
v 0.03070593 0.07078815 -0.16717649 0.26666667 0.30980392 0.47450980
v 0.03070593 0.07066673 -0.16035295 0.27843137 0.34509804 0.51372549
v 0.03070593 0.07134759 -0.15352941 0.31764706 0.41176471 0.58039216
v 0.03070593 0.07141042 -0.14670587 0.33333333 0.43529412 0.60000000
v 0.03070593 0.07033694 -0.13988233 0.27843137 0.37254902 0.54901961
v 0.03070593 0.06893283 -0.13305885 0.22352941 0.30980392 0.49019608
v 0.03070593 0.06763643 -0.12623531 0.22352941 0.30196078 0.48627451
v 0.03070593 0.06606317 -0.11941177 0.21568627 0.28235294 0.45098039
v 0.03070593 0.06491441 -0.09894115 0.30588235 0.44313725 0.53333333
v 0.03026414 0.07164711 -0.02388233 0.29803922 0.28627451 0.30196078
v 0.03070593 0.07164711 -0.02476227 0.30196078 0.29411765 0.30980392
v 0.03070593 0.07164711 -0.02345288 0.29019608 0.27843137 0.29411765
v 0.03070593 0.06652987 -0.00341177 0.61176471 0.61176471 0.62352941
v 0.03070593 0.06862658 0.00341183 0.56862745 0.60392157 0.63137255
v 0.03070593 0.06784070 0.01023537 0.54901961 0.61176471 0.65098039
v 0.03070593 0.07247245 -0.22858822 0.38039216 0.44705882 0.61568627
v 0.03070593 0.07578665 -0.03070587 0.30980392 0.29411765 0.30980392
v 0.02926517 0.07847065 -0.03070587 0.32156863 0.30588235 0.32156863
v 0.03070593 0.07847065 -0.03251034 0.29019608 0.27450980 0.29019608
v 0.02904862 0.07847065 -0.02388233 0.37254902 0.35686275 0.36470588
v 0.03070593 0.07847065 -0.02237636 0.35686275 0.33725490 0.34509804
v 0.03070593 0.08424157 -0.11258823 0.63137255 0.62745098 0.63529412
v 0.02932125 0.08529419 -0.11258823 0.62745098 0.62352941 0.62745098
v 0.03070593 0.08529419 -0.11585337 0.62745098 0.62745098 0.63529412
v 0.03070593 0.08361560 -0.10576469 0.63529412 0.62745098 0.63137255
v 0.02859551 0.08529419 -0.10576469 0.62745098 0.61568627 0.61960784
v 0.03070593 0.08341169 -0.09894115 0.63921569 0.62745098 0.63137255
v 0.02871531 0.08529419 -0.09894115 0.62745098 0.61568627 0.61568627
v 0.03070593 0.08367085 -0.09211767 0.63529412 0.62352941 0.62352941
v 0.02912951 0.08529419 -0.09211767 0.63137255 0.61568627 0.61568627
v 0.03070593 0.08243400 -0.08529413 0.63529412 0.62352941 0.61960784
v 0.02786040 0.08529419 -0.08529413 0.62352941 0.61176471 0.60392157
v 0.03070593 0.08130580 -0.07847059 0.63529412 0.62352941 0.61960784
v 0.02729017 0.08529419 -0.07847059 0.61568627 0.60784314 0.60000000
v 0.03070593 0.08092755 -0.07164705 0.62745098 0.61568627 0.60784314
v 0.02776051 0.08529419 -0.07164705 0.61176471 0.60392157 0.59215686
v 0.03070593 0.08371651 -0.06482351 0.61960784 0.60784314 0.60000000
v 0.02968717 0.08529419 -0.06482351 0.61568627 0.60784314 0.59607843
v 0.03070593 0.08529419 -0.06360441 0.61568627 0.60784314 0.60000000
v 0.02949280 0.08529419 -0.03070587 0.37647059 0.36470588 0.36862745
v 0.03070593 0.08529419 -0.03247273 0.36078431 0.34901961 0.35686275
v 0.03020519 0.08529419 -0.02388233 0.40784314 0.39607843 0.39607843
v 0.03070593 0.08529419 -0.02345508 0.40784314 0.39215686 0.39215686
v 0.03070593 0.09206605 -0.12623531 0.62352941 0.62352941 0.62352941
v 0.03064245 0.09211767 -0.12623531 0.62352941 0.62352941 0.62352941
v 0.03070593 0.09211767 -0.12629944 0.62352941 0.62352941 0.62352941
v 0.03070593 0.08735824 -0.11941177 0.62352941 0.62352941 0.62745098
v 0.02658600 0.09211767 -0.11941177 0.61176471 0.61568627 0.61176471
v 0.02731329 0.09211767 -0.11258823 0.61960784 0.61960784 0.61176471
v 0.02870303 0.09211767 -0.10576469 0.62745098 0.61960784 0.61176471
v 0.03070593 0.09128278 -0.09894115 0.63529412 0.61960784 0.61176471
v 0.03070593 0.09211767 -0.09965074 0.63137255 0.61960784 0.61176471
v 0.03070593 0.08911699 -0.09211767 0.63137255 0.61568627 0.61176471
v 0.03070593 0.09211767 -0.08825481 0.62352941 0.61176471 0.60392157
v 0.03000420 0.09211767 -0.08529413 0.61960784 0.60784314 0.59607843
v 0.02913934 0.09211767 -0.07847059 0.60784314 0.60000000 0.58823529
v 0.03070593 0.09102476 -0.07164705 0.58823529 0.58431373 0.57254902
v 0.03070593 0.09211767 -0.07392383 0.58823529 0.58431373 0.57254902
v 0.03070593 0.08675897 -0.06482351 0.61176471 0.60000000 0.58823529
v 0.02903199 0.09211767 -0.03070587 0.40784314 0.40000000 0.39607843
v 0.03070593 0.09211767 -0.03555679 0.41568627 0.41176471 0.41176471
v 0.03070593 0.08632851 -0.02388233 0.41176471 0.40000000 0.40000000
v 0.03070593 0.09211767 -0.02758157 0.42745098 0.41568627 0.41568627
v 0.03070593 0.09220606 -0.12623531 0.62352941 0.62352941 0.62352941
v 0.03070593 0.09885865 -0.11941177 0.63137255 0.63137255 0.62352941
v 0.03070593 0.09894121 -0.11802733 0.63529412 0.63137255 0.62352941
v 0.03048813 0.09894121 -0.11258823 0.63529412 0.62745098 0.61960784
v 0.03070593 0.09566569 -0.10576469 0.63137255 0.62352941 0.61176471
v 0.03070593 0.09894121 -0.11211836 0.63529412 0.62745098 0.61960784
v 0.03070593 0.09304053 -0.08529413 0.61960784 0.60784314 0.59607843
v 0.03070593 0.09428525 -0.07847059 0.60000000 0.59215686 0.58039216
v 0.02927470 0.09894121 -0.03070587 0.45490196 0.44705882 0.44313725
v 0.03070593 0.09894121 -0.03489244 0.43921569 0.43137255 0.42745098
v 0.03070593 0.09894121 -0.02903116 0.45490196 0.44313725 0.44313725
v 0.03070593 0.09909213 -0.11258823 0.63529412 0.62745098 0.61960784
v 0.03070593 0.10054266 -0.03070587 0.46274510 0.45098039 0.45098039
v 0.03752947 -0.17456627 -0.07164705 0.61176471 0.59607843 0.59215686
v 0.03574437 -0.17399997 -0.07164705 0.60784314 0.59607843 0.59215686
v 0.03752947 -0.17399997 -0.07268178 0.61176471 0.59607843 0.59215686
v 0.03752947 -0.17671883 -0.06482351 0.61960784 0.60000000 0.59215686
v 0.03366274 -0.17399997 -0.05799997 0.60392157 0.59215686 0.58823529
v 0.03752947 -0.17626172 -0.05799997 0.61176471 0.60000000 0.59215686
v 0.03752947 -0.17399997 -0.05575913 0.60392157 0.59607843 0.59215686
v 0.03752947 -0.16717649 -0.07777888 0.59215686 0.58823529 0.59607843
v 0.03157091 -0.16717649 -0.05799997 0.56862745 0.56078431 0.57647059
v 0.03752947 -0.16717649 -0.05210698 0.50588235 0.50196078 0.53333333
v 0.03752947 -0.17025667 -0.03752941 0.30588235 0.30196078 0.32549020
v 0.03289312 -0.16717649 -0.03752941 0.32156863 0.31372549 0.34509804
v 0.03752947 -0.16717649 -0.04255933 0.25882353 0.25882353 0.30980392
v 0.03752947 -0.16717649 -0.03400451 0.29411765 0.28627451 0.31764706
v 0.03343064 -0.16035295 -0.07164705 0.48627451 0.48235294 0.52156863
v 0.03752947 -0.16035295 -0.07700545 0.56862745 0.55686275 0.58039216
v 0.03227830 -0.16035295 -0.06482351 0.44313725 0.44313725 0.49803922
v 0.03154093 -0.16035295 -0.05799997 0.33725490 0.33333333 0.39607843
v 0.03752947 -0.16688573 -0.05117649 0.47843137 0.47843137 0.51372549
v 0.03752947 -0.16664320 -0.04435295 0.29019608 0.29019608 0.34117647
v 0.03752947 -0.16035295 -0.03079557 0.27058824 0.27058824 0.34901961
v 0.03256881 -0.15352941 -0.07164705 0.22745098 0.23137255 0.30196078
v 0.03752947 -0.15352941 -0.07786113 0.55294118 0.56862745 0.61176471
v 0.03752947 -0.16030252 -0.03070587 0.27058824 0.27058824 0.34901961
v 0.03247404 -0.15352941 -0.02388233 0.25882353 0.27450980 0.36078431
v 0.03752947 -0.15750962 -0.02388233 0.28235294 0.28627451 0.36470588
v 0.03752947 -0.15352941 -0.01789922 0.30196078 0.33725490 0.41960784
v 0.03232956 -0.14670587 -0.07164705 0.15294118 0.15686275 0.23137255
v 0.03752947 -0.14670587 -0.07687759 0.54117647 0.56078431 0.63137255
v 0.03752947 -0.15339833 -0.01705885 0.32941176 0.36862745 0.44705882
v 0.03752947 -0.15260702 -0.01023531 0.27058824 0.32549020 0.41960784
v 0.03211391 -0.14670587 -0.00341177 0.27843137 0.33333333 0.43921569
v 0.03752947 -0.15015048 -0.00341177 0.18823529 0.28235294 0.40392157
v 0.03752947 -0.14940393 0.00341183 0.16470588 0.32156863 0.47843137
v 0.03346449 -0.14670587 0.00341183 0.23137255 0.34117647 0.47843137
v 0.03752947 -0.14903694 0.01023537 0.18431373 0.40392157 0.56862745
v 0.03442669 -0.14670587 0.01023537 0.20784314 0.37254902 0.53333333
v 0.03752947 -0.14761311 0.01705885 0.20000000 0.41176471 0.57254902
v 0.03635418 -0.14670587 0.01705885 0.20784314 0.40392157 0.56078431
v 0.03752947 -0.14670587 0.01966828 0.20000000 0.39607843 0.54901961
v 0.03752947 -0.14146262 -0.07164705 0.16078431 0.13333333 0.20392157
v 0.03752947 -0.13988233 -0.07111663 0.13333333 0.10980392 0.16862745
v 0.03752947 -0.14610332 0.02388239 0.20000000 0.36078431 0.51372549
v 0.03752947 -0.14568299 0.03070593 0.20784314 0.32156863 0.45882353
v 0.03106314 -0.13988233 0.03752947 0.32941176 0.34509804 0.45882353
v 0.03752947 -0.14526463 0.03752947 0.20784314 0.29411765 0.42745098
v 0.03752947 -0.14505386 0.04435301 0.20392157 0.27843137 0.39215686
v 0.03169775 -0.13988233 0.04435301 0.31372549 0.30980392 0.41176471
v 0.03752947 -0.14498246 0.05117655 0.12156863 0.18039216 0.25490196
v 0.03207242 -0.13988233 0.05117655 0.22745098 0.21568627 0.29019608
v 0.03752947 -0.14528394 0.05800003 0.21568627 0.31764706 0.35294118
v 0.03097939 -0.13988233 0.05800003 0.29019608 0.29803922 0.35294118
v 0.03752947 -0.14166415 0.06482357 0.29019608 0.36078431 0.38823529
v 0.03512812 -0.13988233 0.06482357 0.30588235 0.34509804 0.38039216
v 0.03752947 -0.13988233 0.06661999 0.30980392 0.36078431 0.39215686
v 0.03101563 -0.13305885 -0.06482351 0.17254902 0.15294118 0.19607843
v 0.03752947 -0.13305885 -0.06894004 0.11372549 0.08627451 0.13725490
v 0.03752947 -0.13305885 0.07147777 0.29411765 0.26666667 0.29803922
v 0.03752947 -0.12663370 -0.06482351 0.14117647 0.11372549 0.16078431
v 0.03752947 -0.12623531 -0.06459719 0.14117647 0.11764706 0.16470588
v 0.03752947 -0.12623531 0.07154465 0.27843137 0.27058824 0.31764706
v 0.03752947 -0.11941177 -0.06178039 0.12156863 0.10196078 0.14117647
v 0.03752947 -0.11941177 0.07153416 0.30588235 0.32549020 0.39607843
v 0.03752947 -0.11527646 -0.05799997 0.14901961 0.12549020 0.16862745
v 0.03752947 -0.11258823 -0.05455238 0.15686275 0.12941176 0.18431373
v 0.03338212 -0.11258823 -0.05117649 0.14117647 0.12156863 0.16470588
v 0.03634310 -0.11258823 0.07164711 0.30980392 0.31764706 0.39215686
v 0.03752947 -0.11507601 0.07164711 0.34117647 0.35686275 0.43137255
v 0.03752947 -0.11258823 0.07313454 0.56470588 0.55294118 0.59215686
v 0.03154039 -0.10576469 -0.28317648 0.33333333 0.43137255 0.60784314
v 0.03125942 -0.10576469 -0.27635294 0.27843137 0.33333333 0.52941176
v 0.03295952 -0.10576469 -0.26952940 0.29019608 0.36862745 0.56470588
v 0.03433245 -0.10576469 -0.26270586 0.29411765 0.39607843 0.59607843
v 0.03470051 -0.10576469 -0.25588232 0.29019608 0.40784314 0.60784314
v 0.03456515 -0.10576469 -0.24905878 0.29803922 0.38431373 0.57647059
v 0.03405935 -0.10576469 -0.24223530 0.30196078 0.36078431 0.54117647
v 0.03342682 -0.10576469 -0.23541176 0.31372549 0.36078431 0.52549020
v 0.03379810 -0.10576469 -0.22858822 0.32549020 0.37647059 0.53725490
v 0.03482205 -0.10576469 -0.22176468 0.30980392 0.35686275 0.52941176
v 0.03602731 -0.10576469 -0.21494114 0.30980392 0.38823529 0.56470588
v 0.03697479 -0.10576469 -0.20811766 0.30196078 0.41176471 0.59607843
v 0.03736043 -0.10576469 -0.20129412 0.29803922 0.41960784 0.60784314
v 0.03752947 -0.10576469 -0.19585478 0.30980392 0.40784314 0.58431373
v 0.03752947 -0.10583478 -0.19447058 0.31372549 0.40392157 0.58039216
v 0.03752947 -0.10576469 -0.19366705 0.31372549 0.40000000 0.57647059
v 0.03707987 -0.10576469 -0.18764704 0.31764706 0.38039216 0.54901961
v 0.03723401 -0.10576469 -0.18082350 0.35294118 0.39215686 0.55686275
v 0.03752947 -0.10576469 -0.17920005 0.37254902 0.42352941 0.58039216
v 0.03752947 -0.10648817 -0.17399997 0.36862745 0.41176471 0.56470588
v 0.03752947 -0.10660666 -0.16717649 0.34117647 0.38823529 0.54117647
v 0.03752947 -0.10808337 -0.16035295 0.35686275 0.42352941 0.56470588
v 0.03752947 -0.10905868 -0.15352941 0.37254902 0.45490196 0.58823529
v 0.03752947 -0.10900193 -0.14670587 0.37647059 0.45882353 0.58823529
v 0.03752947 -0.10842496 -0.13988233 0.37647059 0.43921569 0.56470588
v 0.03752947 -0.10723406 -0.13305885 0.36862745 0.41176471 0.54117647
v 0.03752947 -0.10618722 -0.12623531 0.38039216 0.40392157 0.52941176
v 0.03752947 -0.10620195 -0.11941177 0.39215686 0.41176471 0.53333333
v 0.03752947 -0.10576469 -0.11359328 0.34509804 0.38039216 0.51372549
v 0.03727746 -0.10576469 -0.11258823 0.34117647 0.38039216 0.51764706
v 0.03752947 -0.10576469 -0.11232859 0.34117647 0.38431373 0.51764706
v 0.03752947 -0.10729194 -0.10576469 0.34117647 0.39215686 0.51764706
v 0.03752947 -0.10841870 -0.09894115 0.32549020 0.38431373 0.50196078
v 0.03752947 -0.10576469 -0.09219962 0.28627451 0.37647059 0.52156863
v 0.03752947 -0.10668075 -0.05117649 0.20784314 0.16862745 0.24313725
v 0.03752947 -0.10576469 -0.05108970 0.18823529 0.15294118 0.23137255
v 0.03594756 -0.10576469 0.07164711 0.30196078 0.29411765 0.37647059
v 0.03752947 -0.10576469 0.07570684 0.69411765 0.63921569 0.64313725
v 0.03529465 -0.09894115 -0.34458822 0.57254902 0.66666667 0.78823529
v 0.03593200 -0.09894115 -0.33776468 0.72941176 0.78039216 0.84313725
v 0.03409868 -0.09894115 -0.33094114 0.28235294 0.39607843 0.61960784
v 0.03519022 -0.09894115 -0.32411760 0.24313725 0.36470588 0.59215686
v 0.03553683 -0.09894115 -0.31729412 0.25490196 0.42352941 0.65882353
v 0.03599691 -0.09894115 -0.31047058 0.27843137 0.46666667 0.69803922
v 0.03629863 -0.09894115 -0.30364704 0.23529412 0.37254902 0.61176471
v 0.03645241 -0.09894115 -0.29682350 0.24705882 0.35294118 0.58823529
v 0.03752947 -0.09894115 -0.29436821 0.30980392 0.43529412 0.65490196
v 0.03752947 -0.10205901 -0.28999996 0.50980392 0.60784314 0.75294118
v 0.03752947 -0.10150236 -0.28317648 0.64705882 0.71764706 0.80000000
v 0.03752947 -0.10215282 -0.27635294 0.30196078 0.40000000 0.61960784
v 0.03752947 -0.10169131 -0.26952940 0.26274510 0.37647059 0.59215686
v 0.03752947 -0.10328192 -0.26270586 0.27450980 0.41568627 0.62352941
v 0.03752947 -0.10413760 -0.25588232 0.28235294 0.43137255 0.63529412
v 0.03752947 -0.10383546 -0.24905878 0.28627451 0.39607843 0.59607843
v 0.03752947 -0.10394078 -0.24223530 0.29411765 0.37254902 0.56862745
v 0.03752947 -0.10525501 -0.23541176 0.34509804 0.40000000 0.58431373
v 0.03752947 -0.10505557 -0.22858822 0.38431373 0.44705882 0.60784314
v 0.03752947 -0.10495222 -0.22176468 0.30980392 0.36862745 0.54901961
v 0.03752947 -0.10518932 -0.21494114 0.30588235 0.39215686 0.57647059
v 0.03752947 -0.10559452 -0.20811766 0.30196078 0.41568627 0.60000000
v 0.03752947 -0.10571980 -0.20129412 0.29803922 0.41960784 0.60784314
v 0.03752947 -0.10562873 -0.18764704 0.31764706 0.38039216 0.55294118
v 0.03752947 -0.10574454 -0.18082350 0.35294118 0.39607843 0.56078431
v 0.03752947 -0.10575587 -0.11258823 0.34117647 0.38431373 0.51764706
v 0.03752947 -0.10576057 -0.09211767 0.28235294 0.37647059 0.51764706
v 0.03752947 -0.10473430 -0.08529413 0.22352941 0.26666667 0.41176471
v 0.03752947 -0.10202879 -0.07847059 0.22745098 0.27450980 0.41960784
v 0.03752947 -0.09894115 -0.07324600 0.23529412 0.32549020 0.46666667
v 0.03752947 -0.10276908 -0.05799997 0.26666667 0.27450980 0.38431373
v 0.03287935 -0.09894115 -0.05799997 0.19215686 0.25098039 0.34509804
v 0.03752947 -0.09894115 -0.06311673 0.21568627 0.28627451 0.40000000
v 0.03752947 -0.10562348 -0.05117649 0.18823529 0.15686275 0.23529412
v 0.03095102 -0.09894115 -0.05117649 0.17647059 0.21960784 0.30980392
v 0.03567207 -0.09894115 0.07164711 0.41176471 0.43137255 0.51372549
v 0.03752947 -0.09894115 0.07620347 0.65490196 0.63137255 0.65098039
v 0.03200573 -0.09211767 -0.36505878 0.26666667 0.45490196 0.70196078
v 0.03326494 -0.09211767 -0.35823530 0.19215686 0.32156863 0.59607843
v 0.03430176 -0.09211767 -0.35141176 0.21176471 0.31372549 0.57647059
v 0.03654712 -0.09211767 -0.34458822 0.55294118 0.65882353 0.80000000
v 0.03703529 -0.09211767 -0.33776468 0.72549020 0.78039216 0.85098039
v 0.03601104 -0.09211767 -0.33094114 0.24705882 0.36470588 0.63137255
v 0.03666574 -0.09211767 -0.32411760 0.20784314 0.33333333 0.60392157
v 0.03704399 -0.09211767 -0.31729412 0.23529412 0.41960784 0.67843137
v 0.03745621 -0.09211767 -0.31047058 0.26666667 0.47450980 0.71372549
v 0.03752947 -0.09274477 -0.30364704 0.21176471 0.36470588 0.63529412
v 0.03752947 -0.09211767 -0.30648893 0.22745098 0.39607843 0.66274510
v 0.03752947 -0.09481978 -0.29682350 0.23137255 0.36078431 0.61568627
v 0.03752947 -0.09851670 -0.07164705 0.27058824 0.38431373 0.50588235
v 0.03752947 -0.09838820 -0.06482351 0.25882353 0.35294118 0.46274510
v 0.03114277 -0.09211767 0.06482357 0.40784314 0.44313725 0.56078431
v 0.03327954 -0.09211767 0.07164711 0.50980392 0.52549020 0.58431373
v 0.03752947 -0.09671855 0.07847065 0.61568627 0.60392157 0.63529412
v 0.03581041 -0.09211767 0.07847065 0.61176471 0.59607843 0.61960784
v 0.03752947 -0.09211767 0.08037591 0.60392157 0.58823529 0.60392157
v 0.03250575 -0.08529413 -0.36505878 0.18431373 0.25882353 0.52941176
v 0.03158522 -0.08529413 -0.35823530 0.19215686 0.24705882 0.52156863
v 0.03129792 -0.08529413 -0.35141176 0.22745098 0.27450980 0.57254902
v 0.03358579 -0.08529413 -0.34458822 0.21960784 0.26666667 0.57254902
v 0.03530610 -0.08529413 -0.33776468 0.24705882 0.29803922 0.60000000
v 0.03480804 -0.08529413 -0.33094114 0.23137255 0.28235294 0.59607843
v 0.03560507 -0.08529413 -0.32411760 0.20392157 0.26274510 0.55294118
v 0.03717613 -0.08529413 -0.31729412 0.20392157 0.29411765 0.56470588
v 0.03752947 -0.09039640 -0.31047058 0.24705882 0.43529412 0.68627451
v 0.03752947 -0.08529413 -0.31403297 0.21176471 0.31764706 0.58039216
v 0.03752947 -0.08796841 -0.30364704 0.21960784 0.32156863 0.59607843
v 0.03752947 -0.08529413 -0.30456370 0.21568627 0.29411765 0.56862745
v 0.03746009 -0.08529413 -0.30364704 0.21568627 0.29019608 0.56862745
v 0.03725547 -0.08529413 -0.29682350 0.23921569 0.28235294 0.58823529
v 0.03752947 -0.08787107 -0.29682350 0.22745098 0.29803922 0.59215686
v 0.03752947 -0.08529413 -0.29372239 0.24705882 0.28627451 0.60000000
v 0.03176689 -0.08529413 0.06482357 0.40392157 0.35686275 0.43921569
v 0.03228027 -0.08529413 0.07164711 0.60000000 0.54117647 0.54901961
v 0.03331357 -0.08529413 0.07847065 0.62352941 0.56862745 0.55686275
v 0.03752947 -0.08529413 0.08419567 0.61568627 0.55294118 0.52941176
v 0.03344393 -0.07847059 -0.36505878 0.18823529 0.21568627 0.43137255
v 0.03182942 -0.07847059 -0.35823530 0.44705882 0.51764706 0.72156863
v 0.03468621 -0.07847059 -0.35141176 0.63529412 0.68627451 0.83529412
v 0.03540897 -0.07847059 -0.34458822 0.31764706 0.37647059 0.69019608
v 0.03627765 -0.07847059 -0.33776468 0.24313725 0.28627451 0.61960784
v 0.03616500 -0.07847059 -0.33094114 0.58823529 0.65490196 0.81960784
v 0.03660840 -0.07847059 -0.32411760 0.55686275 0.62745098 0.78823529
v 0.03687763 -0.07847059 -0.31729412 0.24705882 0.30196078 0.54117647
v 0.03748125 -0.07847059 -0.31047058 0.21176471 0.25882353 0.47058824
v 0.03752947 -0.07959247 -0.31047058 0.20784314 0.25098039 0.47843137
v 0.03707385 -0.07847059 -0.30364704 0.45490196 0.52941176 0.72941176
v 0.03752947 -0.07980108 -0.29682350 0.55294118 0.61960784 0.80000000
v 0.03752947 -0.07847059 -0.29745340 0.59607843 0.66274510 0.81176471
v 0.03196925 -0.07847059 0.06482357 0.54509804 0.44313725 0.47450980
v 0.03160405 -0.07847059 0.07164711 0.64313725 0.56862745 0.54901961
v 0.03297848 -0.07847059 0.07847065 0.59215686 0.53725490 0.50588235
v 0.03752947 -0.07847059 0.08413810 0.57647059 0.52941176 0.48627451
v 0.03526771 -0.07164705 -0.36505878 0.29019608 0.34117647 0.49019608
v 0.03525382 -0.07164705 -0.35823530 0.56470588 0.62745098 0.76862745
v 0.03641206 -0.07164705 -0.35141176 0.67843137 0.72156863 0.84313725
v 0.03671265 -0.07164705 -0.34458822 0.42745098 0.48235294 0.76470588
v 0.03711516 -0.07164705 -0.33776468 0.29803922 0.34901961 0.67843137
v 0.03729582 -0.07164705 -0.33094114 0.62745098 0.69019608 0.82745098
v 0.03752947 -0.07512397 -0.32411760 0.60000000 0.67450980 0.79607843
v 0.03752947 -0.07164705 -0.32887560 0.61960784 0.68627451 0.80784314
v 0.03752947 -0.07164705 -0.31953084 0.48235294 0.56470588 0.69019608
v 0.03719729 -0.07164705 -0.31729412 0.32549020 0.39215686 0.54117647
v 0.03752947 -0.07436895 -0.31047058 0.23137255 0.27450980 0.43529412
v 0.03752947 -0.07164705 -0.31105745 0.24313725 0.28627451 0.40392157
v 0.03752947 -0.07631546 -0.30364704 0.53333333 0.60784314 0.76078431
v 0.03133422 -0.07164705 0.06482357 0.62352941 0.53725490 0.53725490
v 0.03123891 -0.07164705 0.07164711 0.65882353 0.60000000 0.56470588
v 0.03422511 -0.07164705 0.07847065 0.57254902 0.53333333 0.48627451
v 0.03123903 -0.07164705 0.07164711 0.65882353 0.60000000 0.56470588
v 0.03752947 -0.07164705 0.08432281 0.52941176 0.49019608 0.43921569
v 0.03185332 -0.06482351 -0.37188232 0.25882353 0.29411765 0.45490196
v 0.03496236 -0.06482351 -0.36505878 0.28235294 0.31764706 0.45490196
v 0.03514969 -0.06482351 -0.35823530 0.58431373 0.63921569 0.76862745
v 0.03632289 -0.06482351 -0.35141176 0.69019608 0.73333333 0.84313725
v 0.03681022 -0.06482351 -0.34458822 0.38823529 0.44313725 0.73725490
v 0.03719926 -0.06482351 -0.33776468 0.29411765 0.34509804 0.67058824
v 0.03726685 -0.06482351 -0.33094114 0.64313725 0.70196078 0.83137255
v 0.03752947 -0.06482351 -0.32890433 0.64313725 0.70196078 0.81568627
v 0.03752947 -0.06482351 -0.31903243 0.45490196 0.52941176 0.65490196
v 0.03729147 -0.06482351 -0.31729412 0.33333333 0.38823529 0.52549020
v 0.03752947 -0.06482351 -0.31403702 0.26666667 0.30196078 0.40392157
v 0.03071827 -0.06482351 0.06482357 0.67058824 0.60392157 0.57254902
v 0.03088057 -0.06482351 0.07164711 0.67058824 0.61176471 0.56078431
v 0.03453809 -0.06482351 0.07847065 0.50588235 0.45882353 0.40392157
v 0.03752947 -0.06482351 0.08516836 0.43137255 0.39215686 0.33333333
v 0.03752947 -0.06880838 0.09211767 0.51372549 0.49019608 0.43137255
v 0.03580606 -0.06482351 0.09211767 0.49803922 0.46666667 0.40784314
v 0.03752947 -0.06482351 0.08554751 0.43529412 0.39607843 0.34117647
v 0.03752947 -0.06482351 0.09678429 0.54117647 0.50588235 0.44313725
v 0.03327042 -0.05799997 -0.37188232 0.24313725 0.26666667 0.48627451
v 0.03627032 -0.05799997 -0.36505878 0.30196078 0.33333333 0.53725490
v 0.03228539 -0.05799997 -0.35823530 0.36862745 0.41176471 0.63529412
v 0.03444660 -0.05799997 -0.35141176 0.54117647 0.59215686 0.78823529
v 0.03655630 -0.05799997 -0.34458822 0.29019608 0.33333333 0.63921569
v 0.03718418 -0.05799997 -0.33776468 0.27843137 0.31764706 0.62352941
v 0.03650326 -0.05799997 -0.33094114 0.49411765 0.55294118 0.76470588
v 0.03619003 -0.05799997 -0.32411760 0.54509804 0.59607843 0.76470588
v 0.03752947 -0.06143403 -0.32411760 0.65098039 0.70588235 0.80784314
v 0.03751802 -0.05799997 -0.31729412 0.27058824 0.30588235 0.51372549
v 0.03752947 -0.05799997 -0.31725883 0.27058824 0.30588235 0.51372549
v 0.03752947 -0.05989128 -0.30364704 0.53333333 0.58823529 0.74117647
v 0.03752947 -0.05799997 -0.30463648 0.36862745 0.41176471 0.62352941
v 0.03706932 -0.05799997 -0.30364704 0.41960784 0.46666667 0.67058824
v 0.03749090 -0.05799997 -0.29682350 0.49411765 0.54901961 0.74901961
v 0.03752947 -0.05812675 -0.29682350 0.50588235 0.56470588 0.75686275
v 0.03752947 -0.05799997 -0.29671377 0.49019608 0.54901961 0.74901961
v 0.03347391 -0.05799997 0.07847065 0.45098039 0.38039216 0.32156863
v 0.03752947 -0.06462187 0.08529419 0.43529412 0.39215686 0.33725490
v 0.03513974 -0.05799997 0.08529419 0.40784314 0.34117647 0.28627451
v 0.03395313 -0.05799997 0.09211767 0.47843137 0.41176471 0.35686275
v 0.03752947 -0.06367022 0.09894121 0.52156863 0.47450980 0.41568627
v 0.03450066 -0.05799997 0.09894121 0.51372549 0.44705882 0.38823529
v 0.03752947 -0.05799997 0.10566849 0.54509804 0.46666667 0.41568627
v 0.03535688 -0.05117649 -0.37188232 0.29803922 0.36470588 0.60784314
v 0.03671181 -0.05117649 -0.36505878 0.32941176 0.44705882 0.67843137
v 0.03687346 -0.05117649 -0.35823530 0.31764706 0.36078431 0.59215686
v 0.03706110 -0.05117649 -0.35141176 0.29803922 0.33333333 0.58039216
v 0.03727144 -0.05117649 -0.34458822 0.33333333 0.38823529 0.63921569
v 0.03752947 -0.05342615 -0.33776468 0.32156863 0.37254902 0.63921569
v 0.03752947 -0.05117649 -0.34074271 0.40000000 0.48627451 0.69019608
v 0.03752947 -0.05381626 -0.33094114 0.28235294 0.31372549 0.59607843
v 0.03752947 -0.05587590 -0.32411760 0.30588235 0.33725490 0.59607843
v 0.03752947 -0.05797201 -0.31729412 0.27058824 0.30588235 0.51372549
v 0.03752947 -0.05757838 -0.30364704 0.38823529 0.42745098 0.64313725
v 0.03752947 -0.05794442 -0.29682350 0.48627451 0.54117647 0.74509804
v 0.03315550 -0.05117649 0.07847065 0.42352941 0.34117647 0.27450980
v 0.03252369 -0.05117649 0.08529419 0.51764706 0.41568627 0.35294118
v 0.03156537 -0.05117649 0.09211767 0.58823529 0.48627451 0.42352941
v 0.03167832 -0.05117649 0.09894121 0.60000000 0.49803922 0.44313725
v 0.03752947 -0.05796909 0.10576475 0.54509804 0.46666667 0.41568627
v 0.03254431 -0.05117649 0.10576475 0.59607843 0.49411765 0.45098039
v 0.03752947 -0.05417156 0.11258829 0.59607843 0.50980392 0.46274510
v 0.03577888 -0.05117649 0.11258829 0.59215686 0.49019608 0.45098039
v 0.03752947 -0.05117649 0.11555785 0.55686275 0.47843137 0.45098039
v 0.03291333 -0.04435295 -0.39235291 0.71372549 0.76078431 0.82352941
v 0.03347051 -0.04435295 -0.38552940 0.35686275 0.40392157 0.60784314
v 0.03589910 -0.04435295 -0.37870586 0.31372549 0.40392157 0.61176471
v 0.03659034 -0.04435295 -0.37188232 0.36078431 0.53725490 0.74117647
v 0.03703934 -0.04435295 -0.36505878 0.45490196 0.63921569 0.79215686
v 0.03750634 -0.04435295 -0.35823530 0.27843137 0.39215686 0.61960784
v 0.03752947 -0.04874402 -0.35141176 0.30588235 0.33725490 0.57254902
v 0.03752947 -0.04435295 -0.35793710 0.27843137 0.38431373 0.61176471
v 0.03752947 -0.05030423 -0.34458822 0.34509804 0.40392157 0.64705882
v 0.03239787 -0.04435295 0.07847065 0.42352941 0.32941176 0.25882353
v 0.03128445 -0.04435295 0.08529419 0.62745098 0.50588235 0.43137255
v 0.03136027 -0.04435295 0.10576475 0.65098039 0.51764706 0.48235294
v 0.03401518 -0.04435295 0.11258829 0.49803922 0.44313725 0.44705882
v 0.03752947 -0.05038714 0.11941183 0.47058824 0.43529412 0.42745098
v 0.03192759 -0.04435295 0.11941183 0.49411765 0.52156863 0.53725490
v 0.03752947 -0.04908258 0.12623537 0.46274510 0.46274510 0.46274510
v 0.03319925 -0.04435295 0.12623537 0.50980392 0.55686275 0.57254902
v 0.03752947 -0.04435295 0.13076806 0.43529412 0.47450980 0.49019608
v 0.03181201 -0.03752941 -0.39917645 0.49803922 0.58039216 0.70980392
v 0.03401798 -0.03752941 -0.39235291 0.71372549 0.76078431 0.81960784
v 0.03483826 -0.03752941 -0.38552940 0.36470588 0.42745098 0.61176471
v 0.03634995 -0.03752941 -0.37870586 0.31764706 0.41568627 0.61176471
v 0.03678191 -0.03752941 -0.37188232 0.36470588 0.54509804 0.74117647
v 0.03719032 -0.03752941 -0.36505878 0.44313725 0.63529412 0.78823529
v 0.03752947 -0.04351163 -0.35823530 0.27843137 0.40000000 0.62745098
v 0.03752947 -0.03752941 -0.36053562 0.30588235 0.46274510 0.67843137
v 0.03263521 -0.03752941 0.07847065 0.47058824 0.36078431 0.27843137
v 0.03084058 -0.03752941 0.08529419 0.66274510 0.53333333 0.45490196
v 0.03127539 -0.03752941 0.10576475 0.67450980 0.52549020 0.49411765
v 0.03370041 -0.03752941 0.11258829 0.50196078 0.44313725 0.45490196
v 0.03129894 -0.03752941 0.11941183 0.47843137 0.51372549 0.53725490
v 0.03206915 -0.03752941 0.12623537 0.49803922 0.54901961 0.56862745
v 0.03752947 -0.03752941 0.13207936 0.41960784 0.46274510 0.47843137
v 0.03108823 -0.03070587 -0.38552940 0.30588235 0.34117647 0.58039216
v 0.03459108 -0.03070587 -0.37870586 0.34901961 0.38039216 0.60784314
v 0.03610486 -0.03070587 -0.37188232 0.32156863 0.39607843 0.61960784
v 0.03711349 -0.03070587 -0.36505878 0.32941176 0.44313725 0.65882353
v 0.03752005 -0.03070587 -0.35823530 0.32549020 0.37647059 0.59215686
v 0.03752947 -0.03097069 -0.35823530 0.32549020 0.37647059 0.59215686
v 0.03752947 -0.03070587 -0.35805982 0.32549020 0.37647059 0.59215686
v 0.03337353 -0.03070587 0.07847065 0.56078431 0.43529412 0.33725490
v 0.03102899 -0.03070587 0.08529419 0.68627451 0.56862745 0.48235294
v 0.03160822 -0.03070587 0.10576475 0.68235294 0.53725490 0.49803922
v 0.03484499 -0.03070587 0.11258829 0.60784314 0.48627451 0.46666667
v 0.03374368 -0.03070587 0.11941183 0.49019608 0.44705882 0.45490196
v 0.03471690 -0.03070587 0.12623537 0.47450980 0.45490196 0.45882353
v 0.03752947 -0.03070587 0.12947196 0.45098039 0.42352941 0.42745098
v 0.03276503 -0.02388233 -0.39235291 0.33333333 0.38823529 0.63529412
v 0.03535110 -0.02388233 -0.37188232 0.27058824 0.31764706 0.52156863
v 0.03713465 -0.02388233 -0.36505878 0.30588235 0.35686275 0.52941176
v 0.03429979 -0.02388233 -0.35823530 0.43529412 0.47843137 0.67058824
v 0.03596342 -0.02388233 -0.35141176 0.38039216 0.41960784 0.67058824
v 0.03752947 -0.02857435 -0.35141176 0.30980392 0.34509804 0.58823529
v 0.03751969 -0.02388233 -0.34458822 0.30980392 0.35294118 0.61960784
v 0.03752947 -0.02401155 -0.34458822 0.30980392 0.35294118 0.61960784
v 0.03752947 -0.02388233 -0.34450883 0.30980392 0.34901961 0.61960784
v 0.03752947 -0.02415437 -0.33094114 0.30196078 0.34509804 0.60000000
v 0.03752947 -0.02388233 -0.33140302 0.30196078 0.34509804 0.60000000
v 0.03746545 -0.02388233 -0.33094114 0.30588235 0.34509804 0.60000000
v 0.03683066 -0.02388233 -0.32411760 0.42745098 0.47058824 0.66666667
v 0.03752947 -0.02463818 -0.32411760 0.35686275 0.39607843 0.61568627
v 0.03752947 -0.02388233 -0.32143688 0.42352941 0.46274510 0.65098039
v 0.03336841 -0.02388233 0.07847065 0.66666667 0.54117647 0.43137255
v 0.03144652 -0.02388233 0.08529419 0.70588235 0.59215686 0.50588235
v 0.03103119 -0.02388233 0.09211767 0.67450980 0.54509804 0.48627451
v 0.03136545 -0.02388233 0.09894121 0.67450980 0.52941176 0.48627451
v 0.03234977 -0.02388233 0.10576475 0.68627451 0.54509804 0.49803922
v 0.03501529 -0.02388233 0.11258829 0.67843137 0.53725490 0.49411765
v 0.03752947 -0.02486759 0.11941183 0.55294118 0.42745098 0.41568627
v 0.03752947 -0.02388233 0.11763656 0.61960784 0.47058824 0.44313725
v 0.03752947 -0.02651274 0.12623537 0.48627451 0.40784314 0.40392157
v 0.03573161 -0.01705885 -0.39235291 0.51372549 0.57254902 0.74901961
v 0.03575236 -0.01705885 -0.37870586 0.73725490 0.77254902 0.85098039
v 0.03597677 -0.01705885 -0.37188232 0.31764706 0.38823529 0.52941176
v 0.03702337 -0.01705885 -0.36505878 0.30588235 0.36470588 0.46666667
v 0.03631181 -0.01705885 -0.35823530 0.72549020 0.76078431 0.82352941
v 0.03611869 -0.01705885 -0.35141176 0.74117647 0.77254902 0.85490196
v 0.03752947 -0.02340448 -0.34458822 0.30980392 0.34901961 0.61960784
v 0.03752947 -0.01705885 -0.34606141 0.32156863 0.36078431 0.63137255
v 0.03752947 -0.01705885 -0.33202881 0.36470588 0.41568627 0.65882353
v 0.03703487 -0.01705885 -0.33094114 0.48235294 0.54117647 0.73333333
v 0.03752947 -0.01921415 -0.32411760 0.74901961 0.78039216 0.84313725
v 0.03752947 -0.01705885 -0.32609433 0.74901961 0.78431373 0.84313725
v 0.03364867 -0.01705885 0.07847065 0.73725490 0.62352941 0.50980392
v 0.03250080 -0.01705885 0.08529419 0.71764706 0.61176471 0.52156863
v 0.03229803 -0.01705885 0.09211767 0.65490196 0.55294118 0.50980392
v 0.03290278 -0.01705885 0.09894121 0.65882353 0.52941176 0.49019608
v 0.03377199 -0.01705885 0.10576475 0.68235294 0.54509804 0.49411765
v 0.03670788 -0.01705885 0.11258829 0.69411765 0.54509804 0.49411765
v 0.03752947 -0.01705885 0.11397457 0.69803922 0.54901961 0.49019608
v 0.03615630 -0.01023531 -0.39235291 0.53333333 0.58039216 0.74901961
v 0.03582704 -0.01023531 -0.37870586 0.73333333 0.76470588 0.84705882
v 0.03579831 -0.01023531 -0.37188232 0.32941176 0.39215686 0.52941176
v 0.03679609 -0.01023531 -0.36505878 0.30980392 0.36078431 0.45882353
v 0.03625226 -0.01023531 -0.35823530 0.73333333 0.76470588 0.82352941
v 0.03616130 -0.01023531 -0.35141176 0.75294118 0.78039216 0.85490196
v 0.03752947 -0.01023531 -0.34511572 0.30980392 0.34901961 0.61960784
v 0.03752947 -0.01023531 -0.33216816 0.34901961 0.39607843 0.63921569
v 0.03698403 -0.01023531 -0.33094114 0.47058824 0.52549020 0.72156863
v 0.03752947 -0.01023531 -0.32611525 0.75294118 0.78431373 0.84313725
v 0.03478056 -0.01023531 0.07847065 0.74509804 0.63529412 0.53333333
v 0.03538865 -0.01023531 0.08529419 0.70980392 0.61960784 0.55294118
v 0.03685427 -0.01023531 0.09211767 0.62745098 0.56078431 0.54901961
v 0.03752947 -0.01081795 0.09894121 0.61960784 0.53725490 0.52941176
v 0.03752947 -0.01023531 0.09481007 0.59215686 0.52549020 0.53725490
v 0.03752947 -0.01031291 0.10576475 0.65490196 0.55686275 0.52549020
v 0.03752947 -0.01442200 0.11258829 0.70196078 0.54901961 0.49019608
v 0.03286135 -0.00341177 -0.39235291 0.33725490 0.38431373 0.64313725
v 0.03122139 -0.00341177 -0.37870586 0.68235294 0.71764706 0.81176471
v 0.03407234 -0.00341177 -0.37188232 0.30588235 0.32941176 0.52549020
v 0.03644145 -0.00341177 -0.36505878 0.31764706 0.34509804 0.51372549
v 0.03256291 -0.00341177 -0.35823530 0.57647059 0.60392157 0.74117647
v 0.03469241 -0.00341177 -0.35141176 0.54901961 0.58431373 0.76470588
v 0.03721356 -0.00341177 -0.34458822 0.29803922 0.32549020 0.60000000
v 0.03752947 -0.00930238 -0.34458822 0.30588235 0.34117647 0.61176471
v 0.03752947 -0.00341177 -0.34227371 0.30196078 0.32941176 0.60000000
v 0.03752947 -0.00341177 -0.33354253 0.28627451 0.32156863 0.58039216
v 0.03707176 -0.00341177 -0.33094114 0.28627451 0.31764706 0.56862745
v 0.03621656 -0.00341177 -0.32411760 0.56862745 0.60000000 0.75294118
v 0.03752947 -0.00851381 -0.32411760 0.75686275 0.78431373 0.83921569
v 0.03741205 -0.00341177 -0.31729412 0.32941176 0.36470588 0.54117647
v 0.03752947 -0.00654924 -0.31729412 0.37254902 0.41960784 0.56470588
v 0.03752947 -0.00341177 -0.31703335 0.32549020 0.35686275 0.53333333
v 0.03752947 -0.00550383 -0.30364704 0.64705882 0.67843137 0.78039216
v 0.03752947 -0.00341177 -0.30450767 0.47450980 0.50588235 0.67058824
v 0.03710508 -0.00341177 -0.30364704 0.50588235 0.53725490 0.69411765
v 0.03752947 -0.00341177 -0.30108964 0.52941176 0.56470588 0.72549020
v 0.03730959 -0.00341177 0.07847065 0.68235294 0.58431373 0.52156863
v 0.03752947 -0.00738627 0.08529419 0.69411765 0.61960784 0.57647059
v 0.03752947 -0.00341177 0.07881111 0.68235294 0.58823529 0.52941176
v 0.03752947 -0.00947547 0.09211767 0.62745098 0.56078431 0.55686275
v 0.03496516 0.00341183 -0.37188232 0.33725490 0.39607843 0.61960784
v 0.03609949 0.00341183 -0.36505878 0.33725490 0.43137255 0.64313725
v 0.03647035 0.00341183 -0.35823530 0.32549020 0.38431373 0.60784314
v 0.03664625 0.00341183 -0.35141176 0.30980392 0.33333333 0.58823529
v 0.03747451 0.00341183 -0.34458822 0.34117647 0.38039216 0.62745098
v 0.03752947 0.00341183 -0.34418392 0.34509804 0.38823529 0.63529412
v 0.03752947 -0.00012255 -0.33094114 0.29803922 0.32549020 0.58039216
v 0.03752947 -0.00065833 -0.32411760 0.32156863 0.34117647 0.57647059
v 0.03752947 -0.00317246 -0.31729412 0.32941176 0.36078431 0.53725490
v 0.03752947 -0.00300574 -0.30364704 0.47058824 0.49803922 0.67058824
v 0.03752947 -0.00293976 0.07847065 0.67450980 0.58039216 0.52156863
v 0.03752947 0.00341183 0.07810289 0.53333333 0.50588235 0.49803922
v 0.03249508 0.01023537 -0.39235291 0.61176471 0.66274510 0.77647059
v 0.03104913 0.01023537 -0.38552940 0.30588235 0.33333333 0.56862745
v 0.03539944 0.01023537 -0.37870586 0.34509804 0.45098039 0.65490196
v 0.03597045 0.01023537 -0.37188232 0.36862745 0.54509804 0.74509804
v 0.03657758 0.01023537 -0.36505878 0.40784314 0.60784314 0.77647059
v 0.03693354 0.01023537 -0.35823530 0.29019608 0.43137255 0.64705882
v 0.03746867 0.01023537 -0.35141176 0.28627451 0.36862745 0.58039216
v 0.03752947 0.00369143 -0.34458822 0.34509804 0.38823529 0.63137255
v 0.03752947 0.01023537 -0.35104108 0.29019608 0.37254902 0.58431373
v 0.03752947 0.01023537 0.07805508 0.38431373 0.44705882 0.49411765
v 0.03163654 0.01705885 -0.39235291 0.67843137 0.72549020 0.81568627
v 0.03445274 0.01705885 -0.37870586 0.31764706 0.41960784 0.64313725
v 0.03553486 0.01705885 -0.37188232 0.36470588 0.54901961 0.74901961
v 0.03626519 0.01705885 -0.36505878 0.42352941 0.61960784 0.78823529
v 0.03662282 0.01705885 -0.35823530 0.29019608 0.43137255 0.65490196
v 0.03713030 0.01705885 -0.35141176 0.28627451 0.36862745 0.58823529
v 0.03752947 0.01705885 -0.34875125 0.34509804 0.43529412 0.64705882
v 0.03752947 0.01705885 0.07802635 0.40392157 0.48235294 0.54509804
v 0.03297246 0.02388239 -0.37188232 0.27843137 0.36078431 0.61568627
v 0.03515184 0.02388239 -0.36505878 0.31764706 0.45098039 0.68235294
v 0.03572106 0.02388239 -0.35823530 0.28627451 0.35686275 0.60784314
v 0.03544152 0.02388239 -0.35141176 0.26274510 0.29019608 0.57254902
v 0.03610486 0.02388239 -0.34458822 0.29803922 0.34901961 0.63921569
v 0.03752947 0.01997030 -0.34458822 0.47843137 0.56078431 0.73333333
v 0.03693622 0.02388239 -0.33776468 0.36078431 0.43921569 0.69411765
v 0.03752947 0.01993918 -0.33776468 0.61568627 0.68627451 0.78431373
v 0.03681439 0.02388239 -0.33094114 0.27058824 0.29803922 0.59607843
v 0.03752947 0.02216649 -0.33094114 0.30588235 0.34117647 0.61568627
v 0.03752947 0.02388239 -0.32433271 0.29019608 0.33725490 0.61176471
v 0.03752947 0.02388239 0.07778376 0.46666667 0.50588235 0.56862745
v 0.03244293 0.03070593 -0.36505878 0.26666667 0.30588235 0.53333333
v 0.03161240 0.03070593 -0.35141176 0.50980392 0.59607843 0.79215686
v 0.03428739 0.03070593 -0.34458822 0.24705882 0.30196078 0.64313725
v 0.03582662 0.03070593 -0.33776468 0.20000000 0.23529412 0.58823529
v 0.03542030 0.03070593 -0.33094114 0.43921569 0.50980392 0.77647059
v 0.03522205 0.03070593 -0.32411760 0.41176471 0.48235294 0.73333333
v 0.03752947 0.02401257 -0.32411760 0.29019608 0.33725490 0.61176471
v 0.03672427 0.03070593 -0.31729412 0.28235294 0.34117647 0.59215686
v 0.03752947 0.02825439 -0.31729412 0.30980392 0.36078431 0.61176471
v 0.03752947 0.03070593 -0.31323701 0.31372549 0.38039216 0.60000000
v 0.03752947 0.02949291 -0.30364704 0.28627451 0.33333333 0.60392157
v 0.03752947 0.03070593 -0.30801982 0.29411765 0.35294118 0.60000000
v 0.03654420 0.03070593 -0.30364704 0.33333333 0.39215686 0.65490196
v 0.03704411 0.03070593 -0.29682350 0.43529412 0.49803922 0.75294118
v 0.03752947 0.02943265 -0.29682350 0.32941176 0.37647059 0.67450980
v 0.03752947 0.03070593 -0.29072750 0.34509804 0.39607843 0.70588235
v 0.03079075 0.03070593 0.07164711 0.75294118 0.69411765 0.68235294
v 0.03752947 0.03070593 0.07643402 0.50588235 0.52941176 0.60392157
v 0.03081065 0.03752947 -0.35823530 0.52156863 0.63921569 0.77647059
v 0.03521442 0.03752947 -0.35141176 0.61960784 0.67058824 0.84313725
v 0.03453040 0.03752947 -0.34458822 0.51372549 0.58039216 0.83137255
v 0.03505915 0.03752947 -0.33776468 0.34901961 0.40000000 0.75686275
v 0.03634053 0.03752947 -0.33094114 0.61176471 0.67450980 0.84705882
v 0.03643757 0.03752947 -0.32411760 0.58431373 0.67843137 0.81960784
v 0.03595543 0.03752947 -0.31729412 0.28235294 0.38823529 0.60000000
v 0.03690016 0.03752947 -0.31047058 0.26666667 0.36078431 0.54901961
v 0.03752947 0.03366828 -0.31047058 0.28235294 0.36078431 0.57647059
v 0.03673142 0.03752947 -0.30364704 0.54509804 0.65098039 0.79607843
v 0.03752947 0.03446341 -0.29682350 0.61568627 0.69019608 0.83529412
v 0.03752947 0.03752947 -0.29954225 0.59607843 0.68627451 0.82352941
v 0.03752947 0.03192550 -0.28999996 0.33725490 0.38823529 0.70588235
v 0.03752947 0.03752947 -0.29274255 0.58039216 0.65490196 0.83921569
v 0.03732181 0.03752947 -0.28999996 0.46666667 0.53725490 0.80784314
v 0.03747022 0.03752947 -0.28317648 0.30588235 0.34901961 0.71764706
v 0.03752947 0.03689754 -0.28317648 0.29803922 0.34117647 0.70980392
v 0.03752947 0.03752947 -0.28254837 0.34509804 0.39215686 0.74509804
v 0.03710943 0.03752947 0.07164711 0.73333333 0.69019608 0.70588235
v 0.03752947 0.03752947 0.07201123 0.72156863 0.68627451 0.70980392
v 0.03280157 0.04435301 -0.35141176 0.60000000 0.68235294 0.83529412
v 0.03146291 0.04435301 -0.33776468 0.33333333 0.43529412 0.75294118
v 0.03586304 0.04435301 -0.33094114 0.59215686 0.65490196 0.84705882
v 0.03595012 0.04435301 -0.32411760 0.56470588 0.66274510 0.81960784
v 0.03492993 0.04435301 -0.31729412 0.25098039 0.36078431 0.57254902
v 0.03615725 0.04435301 -0.31047058 0.23137255 0.33333333 0.51764706
v 0.03625286 0.04435301 -0.30364704 0.50196078 0.61960784 0.78039216
v 0.03741008 0.04435301 -0.29682350 0.57647059 0.66666667 0.82352941
v 0.03752947 0.04247952 -0.29682350 0.56862745 0.66274510 0.81960784
v 0.03681260 0.04435301 -0.28999996 0.45490196 0.52156863 0.80392157
v 0.03705925 0.04435301 -0.28317648 0.29019608 0.33333333 0.70980392
v 0.03752947 0.04435301 -0.27909130 0.51764706 0.60000000 0.82745098
v 0.03752947 0.04376566 -0.26270586 0.29019608 0.43137255 0.63921569
v 0.03752947 0.04435301 -0.26315325 0.30196078 0.43921569 0.65490196
v 0.03747398 0.04435301 -0.26270586 0.28627451 0.41960784 0.63529412
v 0.03752947 0.04435301 -0.26219714 0.26666667 0.40000000 0.61568627
v 0.03093827 0.04435301 -0.00341177 0.54509804 0.57647059 0.64705882
v 0.03408259 0.04435301 0.06482357 0.78431373 0.69411765 0.70196078
v 0.03752947 0.03789318 0.07164711 0.73333333 0.69019608 0.70588235
v 0.03752947 0.04435301 0.06794280 0.79215686 0.70196078 0.72156863
v 0.03151727 0.05117655 -0.31729412 0.22352941 0.30196078 0.54117647
v 0.03437608 0.05117655 -0.31047058 0.19215686 0.25882353 0.48235294
v 0.03327066 0.05117655 -0.30364704 0.29803922 0.39215686 0.64705882
v 0.03469306 0.05117655 -0.29682350 0.49803922 0.58823529 0.79607843
v 0.03544766 0.05117655 -0.28999996 0.25098039 0.30588235 0.65098039
v 0.03628284 0.05117655 -0.28317648 0.21960784 0.25882353 0.61568627
v 0.03589332 0.05117655 -0.27635294 0.49019608 0.58431373 0.80392157
v 0.03752947 0.04635692 -0.27635294 0.55686275 0.64705882 0.83137255
v 0.03601766 0.05117655 -0.26952940 0.36470588 0.46274510 0.71372549
v 0.03752947 0.04732281 -0.26952940 0.50980392 0.62352941 0.80000000
v 0.03698987 0.05117655 -0.26270586 0.21568627 0.29803922 0.54901961
v 0.03752947 0.05117655 -0.25672543 0.23137255 0.31764706 0.54901961
v 0.03752947 0.04797357 -0.24905878 0.43137255 0.55294118 0.75294118
v 0.03752947 0.05117655 -0.25530005 0.21960784 0.30196078 0.54509804
v 0.03666484 0.05117655 -0.24905878 0.30588235 0.40000000 0.65882353
v 0.03691506 0.05117655 -0.24223530 0.44705882 0.54509804 0.77254902
v 0.03752947 0.05010498 -0.24223530 0.50980392 0.60392157 0.80000000
v 0.03752947 0.05117655 -0.23735809 0.29803922 0.36862745 0.67843137
v 0.03752947 0.05110192 -0.22176468 0.45490196 0.54509804 0.77254902
v 0.03752947 0.05117655 -0.22203422 0.44705882 0.53725490 0.76862745
v 0.03749293 0.05117655 -0.22176468 0.45098039 0.54117647 0.76862745
v 0.03752947 0.05117655 -0.21778178 0.41960784 0.50980392 0.74117647
v 0.03175414 0.05117655 -0.05117649 0.40000000 0.41960784 0.50980392
v 0.03578097 0.05117655 -0.04435295 0.09019608 0.09803922 0.16470588
v 0.03591269 0.05117655 -0.03752941 0.26666667 0.30196078 0.40784314
v 0.03128338 0.05117655 -0.01023531 0.29411765 0.32941176 0.43921569
v 0.03122717 0.05117655 0.05117655 0.69803922 0.63529412 0.64705882
v 0.03752947 0.05045623 0.05800003 0.69803922 0.60784314 0.65490196
v 0.03752947 0.05117655 0.05711240 0.69803922 0.61568627 0.66274510
v 0.03752947 0.04746997 0.06482357 0.75686275 0.66666667 0.71372549
v 0.03179950 0.05800003 -0.28999996 0.21176471 0.26666667 0.56470588
v 0.03354430 0.05800003 -0.28317648 0.20784314 0.25490196 0.56862745
v 0.03371781 0.05800003 -0.27635294 0.22745098 0.27843137 0.56470588
v 0.03499663 0.05800003 -0.26952940 0.24705882 0.29803922 0.56862745
v 0.03609836 0.05800003 -0.26270586 0.22352941 0.31764706 0.57647059
v 0.03663278 0.05800003 -0.25588232 0.23137255 0.33725490 0.58823529
v 0.03752947 0.05174291 -0.25588232 0.22352941 0.30588235 0.54901961
v 0.03640842 0.05800003 -0.24905878 0.24705882 0.30588235 0.56470588
v 0.03639817 0.05800003 -0.24223530 0.23921569 0.28627451 0.55686275
v 0.03694743 0.05800003 -0.23541176 0.24313725 0.29803922 0.58823529
v 0.03752947 0.05382121 -0.23541176 0.23137255 0.27843137 0.59215686
v 0.03752947 0.05800003 -0.23194194 0.30588235 0.38431373 0.64705882
v 0.03752947 0.05290455 -0.22176468 0.32549020 0.40000000 0.68627451
v 0.03752947 0.05708158 -0.07847059 0.23137255 0.24313725 0.34901961
v 0.03752947 0.05800003 -0.08292180 0.19215686 0.23137255 0.33333333
v 0.03329355 0.05800003 -0.07847059 0.32549020 0.33333333 0.42352941
v 0.03752947 0.05648661 -0.07164705 0.32156863 0.29411765 0.39215686
v 0.03752947 0.05661589 -0.06482351 0.30980392 0.27843137 0.36862745
v 0.03752947 0.05774856 -0.05799997 0.16078431 0.16078431 0.23529412
v 0.03478885 0.05800003 -0.05117649 0.09803922 0.09803922 0.14509804
v 0.03752947 0.05800003 -0.05738002 0.14901961 0.14901961 0.21960784
v 0.03311229 0.05800003 -0.04435295 0.10980392 0.11372549 0.16078431
v 0.03325146 0.05800003 -0.03752941 0.11372549 0.11764706 0.17254902
v 0.03169721 0.05800003 -0.03070587 0.29019608 0.29803922 0.38431373
v 0.03334635 0.05800003 -0.01023531 0.65490196 0.64705882 0.68627451
v 0.03128350 0.05800003 0.03752947 0.65882353 0.63137255 0.62745098
v 0.03528607 0.05800003 0.04435301 0.66274510 0.63921569 0.65882353
v 0.03752947 0.05675966 0.05117655 0.61176471 0.58823529 0.66666667
v 0.03752947 0.05800003 0.04638982 0.66274510 0.64313725 0.67843137
v 0.03246003 0.06482357 -0.28999996 0.58823529 0.69411765 0.80784314
v 0.03479719 0.06482357 -0.28317648 0.71372549 0.77254902 0.84313725
v 0.03172612 0.06482357 -0.26270586 0.25490196 0.40392157 0.65098039
v 0.03361392 0.06482357 -0.25588232 0.26666667 0.43921569 0.67058824
v 0.03368920 0.06482357 -0.24905878 0.23529412 0.34509804 0.58823529
v 0.03527796 0.06482357 -0.24223530 0.28235294 0.37254902 0.60000000
v 0.03752947 0.06053537 -0.23541176 0.38823529 0.49411765 0.70588235
v 0.03752947 0.06482357 -0.23826444 0.51764706 0.61960784 0.74901961
v 0.03752947 0.06355137 -0.21494114 0.25882353 0.36862745 0.60784314
v 0.03752947 0.06482357 -0.21584201 0.26274510 0.38039216 0.61568627
v 0.03715920 0.06482357 -0.21494114 0.25882353 0.38039216 0.61568627
v 0.03752947 0.06482357 -0.21251106 0.26274510 0.40784314 0.64313725
v 0.03752947 0.06413710 -0.11258823 0.23529412 0.33725490 0.50980392
v 0.03752947 0.06482357 -0.11471134 0.23529412 0.33333333 0.51372549
v 0.03752947 0.06434649 -0.10576469 0.25098039 0.40000000 0.52941176
v 0.03752947 0.06482357 -0.10059702 0.27843137 0.45882353 0.56078431
v 0.03752947 0.06372124 -0.09211767 0.30196078 0.47058824 0.54509804
v 0.03752947 0.06482357 -0.09789300 0.29411765 0.48627451 0.57254902
v 0.03752947 0.05914152 -0.08529413 0.19607843 0.25882353 0.36078431
v 0.03686023 0.06482357 -0.05117649 0.13333333 0.16078431 0.20392157
v 0.03752947 0.06482357 -0.05217880 0.13725490 0.16862745 0.21176471
v 0.03288442 0.06482357 -0.04435295 0.16078431 0.18823529 0.23921569
v 0.03228360 0.06482357 -0.03752941 0.14117647 0.16078431 0.21568627
v 0.03161931 0.06482357 -0.03070587 0.12156863 0.12549020 0.16470588
v 0.03185260 0.06482357 -0.01705885 0.13333333 0.11764706 0.15294118
v 0.03145558 0.06482357 -0.01023531 0.66666667 0.62352941 0.63529412
v 0.03075778 0.06482357 0.01705885 0.57647059 0.62352941 0.65098039
v 0.03532070 0.06482357 0.02388239 0.56078431 0.63921569 0.67843137
v 0.03752947 0.06413835 0.03070593 0.57254902 0.64313725 0.69019608
v 0.03752947 0.06482357 0.02620918 0.55686275 0.64705882 0.69411765
v 0.03752947 0.06296104 0.03752947 0.59215686 0.63529412 0.68235294
v 0.03752947 0.05993593 0.04435301 0.63137255 0.63529412 0.68235294
v 0.03752947 0.06714612 -0.23541176 0.70980392 0.76078431 0.81176471
v 0.03173631 0.07164711 -0.22858822 0.51764706 0.59607843 0.70980392
v 0.03752947 0.06803262 -0.22858822 0.74117647 0.77647059 0.80392157
v 0.03752947 0.06854683 -0.22176468 0.54509804 0.64705882 0.75294118
v 0.03752947 0.06656229 -0.20811766 0.30196078 0.50196078 0.70588235
v 0.03752947 0.06798035 -0.20129412 0.34117647 0.55294118 0.72941176
v 0.03752947 0.06643289 -0.19447058 0.27058824 0.43137255 0.65490196
v 0.03752947 0.06801379 -0.18764704 0.38431373 0.53725490 0.69803922
v 0.03752947 0.07107610 -0.18082350 0.60000000 0.67058824 0.75294118
v 0.03752947 0.07164711 -0.17770439 0.68627451 0.72549020 0.77647059
v 0.03321999 0.07164711 -0.17399997 0.47450980 0.54117647 0.65098039
v 0.03752947 0.07056236 -0.16717649 0.43529412 0.54509804 0.68627451
v 0.03752947 0.07164711 -0.17160296 0.58039216 0.64705882 0.74117647
v 0.03752947 0.06864518 -0.16035295 0.30588235 0.45490196 0.64313725
v 0.03752947 0.06943667 -0.15352941 0.31764706 0.49803922 0.67058824
v 0.03752947 0.06976265 -0.14670587 0.33333333 0.51764706 0.68235294
v 0.03752947 0.06822407 -0.13988233 0.29019608 0.46274510 0.64705882
v 0.03752947 0.06752402 -0.13305885 0.28627451 0.42745098 0.62352941
v 0.03752947 0.06678200 -0.12623531 0.41176471 0.53333333 0.67058824
v 0.03752947 0.06630045 -0.11941177 0.41176471 0.52549020 0.65490196
v 0.03752947 0.06500691 -0.09894115 0.29019608 0.47843137 0.56862745
v 0.03752947 0.06633019 -0.05117649 0.16078431 0.20000000 0.24313725
v 0.03752947 0.07164711 -0.05025512 0.12941176 0.14901961 0.18431373
v 0.03249961 0.07164711 -0.04435295 0.20000000 0.21568627 0.25098039
v 0.03158408 0.07164711 -0.03752941 0.20000000 0.20784314 0.24705882
v 0.03107589 0.07164711 -0.03070587 0.23137255 0.23137255 0.25882353
v 0.03263599 0.07164711 -0.01705885 0.29019608 0.28235294 0.31764706
v 0.03293151 0.07164711 -0.01023531 0.68627451 0.65882353 0.67843137
v 0.03752947 0.07099229 -0.00341177 0.47843137 0.52941176 0.56862745
v 0.03752947 0.07164711 -0.00472492 0.44705882 0.48235294 0.53333333
v 0.03752947 0.07139206 0.00341183 0.49803922 0.58823529 0.63529412
v 0.03752947 0.07101429 0.01023537 0.47843137 0.61176471 0.67450980
v 0.03752947 0.06960905 0.01705885 0.45882353 0.61568627 0.69019608
v 0.03752947 0.06633228 0.02388239 0.52156863 0.63921569 0.69803922
v 0.03752947 0.07359844 -0.17399997 0.54117647 0.57647059 0.71372549
v 0.03752947 0.07806545 -0.07164705 0.65882353 0.63921569 0.63921569
v 0.03635687 0.07847065 -0.07164705 0.65490196 0.63921569 0.63529412
v 0.03752947 0.07847065 -0.07477313 0.66274510 0.64705882 0.64313725
v 0.03752947 0.07847065 -0.07008493 0.65490196 0.63529412 0.63529412
v 0.03310996 0.07847065 -0.04435295 0.19215686 0.18431373 0.20784314
v 0.03752947 0.07847065 -0.04920238 0.13725490 0.13333333 0.15686275
v 0.03167832 0.07847065 -0.03752941 0.25882353 0.24705882 0.27450980
v 0.03752947 0.07702756 -0.01705885 0.76862745 0.76078431 0.75294118
v 0.03752947 0.07847065 -0.01809788 0.53333333 0.50980392 0.52941176
v 0.03752947 0.07618761 -0.01023531 0.80784314 0.78431373 0.78823529
v 0.03274989 0.08529419 -0.11258823 0.63137255 0.62745098 0.63529412
v 0.03752947 0.08529419 -0.10713446 0.63921569 0.63529412 0.64313725
v 0.03752947 0.08477885 -0.10576469 0.64313725 0.63921569 0.64705882
v 0.03752947 0.08324593 -0.09894115 0.64705882 0.64313725 0.65490196
v 0.03752947 0.08194304 -0.09211767 0.65098039 0.65098039 0.65490196
v 0.03752947 0.08026445 -0.08529413 0.66666667 0.65490196 0.65490196
v 0.03752947 0.07896906 -0.07847059 0.66666667 0.65098039 0.65098039
v 0.03752947 0.07993370 -0.06482351 0.64705882 0.62745098 0.62745098
v 0.03752947 0.08529419 -0.05951124 0.58431373 0.57647059 0.57647059
v 0.03325993 0.08529419 -0.04435295 0.29019608 0.28235294 0.29803922
v 0.03752947 0.08529419 -0.04926485 0.21176471 0.20784314 0.22352941
v 0.03152472 0.08529419 -0.03752941 0.34117647 0.33333333 0.34509804
v 0.03752947 0.08529419 -0.01933932 0.29019608 0.25098039 0.27450980
v 0.03075272 0.09211767 -0.12623531 0.62352941 0.62352941 0.62352941
v 0.03590304 0.09211767 -0.11941177 0.62745098 0.62352941 0.62352941
v 0.03752947 0.09123075 -0.11258823 0.63529412 0.62745098 0.62745098
v 0.03752947 0.09211767 -0.11468720 0.63529412 0.62745098 0.62745098
v 0.03157699 0.09211767 -0.09894115 0.63529412 0.61960784 0.61568627
v 0.03306437 0.09211767 -0.09211767 0.63529412 0.61960784 0.61568627
v 0.03202575 0.09211767 -0.07164705 0.57647059 0.57254902 0.56470588
v 0.03752947 0.09039378 -0.06482351 0.54117647 0.52941176 0.52549020
v 0.03752947 0.09211767 -0.06741518 0.53333333 0.52156863 0.51372549
v 0.03256059 0.09211767 -0.04435295 0.35294118 0.35294118 0.35294118
v 0.03752947 0.09211767 -0.05031288 0.24705882 0.24313725 0.24313725
v 0.03090537 0.09211767 -0.03752941 0.45098039 0.45098039 0.45098039
v 0.03355181 0.09211767 -0.02388233 0.41568627 0.40392157 0.40392157
v 0.03752947 0.09211767 -0.02156854 0.39607843 0.36862745 0.37647059
v 0.03107524 0.09894121 -0.11258823 0.63529412 0.62745098 0.61960784
v 0.03752947 0.09308666 -0.11258823 0.63529412 0.62745098 0.62745098
v 0.03752947 0.09454572 -0.10576469 0.63921569 0.62745098 0.61960784
v 0.03752947 0.09391707 -0.09894115 0.63921569 0.62745098 0.62352941
v 0.03752947 0.09427440 -0.09211767 0.64313725 0.62745098 0.62352941
v 0.03752947 0.09623694 -0.08529413 0.62352941 0.61176471 0.60392157
v 0.03752947 0.09748644 -0.07847059 0.57647059 0.57254902 0.56470588
v 0.03752947 0.09628403 -0.07164705 0.52156863 0.51372549 0.50980392
v 0.03752947 0.09615010 -0.05117649 0.27843137 0.27450980 0.27058824
v 0.03636903 0.09894121 -0.05117649 0.34117647 0.33333333 0.32941176
v 0.03752947 0.09894121 -0.05350679 0.30588235 0.29803922 0.29803922
v 0.03214180 0.09894121 -0.04435295 0.39607843 0.38823529 0.38431373
v 0.03103602 0.09894121 -0.03752941 0.43137255 0.42352941 0.41960784
v 0.03752947 0.09552103 -0.02388233 0.40784314 0.38823529 0.39215686
v 0.03752947 0.09894121 -0.02478027 0.43921569 0.42352941 0.42745098
v 0.03706306 0.10576475 -0.05117649 0.42745098 0.41568627 0.41960784
v 0.03752947 0.10576475 -0.05255967 0.42745098 0.41568627 0.41960784
v 0.03632379 0.10576475 -0.04435295 0.43137255 0.42352941 0.42352941
v 0.03494287 0.10576475 -0.03752941 0.45098039 0.44313725 0.44705882
v 0.03670442 0.10576475 -0.03070587 0.45882353 0.45098039 0.45882353
v 0.03752947 0.10576475 -0.02995807 0.45490196 0.44705882 0.45882353
v 0.03752947 0.11043513 -0.07164705 0.58823529 0.58431373 0.59607843
v 0.03701943 0.11258829 -0.07164705 0.59607843 0.59215686 0.60784314
v 0.03752947 0.11258829 -0.07273489 0.59215686 0.59215686 0.60784314
v 0.03752947 0.11258829 -0.06869376 0.60000000 0.59607843 0.60784314
v 0.03752947 0.10630870 -0.05117649 0.43137255 0.41960784 0.42352941
v 0.03752947 0.10698420 -0.04435295 0.43137255 0.42352941 0.42745098
v 0.03752947 0.10822928 -0.03752941 0.43529412 0.43529412 0.44705882
v 0.03752947 0.10649902 -0.03070587 0.45490196 0.45490196 0.46666667
v 0.03752947 0.11277986 -0.07164705 0.59607843 0.59607843 0.60784314
v 0.03822446 -0.17399997 -0.07164705 0.61568627 0.59607843 0.59215686
v 0.04156387 -0.17399997 -0.06482351 0.61960784 0.60000000 0.59607843
v 0.04115242 -0.17399997 -0.05799997 0.61176471 0.60000000 0.60000000
v 0.04435301 -0.16857582 -0.07164705 0.60784314 0.60000000 0.60784314
v 0.04435301 -0.16717649 -0.07258278 0.60784314 0.60000000 0.61176471
v 0.04435301 -0.17248875 -0.06482351 0.61960784 0.60000000 0.59607843
v 0.04435301 -0.17002779 -0.05799997 0.60784314 0.59607843 0.60784314
v 0.04435301 -0.16717649 -0.05653411 0.58431373 0.58431373 0.60784314
v 0.04435301 -0.16741717 -0.03752941 0.26274510 0.25882353 0.29803922
v 0.04435301 -0.16717649 -0.03805846 0.25490196 0.25098039 0.29411765
v 0.04435301 -0.16717649 -0.03726172 0.26274510 0.25490196 0.29803922
v 0.04064029 -0.16035295 -0.07164705 0.49803922 0.48235294 0.52941176
v 0.04435301 -0.16603440 -0.07164705 0.60784314 0.60000000 0.61568627
v 0.04435301 -0.16035295 -0.06639493 0.52549020 0.52549020 0.58823529
v 0.04435301 -0.16517878 -0.05117649 0.41960784 0.42745098 0.49019608
v 0.04435301 -0.16610825 -0.04435295 0.26274510 0.27058824 0.33725490
v 0.04435301 -0.16035295 -0.03195608 0.25882353 0.26274510 0.35686275
v 0.04435301 -0.15820098 -0.07164705 0.36078431 0.34509804 0.41568627
v 0.04435301 -0.15352941 -0.07519323 0.25882353 0.27450980 0.36862745
v 0.04435301 -0.15976441 -0.03070587 0.26274510 0.26666667 0.36078431
v 0.04435301 -0.15640479 -0.02388233 0.26666667 0.27450980 0.37254902
v 0.04435301 -0.15352941 -0.02009320 0.25882353 0.28627451 0.38823529
v 0.04435301 -0.14670587 -0.07645237 0.41176471 0.43137255 0.54901961
v 0.04435301 -0.15302712 -0.01705885 0.48627451 0.53725490 0.60784314
v 0.04435301 -0.15255237 -0.01023531 0.41568627 0.47843137 0.58039216
v 0.04435301 -0.15015644 -0.00341177 0.15686275 0.24705882 0.38431373
v 0.04435301 -0.14948320 0.00341183 0.14117647 0.30196078 0.47843137
v 0.04435301 -0.14926380 0.01023537 0.16862745 0.40000000 0.57254902
v 0.04435301 -0.14810920 0.01705885 0.18039216 0.41176471 0.58431373
v 0.04435301 -0.14670587 0.02346826 0.19607843 0.38431373 0.55294118
v 0.04435301 -0.14696622 0.03070593 0.23529412 0.38823529 0.53725490
v 0.04377168 -0.14670587 0.03070593 0.23921569 0.38823529 0.53333333
v 0.04435301 -0.14670587 0.02591300 0.20784314 0.38823529 0.54901961
v 0.04435301 -0.14670587 0.03183472 0.25490196 0.39607843 0.54117647
v 0.04435301 -0.14101279 -0.07164705 0.14901961 0.12549020 0.19607843
v 0.04435301 -0.13988233 -0.07138562 0.13725490 0.11372549 0.18431373
v 0.04435301 -0.14668429 0.02388239 0.20000000 0.38431373 0.55294118
v 0.04435301 -0.14655894 0.03752947 0.27843137 0.41176471 0.55294118
v 0.04435301 -0.14641309 0.04435301 0.27058824 0.38431373 0.50588235
v 0.04435301 -0.14602572 0.05117655 0.09019608 0.15294118 0.22745098
v 0.04435301 -0.14522040 0.05800003 0.12941176 0.20784314 0.25490196
v 0.04435301 -0.13988233 0.06471479 0.23921569 0.28235294 0.32941176
v 0.04337335 -0.13988233 0.06482357 0.25098039 0.29803922 0.34117647
v 0.04435301 -0.13305885 -0.07015580 0.10980392 0.08235294 0.13333333
v 0.04435301 -0.13984466 0.06482357 0.23921569 0.28235294 0.32941176
v 0.04435301 -0.13305885 0.07124150 0.30588235 0.27058824 0.31764706
v 0.03827524 -0.12623531 -0.06482351 0.14117647 0.11372549 0.16470588
v 0.04435301 -0.12623531 -0.06770092 0.09411765 0.06666667 0.11372549
v 0.04435301 -0.12623531 0.07146293 0.46274510 0.46666667 0.52549020
v 0.04435301 -0.12272960 -0.06482351 0.12156863 0.09803922 0.14509804
v 0.04435301 -0.11941177 -0.06159961 0.18431373 0.14901961 0.20392157
v 0.04118270 -0.11941177 0.07164711 0.49019608 0.52941176 0.59215686
v 0.04435301 -0.12179267 0.07164711 0.52549020 0.56470588 0.62745098
v 0.04435301 -0.11941177 0.07273608 0.64313725 0.65098039 0.68627451
v 0.04435301 -0.11521578 -0.05799997 0.16078431 0.12549020 0.17647059
v 0.04435301 -0.11258823 -0.05668551 0.14901961 0.11372549 0.17254902
v 0.04435301 -0.11258823 0.07714486 0.69411765 0.64705882 0.64313725
v 0.03759986 -0.10576469 -0.19447058 0.30980392 0.40392157 0.58039216
v 0.03824115 -0.10576469 -0.17399997 0.38431373 0.43529412 0.58823529
v 0.03841269 -0.10576469 -0.16717649 0.33333333 0.38431373 0.54901961
v 0.04000455 -0.10576469 -0.16035295 0.32941176 0.41960784 0.58431373
v 0.04106659 -0.10576469 -0.15352941 0.32156863 0.45098039 0.61960784
v 0.04102385 -0.10576469 -0.14670587 0.32156863 0.45882353 0.62352941
v 0.04048234 -0.10576469 -0.13988233 0.33725490 0.43529412 0.59215686
v 0.03917783 -0.10576469 -0.13305885 0.34901961 0.40784314 0.55686275
v 0.03799242 -0.10576469 -0.12623531 0.38039216 0.41176471 0.54509804
v 0.03800863 -0.10576469 -0.11941177 0.39215686 0.41960784 0.54509804
v 0.03937936 -0.10576469 -0.10576469 0.32549020 0.40392157 0.54509804
v 0.04084235 -0.10576469 -0.09894115 0.30196078 0.41960784 0.56470588
v 0.04435301 -0.10591477 -0.05117649 0.17647059 0.14509804 0.23137255
v 0.04435301 -0.10576469 -0.05114204 0.16862745 0.14117647 0.22745098
v 0.04133737 -0.10576469 0.07847065 0.67843137 0.61960784 0.61960784
v 0.04435301 -0.10768485 0.07847065 0.68627451 0.62745098 0.62745098
v 0.04435301 -0.10576469 0.07910538 0.68627451 0.61960784 0.61960784
v 0.04061490 -0.09894115 -0.28999996 0.70196078 0.76078431 0.83921569
v 0.04002333 -0.09894115 -0.28317648 0.74901961 0.79215686 0.84313725
v 0.04060286 -0.09894115 -0.27635294 0.38039216 0.51764706 0.70980392
v 0.04002696 -0.09894115 -0.26952940 0.24313725 0.38039216 0.60000000
v 0.04136461 -0.09894115 -0.26270586 0.27058824 0.45882353 0.67058824
v 0.04220706 -0.09894115 -0.25588232 0.30196078 0.49411765 0.69803922
v 0.04177862 -0.09894115 -0.24905878 0.25098039 0.40392157 0.62352941
v 0.04203242 -0.09894115 -0.24223530 0.26666667 0.38431373 0.60000000
v 0.04397494 -0.09894115 -0.23541176 0.54509804 0.64705882 0.76470588
v 0.04430217 -0.09894115 -0.22858822 0.64313725 0.71764706 0.80000000
v 0.04325032 -0.09894115 -0.22176468 0.30196078 0.41960784 0.63137255
v 0.04331595 -0.09894115 -0.21494114 0.25490196 0.38431373 0.60392157
v 0.04375291 -0.09894115 -0.20811766 0.27058824 0.44705882 0.66666667
v 0.04396564 -0.09894115 -0.20129412 0.27843137 0.46666667 0.68235294
v 0.04392672 -0.09894115 -0.19447058 0.25098039 0.38823529 0.61568627
v 0.04398876 -0.09894115 -0.18764704 0.27058824 0.37647059 0.60000000
v 0.04435301 -0.09894115 -0.18696594 0.27450980 0.38431373 0.60784314
v 0.04435301 -0.10343319 -0.18082350 0.42352941 0.50196078 0.67843137
v 0.04435301 -0.10357881 -0.17399997 0.47450980 0.55294118 0.70588235
v 0.04435301 -0.10022968 -0.16717649 0.30196078 0.40392157 0.62352941
v 0.04435301 -0.10086197 -0.16035295 0.28627451 0.40392157 0.61176471
v 0.04435301 -0.10242999 -0.15352941 0.30196078 0.45098039 0.64705882
v 0.04435301 -0.10292000 -0.14670587 0.30980392 0.46666667 0.65882353
v 0.04435301 -0.10157543 -0.13988233 0.29803922 0.42352941 0.62352941
v 0.04435301 -0.10174245 -0.13305885 0.31372549 0.40392157 0.60000000
v 0.04435301 -0.10438484 -0.12623531 0.41176471 0.46274510 0.63137255
v 0.04435301 -0.10434133 -0.11941177 0.43137255 0.48235294 0.63921569
v 0.04435301 -0.10240388 -0.11258823 0.32941176 0.41960784 0.60000000
v 0.04435301 -0.10212076 -0.10576469 0.30196078 0.41568627 0.59607843
v 0.04435301 -0.10354489 -0.09894115 0.29411765 0.43137255 0.60784314
v 0.04435301 -0.10349143 -0.09211767 0.26666667 0.40784314 0.58823529
v 0.04435301 -0.10019010 -0.08529413 0.22745098 0.36470588 0.56078431
v 0.04435301 -0.09894115 -0.08364516 0.22745098 0.37647059 0.56862745
v 0.04095089 -0.09894115 -0.07847059 0.21960784 0.33333333 0.49803922
v 0.04316789 -0.09894115 -0.05799997 0.17647059 0.24313725 0.36470588
v 0.04435301 -0.09894115 -0.05779976 0.16862745 0.22352941 0.34509804
v 0.04435301 -0.10570502 -0.05117649 0.16862745 0.14117647 0.22745098
v 0.03867984 -0.09894115 0.07847065 0.64313725 0.60784314 0.62745098
v 0.04435301 -0.09894115 0.08159477 0.65882353 0.60000000 0.61568627
v 0.03794163 -0.09211767 -0.30364704 0.21176471 0.35686275 0.62745098
v 0.03914189 -0.09211767 -0.29682350 0.22745098 0.33725490 0.60392157
v 0.04276609 -0.09211767 -0.28999996 0.68235294 0.74509804 0.84705882
v 0.04177421 -0.09211767 -0.28317648 0.74901961 0.79607843 0.85490196
v 0.04277438 -0.09211767 -0.27635294 0.34117647 0.47450980 0.70588235
v 0.04252601 -0.09211767 -0.26952940 0.22352941 0.35686275 0.61176471
v 0.04328662 -0.09211767 -0.26270586 0.24705882 0.42352941 0.67450980
v 0.04367524 -0.09211767 -0.25588232 0.27058824 0.46666667 0.70588235
v 0.04356581 -0.09211767 -0.24905878 0.22352941 0.37254902 0.63137255
v 0.04380518 -0.09211767 -0.24223530 0.24313725 0.35686275 0.61176471
v 0.04435301 -0.09736031 -0.23541176 0.60000000 0.69019608 0.78431373
v 0.04435301 -0.09211767 -0.24054170 0.27450980 0.39215686 0.64313725
v 0.04435301 -0.09875631 -0.22858822 0.64705882 0.72156863 0.80000000
v 0.04435301 -0.09418708 -0.22176468 0.31764706 0.46274510 0.67843137
v 0.04435301 -0.09342545 -0.21494114 0.22352941 0.36078431 0.61568627
v 0.04435301 -0.09562659 -0.20811766 0.26666667 0.47843137 0.70588235
v 0.04435301 -0.09691155 -0.20129412 0.27843137 0.48627451 0.70588235
v 0.04435301 -0.09683728 -0.19447058 0.23529412 0.38823529 0.63529412
v 0.04435301 -0.09753412 -0.18764704 0.26274510 0.37254902 0.60784314
v 0.04435301 -0.09687728 -0.07847059 0.22352941 0.36470588 0.54901961
v 0.04435301 -0.09211767 -0.07167399 0.25490196 0.34509804 0.50196078
v 0.04433954 -0.09211767 -0.07164705 0.25490196 0.34901961 0.50196078
v 0.04435301 -0.09211767 -0.07141072 0.25882353 0.34901961 0.50196078
v 0.04435301 -0.09326625 -0.06482351 0.27058824 0.38039216 0.50588235
v 0.04435301 -0.09861517 -0.05799997 0.17254902 0.23529412 0.35686275
v 0.04435301 -0.09211767 0.08408874 0.62745098 0.58431373 0.59215686
v 0.03896087 -0.08529413 -0.31047058 0.19607843 0.30588235 0.56862745
v 0.03877276 -0.08529413 -0.28999996 0.28627451 0.33725490 0.64313725
v 0.04125965 -0.08529413 -0.28317648 0.31764706 0.36862745 0.67450980
v 0.04009777 -0.08529413 -0.27635294 0.24705882 0.29019608 0.60392157
v 0.04185206 -0.08529413 -0.26952940 0.21568627 0.29019608 0.58039216
v 0.04314685 -0.08529413 -0.26270586 0.21568627 0.31372549 0.58431373
v 0.04366052 -0.08529413 -0.25588232 0.21960784 0.32549020 0.59215686
v 0.04328829 -0.08529413 -0.24905878 0.22352941 0.30588235 0.58039216
v 0.04316360 -0.08529413 -0.24223530 0.24705882 0.29803922 0.59215686
v 0.04369140 -0.08529413 -0.23541176 0.29411765 0.34509804 0.63921569
v 0.04435301 -0.08724642 -0.23541176 0.31764706 0.38039216 0.66666667
v 0.04418433 -0.08529413 -0.22858822 0.29803922 0.35294118 0.64313725
v 0.04435301 -0.08635718 -0.22858822 0.32549020 0.39607843 0.67058824
v 0.04360604 -0.08529413 -0.22176468 0.25098039 0.29411765 0.58823529
v 0.04435301 -0.08985835 -0.22176468 0.25882353 0.34901961 0.61960784
v 0.04405481 -0.08529413 -0.21494114 0.23529412 0.30196078 0.58039216
v 0.04435301 -0.08990741 -0.21494114 0.23529412 0.34509804 0.60392157
v 0.04435301 -0.08529413 -0.21262473 0.23137255 0.30588235 0.57647059
v 0.04435301 -0.08581316 -0.18764704 0.24313725 0.29019608 0.58431373
v 0.04435301 -0.08529413 -0.19022381 0.24313725 0.29411765 0.58039216
v 0.04427975 -0.08529413 -0.18764704 0.24313725 0.29019608 0.58431373
v 0.04435301 -0.08529413 -0.18662518 0.24705882 0.29411765 0.58823529
v 0.04435301 -0.09200311 -0.07164705 0.25490196 0.34117647 0.49803922
v 0.03836012 -0.08529413 0.08529419 0.61568627 0.55294118 0.52941176
v 0.04435301 -0.09066170 0.08529419 0.63137255 0.57647059 0.57647059
v 0.04435301 -0.08759677 0.09211767 0.61960784 0.52549020 0.50588235
v 0.04159260 -0.08529413 0.09211767 0.61568627 0.54117647 0.50980392
v 0.04435301 -0.08529413 0.09715688 0.59607843 0.52549020 0.49411765
v 0.03782183 -0.07847059 -0.29682350 0.59607843 0.66274510 0.81176471
v 0.03838861 -0.07847059 -0.28999996 0.28235294 0.32156863 0.64313725
v 0.04103678 -0.07847059 -0.28317648 0.27058824 0.29019608 0.63529412
v 0.03991103 -0.07847059 -0.27635294 0.56078431 0.62352941 0.81176471
v 0.04064280 -0.07847059 -0.26952940 0.55294118 0.61568627 0.78823529
v 0.04197925 -0.07847059 -0.26270586 0.23137255 0.29019608 0.52941176
v 0.04302537 -0.07847059 -0.25588232 0.20000000 0.25098039 0.47450980
v 0.04210865 -0.07847059 -0.24905878 0.45098039 0.51764706 0.72549020
v 0.04263902 -0.07847059 -0.24223530 0.61960784 0.67843137 0.82352941
v 0.04347849 -0.07847059 -0.23541176 0.27843137 0.31372549 0.62352941
v 0.04401582 -0.07847059 -0.22858822 0.25882353 0.29019608 0.60392157
v 0.04316944 -0.07847059 -0.22176468 0.56470588 0.63529412 0.80392157
v 0.04309237 -0.07847059 -0.21494114 0.51764706 0.59607843 0.76862745
v 0.04404581 -0.07847059 -0.20811766 0.23529412 0.30196078 0.53725490
v 0.04435301 -0.08046371 -0.20811766 0.22745098 0.28235294 0.53333333
v 0.04435301 -0.07847059 -0.20525259 0.22352941 0.28627451 0.50196078
v 0.04435301 -0.08358961 -0.19447058 0.23921569 0.29411765 0.57254902
v 0.04435301 -0.07847059 -0.19798523 0.27843137 0.35294118 0.60000000
v 0.04379016 -0.07847059 -0.19447058 0.43529412 0.52156863 0.72941176
v 0.04435301 -0.08222789 -0.18764704 0.34901961 0.41960784 0.69803922
v 0.04435301 -0.07847059 -0.18900114 0.59215686 0.66666667 0.81568627
v 0.03806067 -0.07847059 0.08529419 0.56078431 0.50980392 0.47058824
v 0.03842407 -0.07847059 0.09211767 0.56078431 0.51372549 0.47058824
v 0.04435301 -0.08486551 0.09894121 0.59607843 0.53333333 0.49803922
v 0.03910452 -0.07847059 0.09894121 0.54509804 0.49803922 0.45882353
v 0.04435301 -0.08217436 0.10576475 0.58823529 0.54117647 0.50588235
v 0.04143059 -0.07847059 0.10576475 0.54901961 0.50588235 0.46666667
v 0.04435301 -0.07847059 0.11165625 0.54509804 0.52549020 0.50196078
v 0.04046190 -0.07164705 -0.32411760 0.64313725 0.69411765 0.81176471
v 0.03776020 -0.07164705 -0.31047058 0.24313725 0.28627451 0.41176471
v 0.04088032 -0.07164705 -0.30364704 0.60392157 0.66666667 0.78039216
v 0.04254287 -0.07164705 -0.29682350 0.67843137 0.70980392 0.84313725
v 0.04173207 -0.07164705 -0.28999996 0.48235294 0.51372549 0.78823529
v 0.04285133 -0.07164705 -0.28317648 0.36862745 0.40000000 0.72941176
v 0.04290587 -0.07164705 -0.27635294 0.67843137 0.71764706 0.85098039
v 0.04377592 -0.07164705 -0.26952940 0.64705882 0.70980392 0.81176471
v 0.04250586 -0.07164705 -0.26270586 0.35294118 0.42745098 0.58039216
v 0.04317397 -0.07164705 -0.25588232 0.24313725 0.29411765 0.43137255
v 0.04397899 -0.07164705 -0.24905878 0.63137255 0.69803922 0.79215686
v 0.04435301 -0.07334292 -0.24223530 0.66666667 0.72156863 0.83137255
v 0.04435301 -0.07164705 -0.24559653 0.64705882 0.71372549 0.80392157
v 0.04435301 -0.07164705 -0.23933458 0.65490196 0.70588235 0.83529412
v 0.04401004 -0.07164705 -0.23541176 0.40392157 0.45490196 0.72941176
v 0.04435301 -0.07362890 -0.22858822 0.28627451 0.32549020 0.64313725
v 0.04435301 -0.07164705 -0.23059613 0.27450980 0.30588235 0.63137255
v 0.04435301 -0.07514858 -0.22176468 0.62745098 0.69411765 0.82745098
v 0.04435301 -0.07625824 -0.21494114 0.58823529 0.66666667 0.80000000
v 0.04435301 -0.07274586 -0.20811766 0.28235294 0.36078431 0.53725490
v 0.04435301 -0.07690209 -0.19447058 0.49803922 0.58823529 0.76078431
v 0.03781676 -0.07164705 0.08529419 0.51764706 0.48235294 0.42745098
v 0.03783160 -0.07164705 0.09211767 0.51764706 0.48627451 0.43137255
v 0.03820390 -0.07164705 0.09894121 0.50588235 0.47450980 0.41960784
v 0.03940165 -0.07164705 0.10576475 0.43921569 0.40784314 0.36470588
v 0.04435301 -0.07799768 0.11258829 0.54509804 0.52549020 0.50196078
v 0.03983361 -0.07164705 0.11258829 0.45490196 0.43137255 0.39607843
v 0.04435301 -0.07701039 0.11941183 0.52549020 0.52941176 0.52156863
v 0.03993767 -0.07164705 0.11941183 0.50980392 0.50196078 0.48235294
v 0.04435301 -0.07686645 0.12623537 0.54117647 0.55294118 0.55686275
v 0.03996080 -0.07164705 0.12623537 0.54901961 0.54509804 0.53725490
v 0.04435301 -0.07686800 0.13305891 0.55686275 0.56862745 0.58431373
v 0.04020721 -0.07164705 0.13305891 0.56078431 0.56078431 0.56862745
v 0.04435301 -0.07521760 0.13988245 0.56862745 0.57647059 0.60392157
v 0.04112524 -0.07164705 0.13988245 0.56078431 0.56470588 0.58823529
v 0.04435301 -0.07164705 0.14420497 0.59215686 0.59215686 0.60784314
v 0.04047209 -0.06482351 -0.32411760 0.66666667 0.71372549 0.81960784
v 0.03906697 -0.06482351 -0.31047058 0.25098039 0.29411765 0.40784314
v 0.04075772 -0.06482351 -0.30364704 0.63529412 0.68627451 0.78431373
v 0.04232675 -0.06482351 -0.29682350 0.70588235 0.73725490 0.84705882
v 0.04226559 -0.06482351 -0.28999996 0.44705882 0.47843137 0.76862745
v 0.04317671 -0.06482351 -0.28317648 0.35294118 0.39215686 0.71372549
v 0.04271227 -0.06482351 -0.27635294 0.69411765 0.73333333 0.85490196
v 0.04380310 -0.06482351 -0.26952940 0.67450980 0.73333333 0.81960784
v 0.04269052 -0.06482351 -0.26270586 0.36470588 0.43137255 0.57254902
v 0.04353511 -0.06482351 -0.25588232 0.26274510 0.30980392 0.43529412
v 0.04392934 -0.06482351 -0.24905878 0.65882353 0.71764706 0.80000000
v 0.04435301 -0.06482351 -0.24439710 0.68235294 0.73725490 0.81960784
v 0.04435301 -0.06482351 -0.23959404 0.67058824 0.71764706 0.83921569
v 0.04418147 -0.06482351 -0.23541176 0.37254902 0.42352941 0.70588235
v 0.04435301 -0.06482351 -0.23330057 0.29803922 0.34117647 0.65098039
v 0.03756553 -0.06482351 0.08529419 0.43529412 0.39215686 0.33725490
v 0.03767401 -0.06482351 0.09894121 0.51764706 0.47843137 0.41960784
v 0.03860784 -0.06482351 0.10576475 0.42745098 0.38039216 0.32549020
v 0.03862756 -0.06482351 0.11258829 0.47843137 0.41960784 0.36862745
v 0.03818876 -0.06482351 0.11941183 0.57647059 0.51372549 0.46274510
v 0.03812975 -0.06482351 0.12623537 0.61568627 0.55294118 0.50588235
v 0.03848773 -0.06482351 0.13305891 0.61960784 0.56862745 0.53725490
v 0.03899866 -0.06482351 0.13988245 0.61176471 0.56862745 0.56470588
v 0.04435301 -0.06984985 0.14670599 0.59607843 0.60000000 0.61176471
v 0.04032701 -0.06482351 0.14670599 0.60392157 0.57254902 0.58431373
v 0.04435301 -0.06482351 0.15186298 0.62745098 0.62352941 0.62745098
v 0.04213667 -0.05799997 -0.31047058 0.30196078 0.34901961 0.54901961
v 0.04256284 -0.05799997 -0.28999996 0.32941176 0.36078431 0.66666667
v 0.04336721 -0.05799997 -0.28317648 0.32156863 0.35686275 0.65882353
v 0.04207301 -0.05799997 -0.27635294 0.39215686 0.43137255 0.70588235
v 0.04100019 -0.05799997 -0.26952940 0.46666667 0.50588235 0.71764706
v 0.04329193 -0.05799997 -0.26270586 0.28627451 0.32941176 0.54901961
v 0.04435301 -0.05887812 -0.25588232 0.28235294 0.32549020 0.52156863
v 0.04435301 -0.05799997 -0.25655097 0.29411765 0.33725490 0.53725490
v 0.04435301 -0.05799997 -0.25534403 0.27843137 0.32156863 0.52941176
v 0.04238337 -0.05799997 -0.24905878 0.38823529 0.43137255 0.65098039
v 0.04325885 -0.05799997 -0.24223530 0.45098039 0.49803922 0.72941176
v 0.04435301 -0.06390399 -0.24223530 0.69803922 0.74509804 0.83921569
v 0.04435301 -0.06250435 -0.23541176 0.32156863 0.36862745 0.66274510
v 0.04435301 -0.05799997 -0.23762172 0.31372549 0.36078431 0.63921569
v 0.04435301 -0.06102467 -0.22176468 0.64313725 0.70196078 0.83137255
v 0.04435301 -0.05799997 -0.22359818 0.35294118 0.40784314 0.67450980
v 0.04394293 -0.05799997 -0.22176468 0.42352941 0.48627451 0.72549020
v 0.04337788 -0.05799997 -0.21494114 0.41960784 0.47450980 0.69019608
v 0.04435301 -0.06024742 -0.21494114 0.60000000 0.65882353 0.80000000
v 0.04435301 -0.05799997 -0.21264189 0.34901961 0.40392157 0.63921569
v 0.04435301 -0.05846781 -0.19447058 0.42352941 0.48627451 0.69411765
v 0.04435301 -0.05799997 -0.19466019 0.38823529 0.44705882 0.67058824
v 0.04423881 -0.05799997 -0.19447058 0.39607843 0.45098039 0.67450980
v 0.04435301 -0.05799997 -0.19212681 0.45882353 0.51372549 0.72549020
v 0.03753918 -0.05799997 0.10576475 0.54509804 0.46666667 0.41568627
v 0.03808326 -0.05799997 0.11258829 0.52156863 0.43921569 0.39215686
v 0.03781050 -0.05799997 0.11941183 0.61176471 0.54117647 0.49411765
v 0.03790605 -0.05799997 0.12623537 0.63921569 0.57254902 0.52549020
v 0.03840238 -0.05799997 0.13305891 0.65098039 0.58823529 0.54901961
v 0.03917778 -0.05799997 0.13988245 0.66666667 0.60392157 0.58039216
v 0.04027325 -0.05799997 0.14670599 0.69019608 0.62352941 0.61176471
v 0.04435301 -0.06171566 0.15352941 0.65098039 0.63137255 0.63529412
v 0.04192102 -0.05799997 0.15352941 0.70588235 0.64705882 0.65490196
v 0.04435301 -0.05799997 0.15645087 0.67843137 0.65490196 0.66666667
v 0.03874195 -0.05117649 -0.33776468 0.38823529 0.46274510 0.68627451
v 0.03980768 -0.05117649 -0.33094114 0.30588235 0.33725490 0.59607843
v 0.04185838 -0.05117649 -0.32411760 0.36862745 0.41176471 0.64313725
v 0.04246056 -0.05117649 -0.31729412 0.34901961 0.43529412 0.66666667
v 0.04309475 -0.05117649 -0.31047058 0.35686275 0.47450980 0.70196078
v 0.04337424 -0.05117649 -0.30364704 0.36470588 0.41568627 0.64313725
v 0.04342157 -0.05117649 -0.29682350 0.33725490 0.37254902 0.61960784
v 0.04372853 -0.05117649 -0.28999996 0.37254902 0.43529412 0.67450980
v 0.04413331 -0.05117649 -0.28317648 0.41568627 0.50196078 0.70588235
v 0.04409617 -0.05117649 -0.27635294 0.32156863 0.35686275 0.61176471
v 0.04432553 -0.05117649 -0.26952940 0.32941176 0.36470588 0.61176471
v 0.04435301 -0.05285186 -0.26270586 0.32549020 0.38039216 0.61568627
v 0.04435301 -0.05117649 -0.26819110 0.33333333 0.36862745 0.61176471
v 0.04435301 -0.05558598 -0.24905878 0.31372549 0.34509804 0.59215686
v 0.04435301 -0.05576795 -0.24223530 0.30196078 0.34117647 0.61176471
v 0.04435301 -0.05721301 -0.22176468 0.36078431 0.41568627 0.67843137
v 0.04435301 -0.05718863 -0.21494114 0.35686275 0.40392157 0.64705882
v 0.04435301 -0.05792099 -0.19447058 0.39215686 0.44705882 0.67058824
v 0.03817374 -0.05117649 0.11941183 0.49019608 0.44705882 0.43529412
v 0.03895873 -0.05117649 0.12623537 0.54117647 0.51372549 0.50196078
v 0.03980356 -0.05117649 0.13305891 0.65490196 0.60784314 0.57647059
v 0.04051119 -0.05117649 0.13988245 0.70588235 0.63529412 0.60000000
v 0.04365116 -0.05117649 0.14670599 0.70980392 0.63529412 0.59215686
v 0.04435301 -0.05222696 0.15352941 0.73725490 0.67843137 0.65490196
v 0.04435301 -0.05117649 0.15032542 0.70588235 0.62745098 0.59215686
v 0.04066706 -0.04435295 -0.35141176 0.30980392 0.37647059 0.57647059
v 0.04201335 -0.04435295 -0.34458822 0.62745098 0.68235294 0.78039216
v 0.04048711 -0.04435295 -0.33776468 0.73333333 0.78039216 0.83137255
v 0.04270810 -0.04435295 -0.33094114 0.38823529 0.45490196 0.64705882
v 0.04316962 -0.04435295 -0.32411760 0.32156863 0.41568627 0.62352941
v 0.04342842 -0.04435295 -0.31729412 0.38039216 0.55686275 0.76078431
v 0.04361475 -0.04435295 -0.31047058 0.46274510 0.65098039 0.81176471
v 0.04390901 -0.04435295 -0.30364704 0.30196078 0.41568627 0.64313725
v 0.04424149 -0.04435295 -0.29682350 0.30980392 0.36862745 0.58823529
v 0.04435301 -0.04589796 -0.28999996 0.53333333 0.61568627 0.74117647
v 0.04435301 -0.04435295 -0.29387277 0.37647059 0.43921569 0.64313725
v 0.04435301 -0.04609823 -0.28317648 0.63137255 0.70196078 0.78039216
v 0.04435301 -0.04952139 -0.27635294 0.32941176 0.36862745 0.61176471
v 0.04435301 -0.05095142 -0.26952940 0.32941176 0.36470588 0.61176471
v 0.04083246 -0.04435295 0.13305891 0.39215686 0.42745098 0.44705882
v 0.04340768 -0.04435295 0.13988245 0.67450980 0.65490196 0.64313725
v 0.04228342 -0.04435295 0.14670599 0.81960784 0.78039216 0.76078431
v 0.04435301 -0.04435295 0.14976370 0.85882353 0.82745098 0.79215686
v 0.03899515 -0.03752941 -0.35823530 0.29019608 0.41176471 0.62745098
v 0.04148525 -0.03752941 -0.35141176 0.32156863 0.38823529 0.58039216
v 0.04235500 -0.03752941 -0.34458822 0.63921569 0.69411765 0.78431373
v 0.04046774 -0.03752941 -0.33776468 0.74901961 0.78823529 0.83137255
v 0.04311842 -0.03752941 -0.33094114 0.39215686 0.46274510 0.64313725
v 0.04340744 -0.03752941 -0.32411760 0.31764706 0.41568627 0.61960784
v 0.04356635 -0.03752941 -0.31729412 0.38431373 0.56078431 0.76078431
v 0.04370207 -0.03752941 -0.31047058 0.46666667 0.65490196 0.81176471
v 0.04401040 -0.03752941 -0.30364704 0.30196078 0.41960784 0.64313725
v 0.04435301 -0.03865498 -0.29682350 0.30588235 0.37254902 0.58823529
v 0.04435301 -0.03752941 -0.29718423 0.30196078 0.36470588 0.58039216
v 0.03879559 -0.03752941 0.13305891 0.40392157 0.43921569 0.45882353
v 0.04427481 -0.03752941 0.13988245 0.63137255 0.61176471 0.60392157
v 0.04008824 -0.03752941 0.14670599 0.83137255 0.78823529 0.78039216
v 0.04435301 -0.03752941 0.15304327 0.76078431 0.71764706 0.69803922
v 0.03953713 -0.03070587 -0.35141176 0.33725490 0.37647059 0.59607843
v 0.04076654 -0.03070587 -0.34458822 0.37647059 0.43529412 0.64705882
v 0.04279470 -0.03070587 -0.33776468 0.45882353 0.53333333 0.70196078
v 0.04249054 -0.03070587 -0.33094114 0.35686275 0.40392157 0.61960784
v 0.04308802 -0.03070587 -0.32411760 0.40784314 0.46274510 0.67058824
v 0.04304790 -0.03070587 -0.31729412 0.36862745 0.46666667 0.67843137
v 0.04347235 -0.03070587 -0.31047058 0.37647059 0.49803922 0.70980392
v 0.04387206 -0.03070587 -0.30364704 0.36470588 0.42745098 0.64313725
v 0.04407465 -0.03070587 -0.29682350 0.34901961 0.38823529 0.61176471
v 0.04435301 -0.03711677 -0.29682350 0.30588235 0.36470588 0.58431373
v 0.04425269 -0.03070587 -0.28999996 0.37254902 0.43529412 0.65490196
v 0.04435301 -0.03306448 -0.28999996 0.43529412 0.51764706 0.69803922
v 0.04435301 -0.03070587 -0.28838795 0.41176471 0.49411765 0.68627451
v 0.03978258 -0.03070587 0.13305891 0.47058824 0.42745098 0.42745098
v 0.04046172 -0.03070587 0.13988245 0.70196078 0.62745098 0.59607843
v 0.03983164 -0.03070587 0.14670599 0.76470588 0.67450980 0.64705882
v 0.04435301 -0.03070587 0.15226424 0.66666667 0.57254902 0.53725490
v 0.04161096 -0.02388233 -0.33776468 0.34901961 0.38431373 0.65490196
v 0.04061031 -0.02388233 -0.31729412 0.32156863 0.37254902 0.55686275
v 0.04324442 -0.02388233 -0.31047058 0.34901961 0.40392157 0.58431373
v 0.03860784 -0.02388233 -0.30364704 0.41568627 0.45490196 0.64313725
v 0.04192895 -0.02388233 -0.29682350 0.37647059 0.41176471 0.66666667
v 0.04385650 -0.02388233 -0.28999996 0.35294118 0.40000000 0.66274510
v 0.04432529 -0.02388233 -0.28317648 0.33725490 0.37647059 0.64313725
v 0.04435301 -0.02435488 -0.28317648 0.33725490 0.37647059 0.64313725
v 0.04369289 -0.02388233 -0.27635294 0.34117647 0.38431373 0.64313725
v 0.04435301 -0.02761865 -0.27635294 0.33725490 0.37647059 0.63137255
v 0.04288155 -0.02388233 -0.26952940 0.39607843 0.43529412 0.65882353
v 0.04435301 -0.02720928 -0.26952940 0.34509804 0.38431373 0.61960784
v 0.04411072 -0.02388233 -0.26270586 0.31372549 0.36470588 0.56078431
v 0.04435301 -0.02532631 -0.26270586 0.32549020 0.37254902 0.58039216
v 0.04435301 -0.02388233 -0.26143575 0.30196078 0.35686275 0.54901961
v 0.04435301 -0.02499229 -0.24905878 0.34901961 0.39215686 0.61568627
v 0.04435301 -0.02388233 -0.25162715 0.33725490 0.38823529 0.59607843
v 0.04345059 -0.02388233 -0.24905878 0.38431373 0.43137255 0.64313725
v 0.04430300 -0.02388233 -0.24223530 0.33333333 0.38039216 0.63137255
v 0.04435301 -0.02401793 -0.24223530 0.32941176 0.38039216 0.63137255
v 0.04435301 -0.02388233 -0.24206686 0.32941176 0.37647059 0.63137255
v 0.03783977 -0.02388233 0.11941183 0.57647059 0.43921569 0.41960784
v 0.03851008 -0.02388233 0.12623537 0.53725490 0.41568627 0.40392157
v 0.03981167 -0.02388233 0.13305891 0.63137255 0.50980392 0.47843137
v 0.03922766 -0.02388233 0.13988245 0.69803922 0.60000000 0.56078431
v 0.04081351 -0.02388233 0.14670599 0.71764706 0.61960784 0.58823529
v 0.04435301 -0.02388233 0.15108633 0.58039216 0.50196078 0.48235294
v 0.03880793 -0.01705885 -0.34458822 0.33725490 0.37254902 0.64705882
v 0.04272026 -0.01705885 -0.33776468 0.44705882 0.48627451 0.72156863
v 0.03884828 -0.01705885 -0.32411760 0.76470588 0.79215686 0.84313725
v 0.03927118 -0.01705885 -0.31729412 0.38039216 0.44705882 0.55686275
v 0.04277825 -0.01705885 -0.31047058 0.32156863 0.38431373 0.48627451
v 0.04035580 -0.01705885 -0.30364704 0.76862745 0.79607843 0.83921569
v 0.03934753 -0.01705885 -0.29682350 0.70980392 0.74509804 0.83529412
v 0.04395443 -0.01705885 -0.28999996 0.37647059 0.41960784 0.68627451
v 0.04435301 -0.02226692 -0.28317648 0.33725490 0.38039216 0.65098039
v 0.04435301 -0.01705885 -0.28478676 0.32549020 0.36862745 0.64313725
v 0.04435301 -0.01705885 -0.28197557 0.35294118 0.39607843 0.66666667
v 0.04239678 -0.01705885 -0.27635294 0.56078431 0.60392157 0.78039216
v 0.04326081 -0.01705885 -0.26952940 0.76470588 0.79607843 0.85098039
v 0.04360813 -0.01705885 -0.26270586 0.34901961 0.42352941 0.55294118
v 0.04435301 -0.01705885 -0.25953585 0.31764706 0.38431373 0.48235294
v 0.04435301 -0.01705885 -0.25209838 0.53725490 0.60392157 0.71764706
v 0.04352617 -0.01705885 -0.24905878 0.74509804 0.78431373 0.83921569
v 0.04325509 -0.01705885 -0.24223530 0.69019608 0.73725490 0.83921569
v 0.04435301 -0.01705885 -0.24105853 0.61568627 0.66666667 0.81176471
v 0.04435301 -0.01811790 -0.22176468 0.48235294 0.54509804 0.74901961
v 0.04435301 -0.01705885 -0.22205102 0.48627451 0.54901961 0.74901961
v 0.04408914 -0.01705885 -0.22176468 0.51372549 0.57647059 0.76470588
v 0.04435301 -0.01705885 -0.21937114 0.71372549 0.76078431 0.85098039
v 0.04173833 -0.01705885 0.11941183 0.69803922 0.52941176 0.47058824
v 0.04365999 -0.01705885 0.12623537 0.67843137 0.50196078 0.45098039
v 0.04101557 -0.01705885 0.13305891 0.67058824 0.54117647 0.49803922
v 0.03960288 -0.01705885 0.13988245 0.68235294 0.57647059 0.53725490
v 0.04435301 -0.01817793 0.14670599 0.60784314 0.56470588 0.54509804
v 0.04435301 -0.01705885 0.14606869 0.59607843 0.56078431 0.54901961
v 0.03797430 -0.01023531 -0.34458822 0.31764706 0.35294118 0.62352941
v 0.04260224 -0.01023531 -0.33776468 0.45098039 0.48627451 0.72156863
v 0.03892088 -0.01023531 -0.32411760 0.76470588 0.79215686 0.84313725
v 0.03814644 -0.01023531 -0.31729412 0.41176471 0.47450980 0.57254902
v 0.04243606 -0.01023531 -0.31047058 0.32156863 0.38039216 0.47843137
v 0.04036248 -0.01023531 -0.30364704 0.77254902 0.79607843 0.83921569
v 0.03964299 -0.01023531 -0.29682350 0.73333333 0.76078431 0.84313725
v 0.04381961 -0.01023531 -0.28999996 0.39607843 0.43137255 0.69803922
v 0.04429585 -0.01023531 -0.28317648 0.35686275 0.39607843 0.67058824
v 0.04435301 -0.01307601 -0.28317648 0.36078431 0.40392157 0.67843137
v 0.04229349 -0.01023531 -0.27635294 0.63921569 0.67450980 0.81568627
v 0.04355329 -0.01023531 -0.26952940 0.75294118 0.78823529 0.84313725
v 0.04348147 -0.01023531 -0.26270586 0.37254902 0.44705882 0.56862745
v 0.04435301 -0.01023531 -0.25887108 0.33333333 0.39607843 0.48627451
v 0.04435301 -0.01023531 -0.25209516 0.57647059 0.63921569 0.73725490
v 0.04375935 -0.01023531 -0.24905878 0.74509804 0.78431373 0.83529412
v 0.04337704 -0.01023531 -0.24223530 0.72549020 0.76078431 0.84705882
v 0.04435301 -0.01023531 -0.24095356 0.66666667 0.70588235 0.83137255
v 0.04435301 -0.01023531 -0.22211534 0.56078431 0.61568627 0.78823529
v 0.04403293 -0.01023531 -0.22176468 0.59215686 0.64705882 0.80000000
v 0.04435301 -0.01023531 -0.22003001 0.72156863 0.76470588 0.85098039
v 0.03782058 -0.01023531 0.09894121 0.61568627 0.53725490 0.53333333
v 0.03755862 -0.01023531 0.10576475 0.65490196 0.55686275 0.52941176
v 0.03853816 -0.01023531 0.11258829 0.67058824 0.55686275 0.50980392
v 0.04373485 -0.01023531 0.11941183 0.68627451 0.55294118 0.49411765
v 0.04435301 -0.01466191 0.12623537 0.70588235 0.52549020 0.46274510
v 0.04435301 -0.01023531 0.12123859 0.68235294 0.54901961 0.48627451
v 0.04435301 -0.01023531 0.12988520 0.66274510 0.55294118 0.50588235
v 0.04353130 -0.01023531 0.13305891 0.62745098 0.55686275 0.53333333
v 0.04362017 -0.01023531 0.13988245 0.56862745 0.55686275 0.56862745
v 0.04435301 -0.01023531 0.14085925 0.56078431 0.55686275 0.57254902
v 0.04069197 -0.00341177 -0.33776468 0.34509804 0.36862745 0.64313725
v 0.04223478 -0.00341177 -0.31047058 0.35294118 0.39607843 0.56862745
v 0.03985274 -0.00341177 -0.29682350 0.43137255 0.45882353 0.68235294
v 0.04323250 -0.00341177 -0.28999996 0.36470588 0.39215686 0.65882353
v 0.04397184 -0.00341177 -0.28317648 0.35294118 0.38431373 0.65490196
v 0.04264569 -0.00341177 -0.27635294 0.41176471 0.44313725 0.69019608
v 0.04169828 -0.00341177 -0.26952940 0.54901961 0.58039216 0.75294118
v 0.04347467 -0.00341177 -0.26270586 0.35294118 0.39607843 0.59215686
v 0.04435301 -0.00341177 -0.25844765 0.35686275 0.41176471 0.57647059
v 0.04435301 -0.00341177 -0.25377536 0.36078431 0.40392157 0.60392157
v 0.04269141 -0.00341177 -0.24905878 0.50588235 0.54509804 0.72156863
v 0.04373258 -0.00341177 -0.24223530 0.47058824 0.51372549 0.72941176
v 0.04435301 -0.00341177 -0.23990560 0.39215686 0.43529412 0.67843137
v 0.04435301 -0.00546336 -0.22176468 0.45882353 0.51372549 0.72941176
v 0.04435301 -0.00511253 -0.21494114 0.67058824 0.71372549 0.81960784
v 0.04435301 -0.00341177 -0.21967512 0.48235294 0.53333333 0.74117647
v 0.04402328 -0.00341177 -0.21494114 0.54509804 0.59215686 0.75686275
v 0.04435301 -0.00341177 -0.21385175 0.55294118 0.60392157 0.76078431
v 0.04109353 -0.00341177 0.08529419 0.66274510 0.61176471 0.60392157
v 0.04435301 -0.00369322 0.09211767 0.59215686 0.57647059 0.61568627
v 0.04435301 -0.00341177 0.09023315 0.61176471 0.59215686 0.61960784
v 0.04435301 -0.00366366 0.09894121 0.56862745 0.56862745 0.60784314
v 0.04435301 -0.00341177 0.10414165 0.57647059 0.58039216 0.61176471
v 0.04397339 -0.00341177 0.10576475 0.57647059 0.58039216 0.60784314
v 0.04420292 -0.00341177 0.11258829 0.57647059 0.58431373 0.59607843
v 0.04435301 -0.00850087 0.11941183 0.66274510 0.55686275 0.50196078
v 0.04435301 -0.00341177 0.11323887 0.57647059 0.58431373 0.59607843
v 0.04435301 -0.00889105 0.13305891 0.60392157 0.56078431 0.55294118
v 0.04435301 -0.00928175 0.13988245 0.55294118 0.55686275 0.57254902
v 0.04093134 0.00341183 -0.33776468 0.42352941 0.48627451 0.70196078
v 0.04000115 0.00341183 -0.33094114 0.32941176 0.35294118 0.61568627
v 0.04115474 0.00341183 -0.32411760 0.34117647 0.40784314 0.64313725
v 0.04233474 0.00341183 -0.31729412 0.36862745 0.47058824 0.68235294
v 0.04271084 0.00341183 -0.31047058 0.37647059 0.49411765 0.70196078
v 0.04326648 0.00341183 -0.30364704 0.38431373 0.45490196 0.67450980
v 0.04324418 0.00341183 -0.29682350 0.36862745 0.40000000 0.65098039
v 0.04386616 0.00341183 -0.28999996 0.38823529 0.43137255 0.67058824
v 0.04418951 0.00341183 -0.28317648 0.40784314 0.46666667 0.69803922
v 0.04387206 0.00341183 -0.27635294 0.36470588 0.38823529 0.65098039
v 0.04416156 0.00341183 -0.26952940 0.35294118 0.40784314 0.65490196
v 0.04435301 0.00194037 -0.26270586 0.36078431 0.43137255 0.65490196
v 0.04416144 0.00341183 -0.26952940 0.35294118 0.40784314 0.65490196
v 0.04435301 0.00341183 -0.26495963 0.34509804 0.42745098 0.65882353
v 0.04435301 -0.00044721 -0.24905878 0.39215686 0.42352941 0.64705882
v 0.04435301 -0.00119942 -0.24223530 0.40784314 0.44705882 0.68627451
v 0.04435301 -0.00293505 -0.21494114 0.51372549 0.56078431 0.74117647
v 0.04046315 0.00341183 0.07847065 0.54901961 0.53333333 0.53333333
v 0.04435301 -0.00070941 0.08529419 0.61176471 0.58431373 0.60392157
v 0.04435301 0.00341183 0.08121341 0.47843137 0.47450980 0.50588235
v 0.04435301 -0.00308329 0.10576475 0.57254902 0.58039216 0.61176471
v 0.04435301 -0.00329626 0.11258829 0.57254902 0.58431373 0.60000000
v 0.04157621 0.01023537 -0.34458822 0.68235294 0.72941176 0.81568627
v 0.04028541 0.01023537 -0.33776468 0.77254902 0.80000000 0.84313725
v 0.04244399 0.01023537 -0.33094114 0.38039216 0.47058824 0.64313725
v 0.04284406 0.01023537 -0.32411760 0.33725490 0.44705882 0.63137255
v 0.04276049 0.01023537 -0.31729412 0.37647059 0.55686275 0.74901961
v 0.04318154 0.01023537 -0.31047058 0.41568627 0.61176471 0.79215686
v 0.04349905 0.01023537 -0.30364704 0.32156863 0.45882353 0.66666667
v 0.04389906 0.01023537 -0.29682350 0.31372549 0.39607843 0.61176471
v 0.04435301 0.00882995 -0.28999996 0.52941176 0.61176471 0.74509804
v 0.04435301 0.01023537 -0.29148209 0.49411765 0.58431373 0.73725490
v 0.04435301 0.00635433 -0.28317648 0.52941176 0.61568627 0.74901961
v 0.04435301 0.00759435 -0.27635294 0.34509804 0.40784314 0.64313725
v 0.04435301 0.00573748 -0.26952940 0.32549020 0.40784314 0.65098039
v 0.04435301 0.00891602 0.07847065 0.39215686 0.44705882 0.49019608
v 0.04435301 0.01023537 0.07839614 0.37647059 0.44705882 0.49803922
v 0.04022318 0.01705885 -0.34458822 0.70588235 0.74901961 0.83137255
v 0.03969890 0.01705885 -0.33776468 0.77647059 0.80392157 0.84705882
v 0.04178602 0.01705885 -0.33094114 0.39215686 0.48627451 0.67058824
v 0.04226643 0.01705885 -0.32411760 0.31764706 0.43529412 0.62745098
v 0.04233485 0.01705885 -0.31729412 0.36470588 0.55294118 0.75294118
v 0.04290318 0.01705885 -0.31047058 0.41960784 0.61960784 0.79607843
v 0.04325169 0.01705885 -0.30364704 0.31764706 0.45882353 0.67450980
v 0.04362631 0.01705885 -0.29682350 0.31372549 0.40000000 0.62352941
v 0.04424387 0.01705885 -0.28999996 0.61568627 0.67843137 0.78431373
v 0.04435301 0.01315320 -0.28999996 0.69019608 0.74901961 0.81176471
v 0.04435301 0.01705885 -0.28704762 0.76078431 0.79607843 0.83921569
v 0.04435301 0.01584822 -0.27635294 0.36078431 0.45882353 0.67843137
v 0.04435301 0.01705885 -0.27780718 0.41960784 0.51372549 0.71372549
v 0.04431283 0.01705885 -0.27635294 0.34901961 0.43529412 0.67058824
v 0.04435301 0.01705885 -0.27421403 0.31372549 0.40000000 0.64313725
v 0.04435301 0.01705885 0.07827246 0.38431373 0.47058824 0.54117647
v 0.03764975 0.02388239 -0.32411760 0.29019608 0.34117647 0.61176471
v 0.04074466 0.02388239 -0.31729412 0.30588235 0.43921569 0.68627451
v 0.04198867 0.02388239 -0.31047058 0.34901961 0.50196078 0.73333333
v 0.04259878 0.02388239 -0.30364704 0.35294118 0.43137255 0.67843137
v 0.04219204 0.02388239 -0.29682350 0.33333333 0.36078431 0.64313725
v 0.04278541 0.02388239 -0.28999996 0.36078431 0.40784314 0.69411765
v 0.04353577 0.02388239 -0.28317648 0.42352941 0.49411765 0.74117647
v 0.04435301 0.01863861 -0.28317648 0.67450980 0.72941176 0.81176471
v 0.04306757 0.02388239 -0.27635294 0.32549020 0.35294118 0.65490196
v 0.04366457 0.02388239 -0.26952940 0.33333333 0.39215686 0.67843137
v 0.04435301 0.01830781 -0.26952940 0.29803922 0.40784314 0.65490196
v 0.04394460 0.02388239 -0.26270586 0.31764706 0.44705882 0.71764706
v 0.04435301 0.01937604 -0.26270586 0.31372549 0.50980392 0.75686275
v 0.04425842 0.02388239 -0.25588232 0.32549020 0.48627451 0.74117647
v 0.04435301 0.02293998 -0.25588232 0.32549020 0.50196078 0.75294118
v 0.04435301 0.02388239 -0.25084597 0.32549020 0.41960784 0.68627451
v 0.04435301 0.02388239 0.07791388 0.44705882 0.49019608 0.56862745
v 0.03926033 0.03070593 -0.31047058 0.31372549 0.38431373 0.61568627
v 0.03789753 0.03070593 -0.28999996 0.32156863 0.36078431 0.68627451
v 0.04075503 0.03070593 -0.28317648 0.27843137 0.29019608 0.65490196
v 0.03917545 0.03070593 -0.27635294 0.45490196 0.51764706 0.78039216
v 0.03844285 0.03070593 -0.26952940 0.41960784 0.49803922 0.74901961
v 0.04220325 0.03070593 -0.26270586 0.30196078 0.38431373 0.65882353
v 0.04338598 0.03070593 -0.25588232 0.30196078 0.39215686 0.65882353
v 0.04115868 0.03070593 -0.24905878 0.36078431 0.43529412 0.70588235
v 0.04435301 0.02424014 -0.24905878 0.33333333 0.40784314 0.68235294
v 0.04189742 0.03070593 -0.24223530 0.44705882 0.50588235 0.77254902
v 0.04435301 0.02404666 -0.24223530 0.33725490 0.37254902 0.66274510
v 0.04330009 0.03070593 -0.23541176 0.34901961 0.39215686 0.71764706
v 0.04435301 0.02611160 -0.23541176 0.35686275 0.41176471 0.70588235
v 0.04379535 0.03070593 -0.22858822 0.31372549 0.34509804 0.69019608
v 0.04435301 0.02875918 -0.22858822 0.31764706 0.35294118 0.68235294
v 0.04309499 0.03070593 -0.22176468 0.50196078 0.56470588 0.80000000
v 0.04435301 0.02728498 -0.22176468 0.32549020 0.36862745 0.67843137
v 0.04282242 0.03070593 -0.21494114 0.43921569 0.51764706 0.75686275
v 0.04435301 0.02859682 -0.21494114 0.34117647 0.40000000 0.68627451
v 0.04435301 0.03070593 -0.20987529 0.31372549 0.40000000 0.66666667
v 0.04435301 0.02988869 -0.19447058 0.38823529 0.46666667 0.72156863
v 0.04435301 0.03070593 -0.19628447 0.37254902 0.45882353 0.71372549
v 0.04356748 0.03070593 -0.19447058 0.42745098 0.50980392 0.74509804
v 0.04403114 0.03070593 -0.18764704 0.48235294 0.55686275 0.78823529
v 0.04435301 0.03014183 -0.18764704 0.44313725 0.51764706 0.76862745
v 0.04435301 0.03070593 -0.18601501 0.47843137 0.55686275 0.79215686
v 0.04435301 0.03070593 0.07661128 0.43921569 0.47058824 0.56470588
v 0.03943962 0.03752947 -0.29682350 0.63529412 0.69411765 0.84705882
v 0.04076147 0.03752947 -0.27635294 0.64313725 0.69019608 0.86274510
v 0.04138225 0.03752947 -0.26952940 0.60392157 0.69411765 0.83921569
v 0.03974766 0.03752947 -0.26270586 0.30980392 0.44313725 0.66666667
v 0.04181069 0.03752947 -0.25588232 0.26274510 0.39215686 0.61568627
v 0.04151678 0.03752947 -0.24905878 0.56470588 0.67450980 0.82352941
v 0.04343098 0.03752947 -0.24223530 0.60784314 0.69019608 0.84313725
v 0.04250586 0.03752947 -0.23541176 0.51764706 0.56470588 0.83137255
v 0.04287916 0.03752947 -0.22858822 0.42352941 0.45490196 0.78823529
v 0.04403812 0.03752947 -0.22176468 0.60784314 0.68627451 0.84705882
v 0.04385519 0.03752947 -0.21494114 0.58823529 0.69803922 0.83137255
v 0.04388678 0.03752947 -0.20811766 0.28627451 0.41176471 0.63137255
v 0.04435301 0.03406048 -0.20811766 0.29019608 0.39607843 0.63921569
v 0.04435301 0.03752947 -0.20483184 0.29411765 0.41568627 0.60392157
v 0.04435301 0.03752947 -0.19698989 0.43921569 0.56862745 0.75686275
v 0.04401708 0.03752947 -0.19447058 0.58039216 0.69411765 0.82352941
v 0.04435301 0.03278631 -0.18764704 0.61568627 0.69411765 0.84705882
v 0.04435301 0.03752947 -0.19308209 0.61176471 0.71372549 0.83529412
v 0.04435301 0.03729063 0.07164711 0.72549020 0.69019608 0.70980392
v 0.04435301 0.03752947 0.07157493 0.72549020 0.69019608 0.71372549
v 0.04010808 0.03752947 0.07164711 0.72549020 0.69019608 0.70980392
v 0.03924870 0.04435301 -0.27635294 0.59215686 0.66274510 0.84705882
v 0.04009843 0.04435301 -0.26952940 0.56470588 0.66666667 0.82745098
v 0.03995633 0.04435301 -0.25588232 0.23529412 0.36078431 0.56862745
v 0.04013240 0.04435301 -0.24905878 0.52549020 0.64705882 0.80392157
v 0.04256916 0.04435301 -0.24223530 0.59215686 0.67058824 0.84313725
v 0.04134512 0.04435301 -0.23541176 0.46274510 0.50588235 0.80392157
v 0.04191709 0.04435301 -0.22858822 0.36470588 0.39215686 0.75294118
v 0.04299569 0.04435301 -0.22176468 0.58823529 0.66666667 0.84313725
v 0.04268020 0.04435301 -0.21494114 0.56862745 0.67843137 0.82352941
v 0.04282087 0.04435301 -0.20811766 0.25882353 0.37647059 0.59607843
v 0.04386532 0.04435301 -0.20129412 0.25882353 0.37647059 0.58039216
v 0.04435301 0.04100442 -0.20129412 0.27843137 0.42352941 0.60000000
v 0.04281795 0.04435301 -0.19447058 0.54901961 0.66274510 0.80784314
v 0.04425925 0.04435301 -0.18764704 0.61176471 0.69803922 0.84313725
v 0.04435301 0.04381919 -0.18764704 0.60784314 0.69803922 0.84313725
v 0.04371536 0.04435301 -0.18082350 0.35294118 0.40000000 0.72941176
v 0.04435301 0.03774261 -0.18082350 0.39215686 0.45098039 0.76078431
v 0.04405618 0.04435301 -0.17399997 0.30196078 0.34117647 0.69411765
v 0.04435301 0.04121459 -0.17399997 0.36470588 0.40392157 0.74509804
v 0.04435301 0.04435301 -0.17137033 0.49411765 0.55686275 0.81176471
v 0.04435301 0.04435301 0.06848168 0.79215686 0.70196078 0.72156863
v 0.03784847 0.05117655 -0.25588232 0.21960784 0.30196078 0.54509804
v 0.03858817 0.05117655 -0.23541176 0.23921569 0.28235294 0.61960784
v 0.04050100 0.05117655 -0.22858822 0.22745098 0.25490196 0.60392157
v 0.03768080 0.05117655 -0.21494114 0.36078431 0.45098039 0.69411765
v 0.04204112 0.05117655 -0.20811766 0.23529412 0.31372549 0.56470588
v 0.04313326 0.05117655 -0.20129412 0.24313725 0.32941176 0.56862745
v 0.04031795 0.05117655 -0.19447058 0.30588235 0.38823529 0.64313725
v 0.04012328 0.05117655 -0.18764704 0.45490196 0.53333333 0.76078431
v 0.04282582 0.05117655 -0.18082350 0.25882353 0.29803922 0.61568627
v 0.04328340 0.05117655 -0.17399997 0.25490196 0.29411765 0.61176471
v 0.04149789 0.05117655 -0.16717649 0.49411765 0.57254902 0.78431373
v 0.04435301 0.04667503 -0.16717649 0.61960784 0.69411765 0.84705882
v 0.04102749 0.05117655 -0.16035295 0.43529412 0.52156863 0.73725490
v 0.04435301 0.04707098 -0.16035295 0.60000000 0.70196078 0.83529412
v 0.04319412 0.05117655 -0.15352941 0.24313725 0.32549020 0.57254902
v 0.04435301 0.04568815 -0.15352941 0.28235294 0.40784314 0.63921569
v 0.04428196 0.05117655 -0.14670587 0.24705882 0.32549020 0.56470588
v 0.04435301 0.05073857 -0.14670587 0.24313725 0.32549020 0.56470588
v 0.04218084 0.05117655 -0.13988233 0.38823529 0.47450980 0.70196078
v 0.04435301 0.04726177 -0.13988233 0.52549020 0.63529412 0.79607843
v 0.04271495 0.05117655 -0.13305885 0.58823529 0.65490196 0.81176471
v 0.04435301 0.04994553 -0.13305885 0.63529412 0.70196078 0.83529412
v 0.04356009 0.05117655 -0.12623531 0.40000000 0.45098039 0.70980392
v 0.04435301 0.04835635 -0.12623531 0.45490196 0.51372549 0.75686275
v 0.04391181 0.05117655 -0.11941177 0.33725490 0.38039216 0.65882353
v 0.04435301 0.04955697 -0.11941177 0.35686275 0.40392157 0.68235294
v 0.04316765 0.05117655 -0.11258823 0.39607843 0.46666667 0.69019608
v 0.04435301 0.04993665 -0.11258823 0.46274510 0.54117647 0.74509804
v 0.04273766 0.05117655 -0.10576469 0.23137255 0.29019608 0.51372549
v 0.04435301 0.04871696 -0.10576469 0.32941176 0.41960784 0.64313725
v 0.04295421 0.05117655 -0.09894115 0.16862745 0.22352941 0.40392157
v 0.04435301 0.04918015 -0.09894115 0.18039216 0.24705882 0.45490196
v 0.04301655 0.05117655 -0.09211767 0.16470588 0.21176471 0.36470588
v 0.04435301 0.04972476 -0.09211767 0.14509804 0.20000000 0.37254902
v 0.04266518 0.05117655 -0.08529413 0.20392157 0.23921569 0.40392157
v 0.04435301 0.04822487 -0.08529413 0.24705882 0.31372549 0.51372549
v 0.04262453 0.05117655 -0.07847059 0.30196078 0.32941176 0.49803922
v 0.04435301 0.04984653 -0.07847059 0.36862745 0.41568627 0.59215686
v 0.04347724 0.05117655 -0.07164705 0.42745098 0.43921569 0.59215686
v 0.04435301 0.05075371 -0.07164705 0.43529412 0.45882353 0.61176471
v 0.04418552 0.05117655 -0.06482351 0.45490196 0.47058824 0.60784314
v 0.04435301 0.05112588 -0.06482351 0.45882353 0.47450980 0.61176471
v 0.04435301 0.05117655 -0.06275988 0.42352941 0.44705882 0.58431373
v 0.04435301 0.05067581 0.05800003 0.72941176 0.63137255 0.67450980
v 0.04435301 0.05117655 0.05733526 0.72549020 0.63529412 0.67843137
v 0.04435301 0.04801786 0.06482357 0.72549020 0.62745098 0.68627451
v 0.03901058 0.05800003 -0.22858822 0.30588235 0.38039216 0.65882353
v 0.03809822 0.05800003 -0.22176468 0.25098039 0.29803922 0.57647059
v 0.04048300 0.05800003 -0.21494114 0.26666667 0.33725490 0.59607843
v 0.04180622 0.05800003 -0.20811766 0.25098039 0.36862745 0.61960784
v 0.04239130 0.05800003 -0.20129412 0.26666667 0.39215686 0.64313725
v 0.04132926 0.05800003 -0.19447058 0.26274510 0.34509804 0.60000000
v 0.04089057 0.05800003 -0.18764704 0.28627451 0.33333333 0.59215686
v 0.04142720 0.05800003 -0.18082350 0.27843137 0.32549020 0.60392157
v 0.04217827 0.05800003 -0.17399997 0.28627451 0.33333333 0.61176471
v 0.04117352 0.05800003 -0.16717649 0.27058824 0.31764706 0.58039216
v 0.04217440 0.05800003 -0.16035295 0.28627451 0.34117647 0.58039216
v 0.04288203 0.05800003 -0.15352941 0.28235294 0.37254902 0.60784314
v 0.04322159 0.05800003 -0.14670587 0.28627451 0.38823529 0.61960784
v 0.04259706 0.05800003 -0.13988233 0.26274510 0.32941176 0.56862745
v 0.04211551 0.05800003 -0.13305885 0.26274510 0.30196078 0.54509804
v 0.04204011 0.05800003 -0.12623531 0.28235294 0.30980392 0.55686275
v 0.04253173 0.05800003 -0.11941177 0.28235294 0.30588235 0.54509804
v 0.04179752 0.05800003 -0.11258823 0.25490196 0.30980392 0.50980392
v 0.04188836 0.05800003 -0.10576469 0.23137255 0.31372549 0.48627451
v 0.04209125 0.05800003 -0.09894115 0.21960784 0.33725490 0.47843137
v 0.04141068 0.05800003 -0.09211767 0.22352941 0.34509804 0.46274510
v 0.03850454 0.05800003 -0.08529413 0.18823529 0.24313725 0.34901961
v 0.04435301 0.05310827 -0.05799997 0.20784314 0.21960784 0.34117647
v 0.04435301 0.05800003 -0.05717874 0.12156863 0.12156863 0.19215686
v 0.04435301 0.05710864 0.05117655 0.63529412 0.60000000 0.67058824
v 0.04435301 0.05800003 0.04805291 0.68627451 0.65098039 0.69411765
v 0.03974640 0.06482357 -0.23541176 0.70196078 0.75294118 0.81960784
v 0.04030156 0.06482357 -0.22858822 0.73333333 0.77254902 0.81960784
v 0.04115069 0.06482357 -0.22176468 0.53725490 0.63137255 0.76470588
v 0.03915286 0.06482357 -0.20811766 0.29411765 0.49019608 0.70196078
v 0.04046339 0.06482357 -0.20129412 0.32941176 0.53725490 0.72941176
v 0.03900313 0.06482357 -0.19447058 0.26666667 0.42352941 0.65098039
v 0.04054230 0.06482357 -0.18764704 0.34901961 0.48627451 0.68235294
v 0.04341346 0.06482357 -0.18082350 0.65490196 0.71764706 0.80000000
v 0.04382342 0.06482357 -0.17399997 0.69803922 0.74901961 0.81568627
v 0.04341739 0.06482357 -0.16717649 0.52549020 0.63137255 0.76078431
v 0.04101884 0.06482357 -0.16035295 0.30980392 0.45882353 0.65882353
v 0.04167640 0.06482357 -0.15352941 0.31372549 0.50980392 0.69803922
v 0.04201055 0.06482357 -0.14670587 0.33333333 0.53725490 0.71372549
v 0.04074359 0.06482357 -0.13988233 0.28235294 0.45490196 0.65098039
v 0.04024982 0.06482357 -0.13305885 0.28627451 0.41568627 0.62352941
v 0.03960747 0.06482357 -0.12623531 0.35686275 0.46666667 0.64313725
v 0.03913140 0.06482357 -0.11941177 0.36470588 0.47450980 0.63137255
v 0.03772640 0.06482357 -0.09894115 0.28627451 0.47843137 0.56862745
v 0.04435301 0.06482357 -0.05546367 0.14117647 0.16862745 0.21960784
v 0.04435301 0.06464094 0.03070593 0.60784314 0.66666667 0.70980392
v 0.04435301 0.06482357 0.02942407 0.60392157 0.66666667 0.71372549
v 0.04435301 0.06393683 0.03752947 0.62352941 0.65490196 0.70588235
v 0.04435301 0.06162500 0.04435301 0.62352941 0.63137255 0.69019608
v 0.03952062 0.07164711 -0.17399997 0.70196078 0.74509804 0.80000000
v 0.04284441 0.07164711 -0.05117649 0.14117647 0.16470588 0.19607843
v 0.04435301 0.07164711 -0.05191648 0.11764706 0.13725490 0.16862745
v 0.03933436 0.07164711 -0.00341177 0.43529412 0.49803922 0.54901961
v 0.03883415 0.07164711 0.00341183 0.48627451 0.58823529 0.63921569
v 0.04435301 0.07158417 0.01023537 0.51372549 0.64705882 0.70196078
v 0.04435301 0.07164711 0.00960165 0.51764706 0.64705882 0.69803922
v 0.04435301 0.07073152 0.01705885 0.47843137 0.63137255 0.70588235
v 0.04435301 0.06876016 0.02388239 0.50588235 0.63921569 0.71372549
v 0.03825969 0.07847065 -0.07164705 0.66274510 0.64313725 0.63921569
v 0.04435301 0.07394373 -0.05117649 0.11764706 0.12549020 0.15294118
v 0.04435301 0.07847065 -0.05089372 0.16078431 0.15294118 0.17647059
v 0.03924561 0.07847065 -0.01705885 0.80000000 0.78823529 0.78039216
v 0.04435301 0.07753569 -0.01023531 0.83921569 0.81568627 0.81176471
v 0.04435301 0.07847065 -0.01227385 0.84705882 0.82352941 0.81568627
v 0.04435301 0.07552576 -0.00341177 0.58823529 0.60000000 0.63529412
v 0.04435301 0.07512033 0.00341183 0.52549020 0.60000000 0.65490196
v 0.03806567 0.08529419 -0.10576469 0.63921569 0.63529412 0.64705882
v 0.03962290 0.08529419 -0.09894115 0.64313725 0.63921569 0.64705882
v 0.04088080 0.08529419 -0.09211767 0.65098039 0.64705882 0.65098039
v 0.04245877 0.08529419 -0.08529413 0.65490196 0.64313725 0.64705882
v 0.04319972 0.08529419 -0.07847059 0.65882353 0.64313725 0.63921569
v 0.04340881 0.08529419 -0.07164705 0.65490196 0.63529412 0.62745098
v 0.04268926 0.08529419 -0.06482351 0.63137255 0.61568627 0.60784314
v 0.04435301 0.08141690 -0.05117649 0.17647059 0.16862745 0.18431373
v 0.04220676 0.08529419 -0.05117649 0.19215686 0.18823529 0.20000000
v 0.04435301 0.08529419 -0.05362350 0.16862745 0.16078431 0.17647059
v 0.04435301 0.08306611 -0.01705885 0.77647059 0.73333333 0.73333333
v 0.04435301 0.08529419 -0.01901340 0.50196078 0.44705882 0.47843137
v 0.03790438 0.09211767 -0.11258823 0.63529412 0.62745098 0.62745098
v 0.03924507 0.09211767 -0.10576469 0.63921569 0.62745098 0.62745098
v 0.03918260 0.09211767 -0.09894115 0.64313725 0.63137255 0.62745098
v 0.03967363 0.09211767 -0.09211767 0.64313725 0.63529412 0.63137255
v 0.04134184 0.09211767 -0.08529413 0.64313725 0.63137255 0.62745098
v 0.04196417 0.09211767 -0.07847059 0.63137255 0.61960784 0.61176471
v 0.04036653 0.09211767 -0.07164705 0.58431373 0.56862745 0.56078431
v 0.03904229 0.09211767 -0.05117649 0.24313725 0.23921569 0.23921569
v 0.04435301 0.09211767 -0.05560488 0.14117647 0.13725490 0.13725490
v 0.04435301 0.09211767 -0.02059954 0.42352941 0.38039216 0.40000000
v 0.04435301 0.09894121 -0.05757886 0.32156863 0.31372549 0.30980392
v 0.04435301 0.09863985 -0.02388233 0.40000000 0.37254902 0.38431373
v 0.04435301 0.09894121 -0.02392828 0.40000000 0.37647059 0.38431373
v 0.04435301 0.10576475 -0.05501986 0.40784314 0.40000000 0.40392157
v 0.04435301 0.10576475 -0.02621782 0.47450980 0.46666667 0.48627451
v 0.03789937 0.11258829 -0.07164705 0.59607843 0.59607843 0.60784314
v 0.04435301 0.10811704 -0.05117649 0.41568627 0.40784314 0.41568627
v 0.04435301 0.11003250 -0.04435295 0.42352941 0.42745098 0.43921569
v 0.04435301 0.11081427 -0.03752941 0.41176471 0.43529412 0.45098039
v 0.04435301 0.11014557 -0.03070587 0.53725490 0.55294118 0.56470588
v 0.04519355 -0.16717649 -0.07164705 0.60784314 0.60000000 0.61568627
v 0.04883510 -0.16717649 -0.06482351 0.61176471 0.60784314 0.62745098
v 0.04547411 -0.16717649 -0.05799997 0.60000000 0.60000000 0.62352941
v 0.04460502 -0.16717649 -0.03752941 0.25882353 0.25098039 0.29803922
v 0.04527664 -0.16035295 -0.06482351 0.50980392 0.51372549 0.58039216
v 0.04625785 -0.16035295 -0.05799997 0.35294118 0.36470588 0.46274510
v 0.04844010 -0.16035295 -0.05117649 0.21568627 0.22745098 0.32941176
v 0.04974759 -0.16035295 -0.04435295 0.18823529 0.21960784 0.33725490
v 0.04911077 -0.16035295 -0.03752941 0.18039216 0.20392157 0.31372549
v 0.04927504 -0.15352941 -0.07164705 0.28235294 0.29019608 0.37647059
v 0.05117655 -0.15873301 -0.06482351 0.36470588 0.36862745 0.48627451
v 0.05117655 -0.15352941 -0.07082689 0.30588235 0.30980392 0.40000000
v 0.05117655 -0.15743631 -0.05799997 0.17254902 0.18039216 0.29411765
v 0.05117655 -0.15741050 -0.05117649 0.18823529 0.21960784 0.35294118
v 0.05117655 -0.15913516 -0.04435295 0.18039216 0.21960784 0.35294118
v 0.05117655 -0.15815753 -0.03752941 0.18823529 0.23137255 0.37647059
v 0.05117655 -0.15352941 -0.03175235 0.20392157 0.26274510 0.42745098
v 0.05073148 -0.15352941 -0.03070587 0.20392157 0.25882353 0.41568627
v 0.04729021 -0.15352941 -0.02388233 0.22352941 0.23921569 0.35686275
v 0.05110723 -0.14670587 -0.07164705 0.27450980 0.27843137 0.38823529
v 0.05117655 -0.14670587 -0.07163495 0.27843137 0.27843137 0.39215686
v 0.05117655 -0.15250027 -0.03070587 0.20000000 0.26666667 0.43529412
v 0.05117655 -0.14711601 -0.02388233 0.19607843 0.22352941 0.38039216
v 0.05117655 -0.14670587 -0.02332294 0.20392157 0.22745098 0.38431373
v 0.05059016 -0.14670587 -0.01705885 0.34901961 0.33333333 0.48235294
v 0.05040324 -0.14670587 -0.01023531 0.24705882 0.23921569 0.39215686
v 0.04878139 -0.14670587 -0.00341177 0.22745098 0.30196078 0.45490196
v 0.04819012 -0.14670587 0.00341183 0.17647059 0.30588235 0.48235294
v 0.04778391 -0.14670587 0.01023537 0.17254902 0.36078431 0.54901961
v 0.04625463 -0.14670587 0.01705885 0.18431373 0.39607843 0.57254902
v 0.04474336 -0.14670587 0.03070593 0.24705882 0.40000000 0.54509804
v 0.05117655 -0.13988233 -0.07090014 0.15686275 0.14117647 0.23137255
v 0.05117655 -0.14500701 -0.01705885 0.37647059 0.34901961 0.49019608
v 0.05117655 -0.14498234 -0.01023531 0.33333333 0.30196078 0.44705882
v 0.05117655 -0.14533162 -0.00341177 0.26666667 0.32549020 0.48627451
v 0.05117655 -0.14491332 0.00341183 0.21176471 0.32156863 0.50196078
v 0.05117655 -0.14447236 0.01023537 0.18039216 0.33333333 0.52549020
v 0.05117655 -0.14425808 0.01705885 0.19215686 0.35686275 0.54901961
v 0.05117655 -0.14509428 0.02388239 0.22352941 0.37647059 0.56078431
v 0.05117655 -0.14553601 0.03070593 0.29411765 0.42352941 0.58039216
v 0.05117655 -0.14612901 0.03752947 0.38823529 0.46274510 0.58431373
v 0.05117655 -0.14579135 0.04435301 0.39607843 0.43921569 0.54901961
v 0.05117655 -0.14266074 0.05117655 0.22352941 0.22352941 0.32549020
v 0.05117655 -0.13988233 0.05493027 0.25490196 0.23529412 0.32941176
v 0.05025589 -0.13988233 0.05800003 0.21960784 0.20392157 0.27843137
v 0.05117655 -0.13305885 -0.06951714 0.10980392 0.09019608 0.15294118
v 0.05117655 -0.13906074 0.05800003 0.25882353 0.23137255 0.31372549
v 0.05117655 -0.13640088 0.06482357 0.32549020 0.27843137 0.33725490
v 0.05117655 -0.13305885 0.06818211 0.32156863 0.29411765 0.35686275
v 0.05117655 -0.12623531 -0.06605059 0.13333333 0.09803922 0.15686275
v 0.05117655 -0.12623531 0.06831795 0.18823529 0.21568627 0.30980392
v 0.05117655 -0.12482440 -0.06482351 0.15686275 0.11764706 0.17647059
v 0.04900217 -0.11941177 -0.05799997 0.16470588 0.13333333 0.19607843
v 0.05117655 -0.12439007 -0.05799997 0.22352941 0.20784314 0.29803922
v 0.05117655 -0.11941177 -0.05758274 0.16078431 0.14117647 0.20784314
v 0.05117655 -0.11941177 0.06828183 0.12549020 0.17647059 0.28235294
v 0.04533505 -0.11941177 0.07164711 0.56470588 0.59607843 0.65490196
v 0.05117655 -0.11258823 -0.05302900 0.38823529 0.36470588 0.47058824
v 0.05117655 -0.11258823 0.07081628 0.65098039 0.67058824 0.72941176
v 0.04988873 -0.11258823 0.07164711 0.67058824 0.68235294 0.72941176
v 0.05117655 -0.11079961 -0.05117649 0.40392157 0.38039216 0.49411765
v 0.05117655 -0.10576469 -0.04929984 0.09411765 0.07843137 0.15294118
v 0.05117655 -0.11080891 0.07164711 0.69019608 0.69019608 0.73725490
v 0.05117655 -0.10576469 0.07470173 0.70196078 0.65490196 0.67843137
v 0.04506248 -0.10576469 0.07847065 0.68627451 0.62352941 0.62352941
v 0.04874790 -0.09894115 -0.18082350 0.51372549 0.60784314 0.76862745
v 0.04888290 -0.09894115 -0.17399997 0.60392157 0.68235294 0.80784314
v 0.04549289 -0.09894115 -0.16717649 0.29803922 0.41568627 0.63529412
v 0.04600793 -0.09894115 -0.16035295 0.26666667 0.39607843 0.61960784
v 0.04736871 -0.09894115 -0.15352941 0.29411765 0.46274510 0.68627451
v 0.04784548 -0.09894115 -0.14670587 0.31764706 0.49411765 0.70980392
v 0.04655761 -0.09894115 -0.13988233 0.27450980 0.41568627 0.64313725
v 0.04680371 -0.09894115 -0.13305885 0.29803922 0.40784314 0.62352941
v 0.04959077 -0.09894115 -0.12623531 0.50588235 0.60784314 0.77254902
v 0.04958516 -0.09894115 -0.11941177 0.58431373 0.67450980 0.80392157
v 0.04749089 -0.09894115 -0.11258823 0.32941176 0.45490196 0.66666667
v 0.04709941 -0.09894115 -0.10576469 0.27058824 0.42352941 0.63921569
v 0.04833138 -0.09894115 -0.09894115 0.28627451 0.48235294 0.69019608
v 0.04864836 -0.09894115 -0.09211767 0.31372549 0.51372549 0.71372549
v 0.04559630 -0.09894115 -0.08529413 0.23529412 0.39607843 0.59607843
v 0.05076510 -0.09894115 -0.05117649 0.15686275 0.21568627 0.34901961
v 0.05117655 -0.09894115 -0.05079561 0.15686275 0.21176471 0.34901961
v 0.05117655 -0.09894115 0.07656628 0.67843137 0.61960784 0.65882353
v 0.04788333 -0.09894115 0.07847065 0.67058824 0.61176471 0.63137255
v 0.04834241 -0.09211767 -0.23541176 0.48627451 0.58431373 0.76470588
v 0.04808456 -0.09211767 -0.22858822 0.64705882 0.71764706 0.82745098
v 0.04582983 -0.09211767 -0.22176468 0.27843137 0.39215686 0.63921569
v 0.04513329 -0.09211767 -0.21494114 0.22745098 0.35294118 0.61176471
v 0.04657090 -0.09211767 -0.20811766 0.24313725 0.40784314 0.66666667
v 0.04741913 -0.09211767 -0.20129412 0.25098039 0.41568627 0.67843137
v 0.04694569 -0.09211767 -0.19447058 0.22352941 0.34901961 0.61960784
v 0.04735595 -0.09211767 -0.18764704 0.24705882 0.34901961 0.61176471
v 0.05007231 -0.09211767 -0.18082350 0.45098039 0.55294118 0.76078431
v 0.04978645 -0.09211767 -0.17399997 0.56078431 0.65098039 0.80392157
v 0.04881388 -0.09211767 -0.16717649 0.26666667 0.37254902 0.64313725
v 0.04881364 -0.09211767 -0.16035295 0.23529412 0.35686275 0.63137255
v 0.04958558 -0.09211767 -0.15352941 0.25098039 0.40392157 0.68235294
v 0.04982382 -0.09211767 -0.14670587 0.27450980 0.43921569 0.71372549
v 0.04915392 -0.09211767 -0.13988233 0.23529412 0.37254902 0.65490196
v 0.04918575 -0.09211767 -0.13305885 0.26274510 0.37254902 0.64313725
v 0.05052364 -0.09211767 -0.12623531 0.43137255 0.54901961 0.76862745
v 0.05045438 -0.09211767 -0.11941177 0.52941176 0.64705882 0.80000000
v 0.05021727 -0.09211767 -0.11258823 0.30980392 0.44313725 0.70980392
v 0.04946786 -0.09211767 -0.10576469 0.23921569 0.39607843 0.66666667
v 0.05027413 -0.09211767 -0.09894115 0.26274510 0.46666667 0.72156863
v 0.05063087 -0.09211767 -0.09211767 0.30588235 0.51372549 0.73725490
v 0.05014634 -0.09211767 -0.08529413 0.27843137 0.44313725 0.66274510
v 0.04862332 -0.09211767 -0.07847059 0.25490196 0.37254902 0.58039216
v 0.04539943 -0.09211767 -0.06482351 0.23137255 0.28627451 0.42352941
v 0.05005765 -0.09211767 -0.05799997 0.18431373 0.24705882 0.38431373
v 0.05117655 -0.09745032 -0.05117649 0.18431373 0.27450980 0.41568627
v 0.05117655 -0.09211767 -0.05568010 0.18431373 0.25098039 0.39215686
v 0.05117655 -0.09211767 0.07845187 0.63921569 0.60392157 0.62745098
v 0.05115068 -0.09211767 0.07847065 0.63921569 0.60392157 0.62745098
v 0.04669607 -0.08529413 -0.20811766 0.21568627 0.29411765 0.56470588
v 0.04759407 -0.08529413 -0.20129412 0.21568627 0.29019608 0.56470588
v 0.04500401 -0.08529413 -0.19447058 0.22745098 0.29411765 0.57254902
v 0.04619181 -0.08529413 -0.18082350 0.25490196 0.30980392 0.61176471
v 0.04779321 -0.08529413 -0.17399997 0.26274510 0.32156863 0.62745098
v 0.04612416 -0.08529413 -0.16717649 0.24313725 0.29803922 0.60784314
v 0.04766554 -0.08529413 -0.16035295 0.21960784 0.27450980 0.57254902
v 0.04931211 -0.08529413 -0.15352941 0.22745098 0.29803922 0.59215686
v 0.04958433 -0.08529413 -0.14670587 0.23529412 0.30980392 0.60000000
v 0.04862386 -0.08529413 -0.13988233 0.23921569 0.30196078 0.60392157
v 0.04775506 -0.08529413 -0.13305885 0.29411765 0.35686275 0.66666667
v 0.04832691 -0.08529413 -0.12623531 0.27450980 0.33333333 0.63921569
v 0.04921120 -0.08529413 -0.11941177 0.28627451 0.34509804 0.64705882
v 0.04844433 -0.08529413 -0.11258823 0.31764706 0.38039216 0.67843137
v 0.04955310 -0.08529413 -0.10576469 0.25882353 0.32549020 0.61568627
v 0.05037564 -0.08529413 -0.09894115 0.25098039 0.32941176 0.60392157
v 0.05072224 -0.08529413 -0.09211767 0.27843137 0.35686275 0.61176471
v 0.05049491 -0.08529413 -0.08529413 0.27843137 0.32549020 0.56862745
v 0.04927796 -0.08529413 -0.07847059 0.25098039 0.26666667 0.50196078
v 0.04624224 -0.08529413 -0.07164705 0.26666667 0.26274510 0.47058824
v 0.04779911 -0.08529413 -0.06482351 0.28235294 0.25882353 0.44313725
v 0.05059582 -0.08529413 -0.05799997 0.23529412 0.22352941 0.37254902
v 0.05117655 -0.08529413 -0.05618614 0.22352941 0.21176471 0.35294118
v 0.05117655 -0.09209049 0.07847065 0.63921569 0.60392157 0.62745098
v 0.05117655 -0.08529413 0.08491355 0.64705882 0.55686275 0.52156863
v 0.05072463 -0.08529413 0.08529419 0.64705882 0.55686275 0.51764706
v 0.04693031 -0.08529413 0.09211767 0.61176471 0.53333333 0.49411765
v 0.04594600 -0.07847059 -0.20129412 0.19607843 0.25490196 0.48627451
v 0.04485732 -0.07847059 -0.18764704 0.60000000 0.67450980 0.81960784
v 0.04616857 -0.07847059 -0.18082350 0.27450980 0.32941176 0.64705882
v 0.04773611 -0.07847059 -0.17399997 0.25882353 0.31372549 0.64313725
v 0.04681003 -0.07847059 -0.16717649 0.61960784 0.69411765 0.83529412
v 0.04615706 -0.07847059 -0.16035295 0.54117647 0.63137255 0.79607843
v 0.04825670 -0.07847059 -0.15352941 0.22352941 0.29019608 0.54901961
v 0.04928678 -0.07847059 -0.14670587 0.20784314 0.27058824 0.52156863
v 0.04774904 -0.07847059 -0.13988233 0.54117647 0.63137255 0.80000000
v 0.04888958 -0.07847059 -0.13305885 0.64705882 0.72156863 0.84705882
v 0.04907793 -0.07847059 -0.12623531 0.30588235 0.38039216 0.68627451
v 0.04955196 -0.07847059 -0.11941177 0.28627451 0.35686275 0.67058824
v 0.04999131 -0.07847059 -0.11258823 0.58823529 0.67058824 0.82352941
v 0.04940075 -0.07847059 -0.10576469 0.48235294 0.56470588 0.76470588
v 0.05019248 -0.07847059 -0.09894115 0.22745098 0.27450980 0.54509804
v 0.05063504 -0.07847059 -0.09211767 0.22745098 0.27058824 0.52156863
v 0.05018371 -0.07847059 -0.08529413 0.29803922 0.36078431 0.61176471
v 0.04959655 -0.07847059 -0.07847059 0.41568627 0.49411765 0.70588235
v 0.05009151 -0.07847059 -0.07164705 0.41960784 0.49803922 0.70588235
v 0.05107397 -0.07847059 -0.06482351 0.45490196 0.53333333 0.70588235
v 0.05117655 -0.08303261 -0.05799997 0.31372549 0.30588235 0.47058824
v 0.05117655 -0.07847059 -0.06414431 0.46666667 0.54509804 0.70980392
v 0.05117655 -0.08465242 0.08529419 0.64313725 0.55686275 0.51764706
v 0.05117655 -0.08136940 0.09211767 0.60000000 0.52549020 0.47450980
v 0.05117655 -0.08242220 0.09894121 0.58823529 0.52156863 0.47450980
v 0.05117655 -0.08396518 0.10576475 0.58431373 0.53333333 0.50588235
v 0.04461932 -0.07847059 0.11258829 0.54509804 0.52941176 0.50588235
v 0.05117655 -0.08418846 0.11258829 0.55686275 0.54117647 0.53725490
v 0.05117655 -0.08377898 0.11941183 0.48627451 0.52156863 0.54901961
v 0.04530340 -0.07847059 0.11941183 0.52156863 0.52549020 0.52549020
v 0.05117655 -0.08372724 0.12623537 0.46666667 0.52549020 0.57254902
v 0.04534191 -0.07847059 0.12623537 0.53333333 0.54901961 0.56078431
v 0.05117655 -0.08380014 0.13305891 0.48627451 0.54509804 0.60392157
v 0.04523808 -0.07847059 0.13305891 0.54901961 0.56470588 0.58823529
v 0.05117655 -0.08233148 0.13988245 0.52156863 0.56078431 0.61568627
v 0.04710335 -0.07847059 0.13988245 0.55686275 0.57647059 0.61176471
v 0.05117655 -0.07847059 0.14484727 0.57254902 0.59215686 0.62745098
v 0.04566932 -0.07164705 -0.24223530 0.67058824 0.72156863 0.83529412
v 0.04516929 -0.07164705 -0.22858822 0.30980392 0.35686275 0.67058824
v 0.04696023 -0.07164705 -0.22176468 0.65490196 0.70980392 0.84313725
v 0.04812115 -0.07164705 -0.21494114 0.61568627 0.69411765 0.81176471
v 0.04463279 -0.07164705 -0.20811766 0.28627451 0.36862745 0.53333333
v 0.04655099 -0.07164705 -0.20129412 0.21960784 0.28235294 0.44705882
v 0.04795825 -0.07164705 -0.19447058 0.56862745 0.66666667 0.78823529
v 0.04947907 -0.07164705 -0.18764704 0.62745098 0.69803922 0.83529412
v 0.04846328 -0.07164705 -0.18082350 0.39215686 0.46666667 0.75294118
v 0.04938895 -0.07164705 -0.17399997 0.32549020 0.40000000 0.71764706
v 0.04980350 -0.07164705 -0.16717649 0.64705882 0.71764706 0.85098039
v 0.04994714 -0.07164705 -0.16035295 0.62352941 0.71764706 0.82745098
v 0.04941529 -0.07164705 -0.15352941 0.25490196 0.34117647 0.54117647
v 0.05011213 -0.07164705 -0.14670587 0.22745098 0.30588235 0.49411765
v 0.05043578 -0.07164705 -0.13988233 0.59607843 0.70196078 0.81960784
v 0.05111670 -0.07164705 -0.13305885 0.62745098 0.71764706 0.84313725
v 0.05054355 -0.07164705 -0.12623531 0.32941176 0.43137255 0.73333333
v 0.05077207 -0.07164705 -0.11941177 0.29803922 0.39215686 0.70980392
v 0.05117655 -0.07588184 -0.11258823 0.58039216 0.66666667 0.82352941
v 0.05117655 -0.07164705 -0.11743075 0.47843137 0.58431373 0.81568627
v 0.05117655 -0.07213515 -0.10576469 0.49411765 0.60392157 0.78039216
v 0.05117655 -0.07717144 -0.09894115 0.27843137 0.34901961 0.60392157
v 0.05117655 -0.07772982 -0.09211767 0.23137255 0.28235294 0.53333333
v 0.05117655 -0.07520169 -0.08529413 0.28235294 0.36862745 0.61960784
v 0.05117655 -0.07584244 -0.07847059 0.44705882 0.55686275 0.74901961
v 0.05117655 -0.07411706 -0.07164705 0.32941176 0.46274510 0.70980392
v 0.05117655 -0.07817250 -0.06482351 0.45490196 0.53725490 0.70980392
v 0.05117655 -0.07788742 0.14670599 0.57254902 0.59607843 0.63137255
v 0.04501271 -0.07164705 0.14670599 0.59215686 0.60000000 0.61960784
v 0.05117655 -0.07164705 0.15324616 0.59215686 0.61960784 0.64313725
v 0.04504973 -0.06482351 -0.24223530 0.69411765 0.74117647 0.83921569
v 0.04632598 -0.06482351 -0.22858822 0.32941176 0.38039216 0.69019608
v 0.04657006 -0.06482351 -0.22176468 0.67450980 0.72941176 0.84705882
v 0.04795265 -0.06482351 -0.21494114 0.64705882 0.72156863 0.81960784
v 0.04565388 -0.06482351 -0.20811766 0.28235294 0.35294118 0.51764706
v 0.04737526 -0.06482351 -0.20129412 0.23529412 0.29803922 0.45490196
v 0.04785526 -0.06482351 -0.19447058 0.59607843 0.68235294 0.79607843
v 0.04921389 -0.06482351 -0.18764704 0.66666667 0.72941176 0.84705882
v 0.04911888 -0.06482351 -0.18082350 0.36078431 0.43529412 0.73333333
v 0.04991454 -0.06482351 -0.17399997 0.32156863 0.39607843 0.70980392
v 0.04963839 -0.06482351 -0.16717649 0.68235294 0.74901961 0.85882353
v 0.04999793 -0.06482351 -0.16035295 0.65490196 0.73725490 0.83529412
v 0.04999423 -0.06482351 -0.15352941 0.26666667 0.34509804 0.53333333
v 0.05069280 -0.06482351 -0.14670587 0.25098039 0.32156863 0.50196078
v 0.05060744 -0.06482351 -0.13988233 0.61568627 0.70980392 0.81960784
v 0.05117655 -0.06969523 -0.13305885 0.60784314 0.70980392 0.83921569
v 0.05117655 -0.06482351 -0.13503683 0.64313725 0.73333333 0.83921569
v 0.05117655 -0.06482351 -0.13090765 0.64313725 0.72941176 0.85882353
v 0.05090201 -0.06482351 -0.12623531 0.30980392 0.40784314 0.71372549
v 0.05111390 -0.06482351 -0.11941177 0.27058824 0.36078431 0.68235294
v 0.05117655 -0.06482351 -0.11879885 0.30196078 0.40000000 0.70980392
v 0.05117655 -0.07138693 0.15352941 0.59215686 0.61960784 0.64705882
v 0.04490751 -0.06482351 0.15352941 0.62352941 0.62745098 0.64313725
v 0.05117655 -0.06482351 0.15960014 0.60392157 0.64313725 0.67843137
v 0.04479027 -0.05799997 -0.25588232 0.28627451 0.32941176 0.53725490
v 0.04612958 -0.05799997 -0.23541176 0.30588235 0.35686275 0.64313725
v 0.04785866 -0.05799997 -0.22858822 0.30588235 0.36470588 0.65490196
v 0.04794216 -0.05799997 -0.20811766 0.26666667 0.31372549 0.55294118
v 0.04941982 -0.05799997 -0.20129412 0.28627451 0.33333333 0.56862745
v 0.04519141 -0.05799997 -0.18764704 0.47843137 0.54117647 0.75686275
v 0.04964668 -0.05799997 -0.18082350 0.30588235 0.37254902 0.66666667
v 0.05016500 -0.05799997 -0.17399997 0.30588235 0.37254902 0.67058824
v 0.04800594 -0.05799997 -0.16717649 0.51372549 0.58039216 0.78823529
v 0.04742599 -0.05799997 -0.16035295 0.49019608 0.54509804 0.74509804
v 0.05043912 -0.05799997 -0.15352941 0.29019608 0.33333333 0.57254902
v 0.05112070 -0.05799997 -0.14670587 0.30196078 0.34509804 0.57254902
v 0.04892743 -0.05799997 -0.13988233 0.51372549 0.57254902 0.76470588
v 0.04970741 -0.05799997 -0.13305885 0.65490196 0.71764706 0.84705882
v 0.05117655 -0.06371140 -0.13305885 0.66666667 0.74509804 0.85098039
v 0.05099970 -0.05799997 -0.12623531 0.30196078 0.37647059 0.66666667
v 0.05117655 -0.06128955 -0.11941177 0.28235294 0.36078431 0.66666667
v 0.05117655 -0.05799997 -0.12131923 0.27450980 0.34117647 0.64313725
v 0.05117655 -0.06147236 -0.11258823 0.64313725 0.72156863 0.84705882
v 0.05117655 -0.05799997 -0.11885607 0.28235294 0.35686275 0.64705882
v 0.04992712 -0.05799997 -0.11258823 0.57254902 0.65098039 0.81568627
v 0.05031687 -0.05799997 -0.10576469 0.36470588 0.44705882 0.67450980
v 0.05117655 -0.06415504 -0.10576469 0.50588235 0.61568627 0.78039216
v 0.05117655 -0.05799997 -0.10375196 0.27843137 0.34509804 0.58823529
v 0.05117655 -0.06285125 0.16035295 0.61568627 0.64705882 0.68235294
v 0.04651332 -0.05799997 0.16035295 0.65098039 0.66274510 0.69019608
v 0.05117655 -0.05799997 0.16460836 0.59607843 0.63137255 0.68627451
v 0.04552215 -0.05117649 -0.26270586 0.33333333 0.41176471 0.65882353
v 0.04752272 -0.05117649 -0.25588232 0.38431373 0.47058824 0.71372549
v 0.04842305 -0.05117649 -0.24905878 0.41960784 0.45882353 0.69019608
v 0.04848361 -0.05117649 -0.24223530 0.34901961 0.40000000 0.63921569
v 0.04963660 -0.05117649 -0.23541176 0.36862745 0.44705882 0.67058824
v 0.05029488 -0.05117649 -0.22858822 0.41176471 0.50588235 0.70196078
v 0.04953754 -0.05117649 -0.22176468 0.33725490 0.39215686 0.63921569
v 0.04988450 -0.05117649 -0.21494114 0.37647059 0.42352941 0.66666667
v 0.05001259 -0.05117649 -0.20811766 0.37647059 0.43921569 0.68627451
v 0.05025411 -0.05117649 -0.20129412 0.36862745 0.44705882 0.70196078
v 0.05039287 -0.05117649 -0.19447058 0.37254902 0.41176471 0.66274510
v 0.05041850 -0.05117649 -0.18764704 0.32941176 0.38039216 0.63921569
v 0.05086601 -0.05117649 -0.18082350 0.36078431 0.44705882 0.68235294
v 0.05103362 -0.05117649 -0.17399997 0.36862745 0.46274510 0.69411765
v 0.05081809 -0.05117649 -0.16717649 0.32941176 0.37647059 0.63529412
v 0.05086786 -0.05117649 -0.16035295 0.35686275 0.38431373 0.63529412
v 0.05103546 -0.05117649 -0.15352941 0.35686275 0.40784314 0.66274510
v 0.05117655 -0.05394024 -0.14670587 0.35294118 0.37647059 0.61960784
v 0.05117655 -0.05117649 -0.14791316 0.36470588 0.45490196 0.69803922
v 0.05117655 -0.05117649 -0.14544487 0.34901961 0.40392157 0.65882353
v 0.05105841 -0.05117649 -0.13988233 0.35294118 0.37647059 0.62745098
v 0.05116260 -0.05117649 -0.13305885 0.31764706 0.35686275 0.62352941
v 0.05117655 -0.05570179 -0.12623531 0.30196078 0.36862745 0.65490196
v 0.05117655 -0.05117649 -0.13267946 0.31764706 0.35686275 0.62352941
v 0.05117655 -0.05439460 -0.11258823 0.27058824 0.33333333 0.60392157
v 0.05117655 -0.05616081 -0.10576469 0.29411765 0.35686275 0.60000000
v 0.04446542 -0.05117649 0.15352941 0.73725490 0.67450980 0.64705882
v 0.04505396 -0.05117649 0.16035295 0.73725490 0.70196078 0.71764706
v 0.05117655 -0.05117649 0.16610968 0.65098039 0.67058824 0.71764706
v 0.04556155 -0.04435295 -0.28999996 0.59215686 0.66274510 0.76470588
v 0.04530424 -0.04435295 -0.28317648 0.69019608 0.74901961 0.81176471
v 0.04789758 -0.04435295 -0.27635294 0.39607843 0.46274510 0.64705882
v 0.04845762 -0.04435295 -0.26952940 0.38823529 0.47450980 0.67058824
v 0.04864192 -0.04435295 -0.26270586 0.47058824 0.60784314 0.80392157
v 0.04910541 -0.04435295 -0.25588232 0.53725490 0.67450980 0.84313725
v 0.04958391 -0.04435295 -0.24905878 0.38039216 0.47450980 0.68235294
v 0.04998767 -0.04435295 -0.24223530 0.35686275 0.41176471 0.61960784
v 0.04988956 -0.04435295 -0.23541176 0.58431373 0.65882353 0.76470588
v 0.04920018 -0.04435295 -0.22858822 0.66274510 0.72941176 0.80000000
v 0.05056524 -0.04435295 -0.22176468 0.36078431 0.43137255 0.63921569
v 0.05065477 -0.04435295 -0.21494114 0.32549020 0.41176471 0.63921569
v 0.05066675 -0.04435295 -0.20811766 0.38431373 0.54509804 0.77254902
v 0.05078006 -0.04435295 -0.20129412 0.42745098 0.60784314 0.80784314
v 0.05097222 -0.04435295 -0.19447058 0.31372549 0.40784314 0.65490196
v 0.05115390 -0.04435295 -0.18764704 0.33333333 0.38431373 0.61568627
v 0.05117655 -0.04796588 -0.18082350 0.43921569 0.54901961 0.72549020
v 0.05117655 -0.04435295 -0.18722326 0.34117647 0.39215686 0.62352941
v 0.05117655 -0.04932863 -0.17399997 0.43137255 0.54509804 0.72549020
v 0.05117655 -0.04808640 -0.16717649 0.33725490 0.38039216 0.62745098
v 0.05117655 -0.04789948 -0.16035295 0.34509804 0.38431373 0.63529412
v 0.05117655 -0.04821259 -0.15352941 0.36862745 0.47450980 0.72156863
v 0.05117655 -0.04990083 -0.13988233 0.35294118 0.38039216 0.62745098
v 0.05117655 -0.05107921 -0.13305885 0.32156863 0.35686275 0.61960784
v 0.04516435 -0.04435295 0.15352941 0.68627451 0.63137255 0.61960784
v 0.04517263 -0.04435295 0.16035295 0.75294118 0.73725490 0.74901961
v 0.05117655 -0.04435295 0.16622901 0.68235294 0.71372549 0.75686275
v 0.04457140 -0.03752941 -0.29682350 0.30980392 0.36862745 0.58431373
v 0.04649776 -0.03752941 -0.28999996 0.60000000 0.66274510 0.76470588
v 0.04546696 -0.03752941 -0.28317648 0.69803922 0.75294118 0.81176471
v 0.04848832 -0.03752941 -0.27635294 0.40784314 0.47450980 0.64705882
v 0.04896444 -0.03752941 -0.26952940 0.40392157 0.49019608 0.67450980
v 0.04902220 -0.03752941 -0.26270586 0.48627451 0.62352941 0.80784314
v 0.04934961 -0.03752941 -0.25588232 0.54509804 0.68235294 0.84313725
v 0.04976201 -0.03752941 -0.24905878 0.37647059 0.47450980 0.68235294
v 0.05012083 -0.03752941 -0.24223530 0.34901961 0.40784314 0.61176471
v 0.04999316 -0.03752941 -0.23541176 0.57254902 0.65098039 0.75686275
v 0.04932278 -0.03752941 -0.22858822 0.65490196 0.72549020 0.79607843
v 0.05064011 -0.03752941 -0.22176468 0.35686275 0.42745098 0.63137255
v 0.05075651 -0.03752941 -0.21494114 0.32156863 0.41176471 0.63529412
v 0.05076128 -0.03752941 -0.20811766 0.38431373 0.55294118 0.77254902
v 0.05085462 -0.03752941 -0.20129412 0.42745098 0.61568627 0.80784314
v 0.05102283 -0.03752941 -0.19447058 0.31372549 0.41176471 0.65490196
v 0.05117655 -0.04217476 -0.18764704 0.32941176 0.38823529 0.61960784
v 0.05117655 -0.03752941 -0.18906063 0.31764706 0.37647059 0.61176471
v 0.04451704 -0.03752941 0.15352941 0.73333333 0.68235294 0.66666667
v 0.04534459 -0.03752941 0.16035295 0.69411765 0.67058824 0.68235294
v 0.05117655 -0.03752941 0.16644478 0.68627451 0.71764706 0.76470588
v 0.04735762 -0.03070587 -0.28317648 0.43921569 0.51764706 0.69019608
v 0.04682136 -0.03070587 -0.27635294 0.36470588 0.41176471 0.63137255
v 0.04757369 -0.03070587 -0.26952940 0.43137255 0.47450980 0.69019608
v 0.04752660 -0.03070587 -0.26270586 0.41176471 0.48235294 0.70980392
v 0.04866523 -0.03070587 -0.25588232 0.43137255 0.51372549 0.73333333
v 0.04956007 -0.03070587 -0.24905878 0.47450980 0.51372549 0.71764706
v 0.04975909 -0.03070587 -0.24223530 0.38039216 0.43529412 0.65490196
v 0.05023015 -0.03070587 -0.23541176 0.38039216 0.45882353 0.66274510
v 0.05069113 -0.03070587 -0.22858822 0.39607843 0.48627451 0.68235294
v 0.05036360 -0.03070587 -0.22176468 0.35294118 0.41176471 0.63921569
v 0.05053908 -0.03070587 -0.21494114 0.39607843 0.44313725 0.67450980
v 0.05040824 -0.03070587 -0.20811766 0.39215686 0.46666667 0.70196078
v 0.05058205 -0.03070587 -0.20129412 0.38431373 0.47843137 0.71372549
v 0.05084682 -0.03070587 -0.19447058 0.38823529 0.43137255 0.66666667
v 0.05096632 -0.03070587 -0.18764704 0.34509804 0.40000000 0.64705882
v 0.05117655 -0.03624398 -0.18764704 0.32941176 0.37254902 0.61176471
v 0.05117655 -0.03070587 -0.18228757 0.35294118 0.42745098 0.66666667
v 0.05117655 -0.03106308 -0.16035295 0.36470588 0.39215686 0.63529412
v 0.05117655 -0.03070587 -0.16160750 0.35686275 0.38823529 0.63529412
v 0.05115896 -0.03070587 -0.16035295 0.36470588 0.39215686 0.63921569
v 0.05117655 -0.03070587 -0.15486991 0.37254902 0.41568627 0.65882353
v 0.04507548 -0.03070587 0.15352941 0.58431373 0.47843137 0.45882353
v 0.04547536 -0.03070587 0.16035295 0.68235294 0.64313725 0.66666667
v 0.05117655 -0.03070587 0.16660213 0.67450980 0.69803922 0.74901961
v 0.04779249 -0.02388233 -0.25588232 0.34117647 0.39215686 0.59607843
v 0.04948610 -0.02388233 -0.23541176 0.37254902 0.43529412 0.69019608
v 0.05007446 -0.02388233 -0.22858822 0.35686275 0.42352941 0.67843137
v 0.04832786 -0.02388233 -0.22176468 0.37254902 0.43137255 0.69803922
v 0.04593396 -0.02388233 -0.21494114 0.40784314 0.45882353 0.67843137
v 0.04948997 -0.02388233 -0.20811766 0.34901961 0.40000000 0.62352941
v 0.05036092 -0.02388233 -0.20129412 0.34901961 0.40000000 0.61568627
v 0.04741728 -0.02388233 -0.19447058 0.47058824 0.52549020 0.72549020
v 0.04895800 -0.02388233 -0.18764704 0.41960784 0.48235294 0.72941176
v 0.05088872 -0.02388233 -0.18082350 0.34509804 0.41960784 0.69019608
v 0.05117655 -0.02914232 -0.18082350 0.34901961 0.42745098 0.67450980
v 0.05117655 -0.02388233 -0.17617911 0.31764706 0.38431373 0.66274510
v 0.05117655 -0.02952003 -0.16717649 0.34117647 0.39215686 0.65098039
v 0.05117655 -0.02388233 -0.17283142 0.33725490 0.41176471 0.68235294
v 0.05005103 -0.02388233 -0.16717649 0.36078431 0.42352941 0.68235294
v 0.04887503 -0.02388233 -0.16035295 0.60000000 0.64705882 0.80392157
v 0.05084431 -0.02388233 -0.15352941 0.33333333 0.37647059 0.60000000
v 0.05117655 -0.03050464 -0.15352941 0.36078431 0.41176471 0.65882353
v 0.05117655 -0.02388233 -0.15139073 0.32941176 0.37647059 0.57647059
v 0.05117655 -0.02869892 -0.13988233 0.36862745 0.39215686 0.63137255
v 0.05117655 -0.02388233 -0.14344889 0.39215686 0.43921569 0.65882353
v 0.04970402 -0.02388233 -0.13988233 0.55294118 0.60392157 0.76862745
v 0.05015618 -0.02388233 -0.13305885 0.56470588 0.62352941 0.79215686
v 0.05117655 -0.02702266 -0.13305885 0.35294118 0.40000000 0.65098039
v 0.05117655 -0.02388233 -0.13027757 0.37254902 0.43529412 0.67843137
v 0.05117655 -0.02551961 -0.11258823 0.23921569 0.30588235 0.54901961
v 0.05117655 -0.02388233 -0.11405498 0.23921569 0.30588235 0.55686275
v 0.05059719 -0.02388233 -0.11258823 0.24705882 0.31372549 0.56470588
v 0.05035430 -0.02388233 -0.10576469 0.21960784 0.29019608 0.50980392
v 0.05117655 -0.02509922 -0.10576469 0.21568627 0.28235294 0.49411765
v 0.05117655 -0.02388233 -0.10039806 0.19215686 0.25490196 0.43921569
v 0.04560602 -0.02388233 0.15352941 0.37254902 0.32156863 0.32941176
v 0.04590154 -0.02388233 0.16035295 0.60392157 0.62352941 0.67058824
v 0.05117655 -0.02388233 0.16567945 0.64313725 0.69019608 0.74901961
v 0.04544175 -0.01705885 -0.28317648 0.36862745 0.41960784 0.67843137
v 0.04687369 -0.01705885 -0.25588232 0.29019608 0.35294118 0.48235294
v 0.04948187 -0.01705885 -0.23541176 0.44313725 0.50588235 0.74509804
v 0.05025959 -0.01705885 -0.22858822 0.40784314 0.47843137 0.72156863
v 0.04658008 -0.01705885 -0.21494114 0.76078431 0.80000000 0.85882353
v 0.04861772 -0.01705885 -0.20811766 0.34509804 0.42352941 0.58039216
v 0.05014968 -0.01705885 -0.20129412 0.31764706 0.38823529 0.53725490
v 0.04846102 -0.01705885 -0.19447058 0.74901961 0.79215686 0.85490196
v 0.04728937 -0.01705885 -0.18764704 0.71372549 0.76470588 0.86274510
v 0.05100644 -0.01705885 -0.18082350 0.36470588 0.44313725 0.71372549
v 0.05117655 -0.01705885 -0.17801207 0.32156863 0.40000000 0.68235294
v 0.05117655 -0.01705885 -0.17190516 0.36078431 0.43921569 0.70980392
v 0.04899514 -0.01705885 -0.16717649 0.65098039 0.71372549 0.84705882
v 0.05093443 -0.01705885 -0.16035295 0.74117647 0.79215686 0.85882353
v 0.05102229 -0.01705885 -0.15352941 0.36862745 0.45882353 0.61176471
v 0.05117655 -0.01705885 -0.15266711 0.32941176 0.41176471 0.56470588
v 0.05117655 -0.01705885 -0.14022928 0.69019608 0.75686275 0.82745098
v 0.05110973 -0.01705885 -0.13988233 0.70196078 0.76078431 0.83137255
v 0.05091029 -0.01705885 -0.13305885 0.73725490 0.78823529 0.86274510
v 0.05117655 -0.01705885 -0.13247037 0.72941176 0.78039216 0.86274510
v 0.05117655 -0.01705885 -0.11325735 0.24705882 0.32156863 0.58039216
v 0.05073327 -0.01705885 -0.11258823 0.25882353 0.33725490 0.59215686
v 0.04852492 -0.01705885 -0.10576469 0.54901961 0.65098039 0.78431373
v 0.04985422 -0.01705885 -0.09894115 0.38431373 0.50980392 0.63921569
v 0.05117655 -0.02189821 -0.09894115 0.14901961 0.20784314 0.38431373
v 0.05117655 -0.01705885 -0.09751427 0.56470588 0.66666667 0.74117647
v 0.04472333 -0.01705885 0.14670599 0.57647059 0.54901961 0.54117647
v 0.04620725 -0.01705885 0.15352941 0.33725490 0.35686275 0.38823529
v 0.04973626 -0.01705885 0.16035295 0.55294118 0.62352941 0.67843137
v 0.05117655 -0.01705885 0.16176128 0.60784314 0.67450980 0.72941176
v 0.04645193 -0.01023531 -0.25588232 0.30588235 0.36862745 0.49411765
v 0.04914033 -0.01023531 -0.23541176 0.47058824 0.52549020 0.76078431
v 0.05011421 -0.01023531 -0.22858822 0.43921569 0.50196078 0.74117647
v 0.04743886 -0.01023531 -0.21494114 0.76078431 0.80000000 0.85882353
v 0.04848003 -0.01023531 -0.20811766 0.36862745 0.44705882 0.59607843
v 0.05003685 -0.01023531 -0.20129412 0.32549020 0.40000000 0.54509804
v 0.04871637 -0.01023531 -0.19447058 0.74901961 0.79215686 0.85490196
v 0.04790294 -0.01023531 -0.18764704 0.73725490 0.78431373 0.87058824
v 0.05090249 -0.01023531 -0.18082350 0.38039216 0.45882353 0.72549020
v 0.05117655 -0.01023531 -0.17573249 0.32549020 0.40000000 0.68627451
v 0.05117655 -0.01023531 -0.17310333 0.36078431 0.44313725 0.71764706
v 0.04921079 -0.01023531 -0.16717649 0.69803922 0.75294118 0.86274510
v 0.05117655 -0.01025492 -0.16035295 0.72941176 0.78431373 0.85098039
v 0.05117655 -0.01023531 -0.16035694 0.72941176 0.78431373 0.85098039
v 0.05117655 -0.01023531 -0.16033769 0.72941176 0.78431373 0.85098039
v 0.05091029 -0.01023531 -0.15352941 0.38039216 0.47058824 0.61960784
v 0.05117655 -0.01023531 -0.15194333 0.31372549 0.39215686 0.53725490
v 0.05117655 -0.01288164 -0.13988233 0.69411765 0.76470588 0.82352941
v 0.05117655 -0.01023531 -0.13763171 0.72941176 0.78431373 0.84313725
v 0.05108953 -0.01023531 -0.13305885 0.74117647 0.78823529 0.86274510
v 0.05117655 -0.01023531 -0.13277239 0.74117647 0.78823529 0.86274510
v 0.05117655 -0.01023531 -0.11358565 0.27450980 0.34509804 0.60784314
v 0.05048800 -0.01023531 -0.11258823 0.30588235 0.38431373 0.63921569
v 0.04897898 -0.01023531 -0.10576469 0.58431373 0.67843137 0.80000000
v 0.05117655 -0.01094502 -0.09894115 0.59215686 0.69019608 0.76862745
v 0.05117655 -0.01023531 -0.09939218 0.47450980 0.59215686 0.70980392
v 0.04598451 -0.01023531 0.12623537 0.67843137 0.54509804 0.48627451
v 0.04844153 -0.01023531 0.14670599 0.42745098 0.46666667 0.50980392
v 0.05117655 -0.01063055 0.15352941 0.41960784 0.49803922 0.55294118
v 0.05117655 -0.01023531 0.15243590 0.41568627 0.49019608 0.54509804
v 0.05117655 -0.01560867 0.16035295 0.54509804 0.61960784 0.68235294
v 0.04610759 -0.00341177 -0.25588232 0.36470588 0.40784314 0.60392157
v 0.04795617 -0.00341177 -0.23541176 0.40000000 0.45490196 0.70980392
v 0.04923731 -0.00341177 -0.22858822 0.40784314 0.46666667 0.71764706
v 0.04505914 -0.00341177 -0.22176468 0.40784314 0.45882353 0.69411765
v 0.04842061 -0.00341177 -0.20811766 0.38431373 0.43137255 0.64313725
v 0.05001223 -0.00341177 -0.20129412 0.37254902 0.42352941 0.63529412
v 0.04580641 -0.00341177 -0.19447058 0.57254902 0.62352941 0.78039216
v 0.04756224 -0.00341177 -0.18764704 0.53725490 0.59607843 0.78823529
v 0.05034673 -0.00341177 -0.18082350 0.36078431 0.43137255 0.70588235
v 0.05085617 -0.00341177 -0.17399997 0.34117647 0.41176471 0.69411765
v 0.05117655 -0.00842047 -0.17399997 0.34509804 0.41960784 0.70196078
v 0.04906672 -0.00341177 -0.16717649 0.53725490 0.60392157 0.79607843
v 0.04834872 -0.00341177 -0.16035295 0.69411765 0.73725490 0.84313725
v 0.05117655 -0.01023161 -0.16035295 0.72941176 0.78431373 0.85098039
v 0.05043519 -0.00341177 -0.15352941 0.33725490 0.38823529 0.60392157
v 0.05117655 -0.00341177 -0.14841658 0.32941176 0.37254902 0.56078431
v 0.05117655 -0.00997412 -0.13988233 0.71372549 0.77254902 0.83921569
v 0.05117655 -0.00341177 -0.14539498 0.33333333 0.37647059 0.58823529
v 0.04940856 -0.00341177 -0.13988233 0.67843137 0.71764706 0.82352941
v 0.04997665 -0.00341177 -0.13305885 0.67450980 0.71764706 0.83529412
v 0.05117655 -0.00341177 -0.12834615 0.38039216 0.43921569 0.68627451
v 0.05117655 -0.00341177 -0.11526954 0.27843137 0.33725490 0.59607843
v 0.05005765 -0.00341177 -0.11258823 0.33725490 0.40392157 0.65098039
v 0.04968929 -0.00341177 -0.10576469 0.38039216 0.45882353 0.67450980
v 0.05117655 -0.00341177 -0.09963596 0.22352941 0.28235294 0.49019608
v 0.05117655 -0.00368869 0.08529419 0.65098039 0.60784314 0.59607843
v 0.05117655 -0.00341177 0.08456904 0.65490196 0.60392157 0.59215686
v 0.05007809 -0.00341177 0.08529419 0.64705882 0.60784314 0.60000000
v 0.05117655 -0.00430268 0.09211767 0.54509804 0.53725490 0.58039216
v 0.05117655 -0.00382829 0.09894121 0.52549020 0.53725490 0.58823529
v 0.05117655 -0.00341177 0.10448629 0.56470588 0.57647059 0.60784314
v 0.04945707 -0.00341177 0.11941183 0.58039216 0.58431373 0.58039216
v 0.05117655 -0.00526482 0.12623537 0.60392157 0.57254902 0.56078431
v 0.05117655 -0.00341177 0.12100512 0.58039216 0.58039216 0.57647059
v 0.05117655 -0.00464278 0.13305891 0.55686275 0.58039216 0.60392157
v 0.05117655 -0.00451916 0.13988245 0.52156863 0.57647059 0.62745098
v 0.05117655 -0.00715476 0.14670599 0.49019608 0.56078431 0.61176471
v 0.04528797 0.00341183 -0.26270586 0.36470588 0.45490196 0.68627451
v 0.04702055 0.00341183 -0.25588232 0.41960784 0.50980392 0.73333333
v 0.04779518 0.00341183 -0.24905878 0.45882353 0.51372549 0.73333333
v 0.04806268 0.00341183 -0.24223530 0.44313725 0.47843137 0.71764706
v 0.04926366 0.00341183 -0.23541176 0.44313725 0.50588235 0.72941176
v 0.04992390 0.00341183 -0.22858822 0.44313725 0.51764706 0.73333333
v 0.04918122 0.00341183 -0.22176468 0.42745098 0.47450980 0.71764706
v 0.04972363 0.00341183 -0.21494114 0.46666667 0.50980392 0.73725490
v 0.04963815 0.00341183 -0.20811766 0.42745098 0.50588235 0.74117647
v 0.05007374 0.00341183 -0.20129412 0.41960784 0.50980392 0.74509804
v 0.05030066 0.00341183 -0.19447058 0.42745098 0.47450980 0.71764706
v 0.05031788 0.00341183 -0.18764704 0.38823529 0.43529412 0.70196078
v 0.05092490 0.00341183 -0.18082350 0.38431373 0.47058824 0.71764706
v 0.05114925 0.00341183 -0.17399997 0.38431373 0.48235294 0.71764706
v 0.05056387 0.00341183 -0.16717649 0.35686275 0.40392157 0.67843137
v 0.05059946 0.00341183 -0.16035295 0.36470588 0.39215686 0.64705882
v 0.05064809 0.00341183 -0.15352941 0.34509804 0.38823529 0.63921569
v 0.05090135 0.00341183 -0.14670587 0.32941176 0.38823529 0.63921569
v 0.05117655 -0.00084215 -0.14670587 0.32549020 0.35294118 0.57647059
v 0.05077505 0.00341183 -0.13988233 0.35294118 0.37647059 0.62352941
v 0.05099148 0.00341183 -0.13305885 0.35294118 0.38039216 0.63529412
v 0.05117655 0.00341183 -0.13144147 0.35294118 0.38823529 0.64313725
v 0.05117655 0.00078988 -0.11258823 0.32941176 0.38431373 0.63529412
v 0.05117655 -0.00130802 -0.10576469 0.30588235 0.36078431 0.60000000
v 0.05117655 0.00231445 0.07847065 0.57647059 0.50980392 0.49019608
v 0.05117655 0.00341183 0.07828206 0.54509804 0.49019608 0.48235294
v 0.04959524 0.00341183 0.07847065 0.54509804 0.50196078 0.49803922
v 0.05117655 -0.00288022 0.10576475 0.56078431 0.57647059 0.61176471
v 0.05117655 -0.00200921 0.11258829 0.56078431 0.58431373 0.60784314
v 0.05117655 -0.00305432 0.11941183 0.57647059 0.58431373 0.58431373
v 0.04525280 0.01023537 -0.28999996 0.59215686 0.66274510 0.77254902
v 0.04525292 0.01023537 -0.28999996 0.59215686 0.66274510 0.77254902
v 0.04652947 0.01023537 -0.28317648 0.72156863 0.76862745 0.83137255
v 0.04608625 0.01023537 -0.27635294 0.36470588 0.45098039 0.66274510
v 0.04698718 0.01023537 -0.26952940 0.36078431 0.47450980 0.68235294
v 0.04710585 0.01023537 -0.26270586 0.41176471 0.58431373 0.79215686
v 0.04834163 0.01023537 -0.25588232 0.49411765 0.65490196 0.83529412
v 0.04897720 0.01023537 -0.24905878 0.42745098 0.54509804 0.74117647
v 0.04956400 0.01023537 -0.24223530 0.40392157 0.48627451 0.69019608
v 0.05035698 0.01023537 -0.23541176 0.60392157 0.67058824 0.78823529
v 0.04986423 0.01023537 -0.22858822 0.65490196 0.72156863 0.80392157
v 0.05015498 0.01023537 -0.22176468 0.39607843 0.47843137 0.68627451
v 0.05027622 0.01023537 -0.21494114 0.38039216 0.49411765 0.71372549
v 0.05029267 0.01023537 -0.20811766 0.44313725 0.61568627 0.81960784
v 0.05043983 0.01023537 -0.20129412 0.45882353 0.64313725 0.83137255
v 0.05074376 0.01023537 -0.19447058 0.34117647 0.46274510 0.71372549
v 0.05099314 0.01023537 -0.18764704 0.34509804 0.41960784 0.66274510
v 0.05117655 0.00565332 -0.18082350 0.40392157 0.50196078 0.72941176
v 0.05117655 0.01023537 -0.18598664 0.36862745 0.44705882 0.67843137
v 0.05117655 0.00377721 -0.17399997 0.38823529 0.49019608 0.72156863
v 0.05117655 0.00832826 -0.16717649 0.36862745 0.41568627 0.65882353
v 0.05117655 0.00882000 -0.16035295 0.32941176 0.40784314 0.65098039
v 0.05117655 0.01023537 -0.15801257 0.31372549 0.42352941 0.67450980
v 0.05101961 0.01023537 -0.15352941 0.35686275 0.53333333 0.76078431
v 0.05107498 0.01023537 -0.14670587 0.40000000 0.59607843 0.79215686
v 0.05117655 0.00793338 -0.13988233 0.32156863 0.39607843 0.64705882
v 0.05117655 0.01023537 -0.14362097 0.33725490 0.49019608 0.73333333
v 0.05117655 0.00450236 -0.13305885 0.34901961 0.37647059 0.62745098
v 0.05117655 0.01023537 0.07800972 0.38431373 0.43137255 0.48235294
v 0.04578835 0.01705885 -0.28317648 0.73725490 0.77647059 0.83921569
v 0.04530203 0.01705885 -0.26952940 0.30588235 0.42352941 0.66274510
v 0.04575580 0.01705885 -0.26270586 0.35294118 0.55294118 0.78039216
v 0.04750460 0.01705885 -0.25588232 0.45098039 0.63921569 0.83137255
v 0.04824883 0.01705885 -0.24905878 0.39215686 0.52156863 0.73725490
v 0.04906917 0.01705885 -0.24223530 0.40000000 0.48627451 0.69803922
v 0.05015558 0.01705885 -0.23541176 0.62352941 0.68627451 0.80392157
v 0.04961681 0.01705885 -0.22858822 0.67058824 0.73725490 0.81568627
v 0.04983884 0.01705885 -0.22176468 0.40000000 0.48235294 0.69803922
v 0.04994339 0.01705885 -0.21494114 0.37254902 0.49019608 0.71764706
v 0.05006897 0.01705885 -0.20811766 0.43921569 0.61960784 0.82352941
v 0.05024314 0.01705885 -0.20129412 0.46274510 0.65098039 0.83921569
v 0.05057180 0.01705885 -0.19447058 0.34117647 0.46274510 0.71764706
v 0.05084527 0.01705885 -0.18764704 0.34901961 0.42352941 0.67450980
v 0.05117655 0.01705885 -0.18451416 0.40000000 0.47843137 0.70980392
v 0.05117655 0.01631379 -0.16717649 0.36862745 0.44313725 0.67450980
v 0.05117655 0.01705885 -0.16739005 0.37254902 0.44313725 0.67843137
v 0.05116099 0.01705885 -0.16717649 0.36862745 0.43921569 0.67450980
v 0.05113620 0.01705885 -0.16035295 0.31764706 0.40784314 0.65882353
v 0.05117655 0.01478839 -0.16035295 0.30588235 0.41176471 0.65882353
v 0.05093312 0.01705885 -0.15352941 0.35686275 0.54117647 0.77254902
v 0.05097979 0.01705885 -0.14670587 0.40784314 0.60392157 0.80392157
v 0.05116338 0.01705885 -0.13988233 0.30196078 0.40784314 0.67058824
v 0.05117655 0.01628572 -0.13988233 0.29803922 0.41176471 0.67450980
v 0.05117655 0.01705885 -0.13966924 0.30196078 0.40784314 0.66666667
v 0.05117655 0.01705885 0.07764685 0.36862745 0.43137255 0.50196078
v 0.04467142 0.02388239 -0.24905878 0.33333333 0.41176471 0.68627451
v 0.04449558 0.02388239 -0.24223530 0.34117647 0.37647059 0.66274510
v 0.04607314 0.02388239 -0.23541176 0.38823529 0.45882353 0.72549020
v 0.04804236 0.02388239 -0.22858822 0.41568627 0.49019608 0.74509804
v 0.04710269 0.02388239 -0.22176468 0.35294118 0.39607843 0.68235294
v 0.04851270 0.02388239 -0.21494114 0.39607843 0.44705882 0.72156863
v 0.04877943 0.02388239 -0.20811766 0.37647059 0.48627451 0.75686275
v 0.04940212 0.02388239 -0.20129412 0.39215686 0.51372549 0.77647059
v 0.04964727 0.02388239 -0.19447058 0.38431373 0.44313725 0.71764706
v 0.04958588 0.02388239 -0.18764704 0.34509804 0.40000000 0.69019608
v 0.05038542 0.02388239 -0.18082350 0.38039216 0.47058824 0.73333333
v 0.05117655 0.01963300 -0.18082350 0.48627451 0.60000000 0.77254902
v 0.05070597 0.02388239 -0.17399997 0.38039216 0.48235294 0.73725490
v 0.05117655 0.02076709 -0.17399997 0.49803922 0.61960784 0.77647059
v 0.04993528 0.02388239 -0.16717649 0.31372549 0.36470588 0.66274510
v 0.05007541 0.02388239 -0.16035295 0.31764706 0.35686275 0.65098039
v 0.05010867 0.02388239 -0.15352941 0.31372549 0.38431373 0.67843137
v 0.05028158 0.02388239 -0.14670587 0.31764706 0.40392157 0.69411765
v 0.05031145 0.02388239 -0.13988233 0.31764706 0.34509804 0.63529412
v 0.05040365 0.02388239 -0.13305885 0.30588235 0.34117647 0.63529412
v 0.05117655 0.02099556 -0.13305885 0.33725490 0.36470588 0.63529412
v 0.05097306 0.02388239 -0.12623531 0.34509804 0.40784314 0.67450980
v 0.05117655 0.02356070 -0.12623531 0.35294118 0.41960784 0.67843137
v 0.05117655 0.02388239 -0.12055397 0.36470588 0.43921569 0.68627451
v 0.05117655 0.02330410 -0.11258823 0.32156863 0.36862745 0.62745098
v 0.05117655 0.02388239 -0.11830223 0.38039216 0.45490196 0.70196078
v 0.05098975 0.02388239 -0.11258823 0.30588235 0.35294118 0.61960784
v 0.05117655 0.02388239 -0.10963714 0.30588235 0.34901961 0.60784314
v 0.05117655 0.02351838 -0.07847059 0.16862745 0.19607843 0.39607843
v 0.05117655 0.02388239 -0.07914019 0.17647059 0.20784314 0.41568627
v 0.05108464 0.02388239 -0.07847059 0.17254902 0.20000000 0.40392157
v 0.05054897 0.02388239 -0.07164705 0.14509804 0.17647059 0.35686275
v 0.05117655 0.02164811 -0.07164705 0.09803922 0.11372549 0.24313725
v 0.05117655 0.02388239 -0.06830233 0.08627451 0.10588235 0.23921569
v 0.05117655 0.02388239 0.07582402 0.47843137 0.48235294 0.55294118
v 0.04568052 0.03070593 -0.20811766 0.29019608 0.37647059 0.64705882
v 0.04815382 0.03070593 -0.20129412 0.28627451 0.37254902 0.64705882
v 0.04754698 0.03070593 -0.18082350 0.30980392 0.37254902 0.70196078
v 0.04856974 0.03070593 -0.17399997 0.29803922 0.35686275 0.69803922
v 0.04599255 0.03070593 -0.16717649 0.56470588 0.64313725 0.83137255
v 0.04511654 0.03070593 -0.16035295 0.54901961 0.63137255 0.81176471
v 0.04898041 0.03070593 -0.15352941 0.26666667 0.34901961 0.63529412
v 0.05008328 0.03070593 -0.14670587 0.25490196 0.32941176 0.61176471
v 0.04740858 0.03070593 -0.13988233 0.58039216 0.65882353 0.82352941
v 0.04847306 0.03070593 -0.13305885 0.66274510 0.72549020 0.85490196
v 0.04962164 0.03070593 -0.12623531 0.36078431 0.42352941 0.71764706
v 0.05021095 0.03070593 -0.11941177 0.30196078 0.36078431 0.67058824
v 0.05117655 0.02439392 -0.11941177 0.36078431 0.43137255 0.68627451
v 0.04953349 0.03070593 -0.11258823 0.56078431 0.63921569 0.81568627
v 0.04949731 0.03070593 -0.10576469 0.34117647 0.41568627 0.67843137
v 0.05117655 0.02612841 -0.10576469 0.28235294 0.32941176 0.60000000
v 0.05083758 0.03070593 -0.09894115 0.21176471 0.26666667 0.53333333
v 0.05117655 0.02965784 -0.09894115 0.23921569 0.29019608 0.56078431
v 0.05117655 0.03070593 -0.09516656 0.25490196 0.31372549 0.56470588
v 0.05117655 0.02892822 -0.08529413 0.19607843 0.25098039 0.50196078
v 0.05117655 0.03070593 -0.08955848 0.18039216 0.23137255 0.48627451
v 0.05057502 0.03070593 -0.08529413 0.19215686 0.25490196 0.51372549
v 0.05049866 0.03070593 -0.07847059 0.34117647 0.43921569 0.66274510
v 0.05083269 0.03070593 -0.07164705 0.35294118 0.45490196 0.66666667
v 0.05117655 0.03070593 -0.06896979 0.27058824 0.36078431 0.59607843
v 0.05117655 0.02964807 0.07164711 0.73333333 0.67450980 0.67450980
v 0.05117655 0.03070593 0.07137185 0.74509804 0.68235294 0.67843137
v 0.05052739 0.03070593 0.07164711 0.73333333 0.67843137 0.67843137
v 0.04581183 0.03752947 -0.20129412 0.27058824 0.39215686 0.60784314
v 0.04694623 0.03752947 -0.18764704 0.63921569 0.71764706 0.85882353
v 0.04445201 0.03752947 -0.18082350 0.38823529 0.44705882 0.76078431
v 0.04597932 0.03752947 -0.17399997 0.34509804 0.39607843 0.74117647
v 0.04848439 0.03752947 -0.16717649 0.64705882 0.71764706 0.87058824
v 0.04876667 0.03752947 -0.16035295 0.60392157 0.71764706 0.84705882
v 0.04805177 0.03752947 -0.15352941 0.29019608 0.43137255 0.67450980
v 0.04916614 0.03752947 -0.14670587 0.24313725 0.37254902 0.61568627
v 0.04895502 0.03752947 -0.13988233 0.56862745 0.69411765 0.83137255
v 0.05022103 0.03752947 -0.13305885 0.62352941 0.70980392 0.84705882
v 0.04900104 0.03752947 -0.12623531 0.52549020 0.59215686 0.82352941
v 0.04949319 0.03752947 -0.11941177 0.41176471 0.48235294 0.77254902
v 0.05033803 0.03752947 -0.11258823 0.53725490 0.63137255 0.81568627
v 0.04964137 0.03752947 -0.10576469 0.44705882 0.56862745 0.76862745
v 0.04995739 0.03752947 -0.09894115 0.37254902 0.52549020 0.71764706
v 0.05059636 0.03752947 -0.09211767 0.45098039 0.60784314 0.75686275
v 0.05117655 0.03379792 -0.09211767 0.15294118 0.21568627 0.46666667
v 0.04977643 0.03752947 -0.08529413 0.18823529 0.28627451 0.55294118
v 0.05038190 0.03752947 -0.07847059 0.21960784 0.34509804 0.61176471
v 0.05084360 0.03752947 -0.07164705 0.18039216 0.29019608 0.57254902
v 0.05117655 0.03752947 -0.07012868 0.15686275 0.25490196 0.53725490
v 0.05117655 0.03752947 0.06892145 0.81176471 0.71764706 0.70588235
v 0.04635942 0.04435301 -0.16717649 0.61960784 0.69803922 0.85882353
v 0.04677415 0.04435301 -0.16035295 0.58431373 0.70196078 0.83921569
v 0.04508758 0.04435301 -0.15352941 0.29019608 0.42745098 0.65098039
v 0.04701394 0.04435301 -0.14670587 0.25098039 0.38039216 0.60784314
v 0.04673404 0.04435301 -0.13988233 0.54509804 0.67058824 0.81568627
v 0.04935563 0.04435301 -0.13305885 0.60784314 0.69411765 0.84705882
v 0.04715693 0.04435301 -0.12623531 0.50196078 0.57254902 0.80784314
v 0.04781055 0.04435301 -0.11941177 0.39607843 0.46274510 0.75686275
v 0.04920173 0.04435301 -0.11258823 0.50980392 0.60392157 0.80000000
v 0.04778546 0.04435301 -0.10576469 0.36078431 0.47450980 0.70588235
v 0.04793727 0.04435301 -0.09894115 0.46274510 0.61176471 0.75294118
v 0.04860967 0.04435301 -0.09211767 0.54117647 0.67843137 0.78431373
v 0.04697877 0.04435301 -0.08529413 0.24313725 0.34901961 0.58039216
v 0.04899597 0.04435301 -0.07847059 0.21960784 0.31764706 0.57254902
v 0.04996037 0.04435301 -0.07164705 0.20000000 0.29019608 0.55686275
v 0.05117655 0.04435301 -0.06516051 0.25490196 0.36862745 0.60784314
v 0.05117655 0.04360056 -0.05117649 0.28627451 0.39215686 0.56862745
v 0.05117655 0.04435301 -0.05211145 0.30588235 0.40784314 0.58431373
v 0.05061203 0.04435301 -0.05117649 0.27843137 0.37647059 0.54901961
v 0.05117655 0.04435301 -0.04936194 0.21568627 0.29803922 0.47058824
v 0.05117655 0.04171008 0.06482357 0.80392157 0.71372549 0.70980392
v 0.05117655 0.04435301 0.06056565 0.76470588 0.68235294 0.69803922
v 0.04824948 0.04435301 0.06482357 0.79607843 0.69411765 0.70588235
v 0.05117655 0.04464424 -0.06482351 0.26274510 0.37254902 0.60784314
v 0.04509652 0.05117655 -0.05799997 0.30196078 0.32941176 0.47450980
v 0.05117655 0.04745531 -0.05799997 0.41568627 0.50588235 0.65882353
v 0.04833782 0.05117655 -0.05117649 0.15686275 0.18431373 0.30588235
v 0.05117655 0.05117655 -0.04764074 0.10588235 0.12941176 0.22745098
v 0.05117655 0.05115628 0.05117655 0.74509804 0.68235294 0.69803922
v 0.05117655 0.05117655 0.05115455 0.74509804 0.68235294 0.69803922
v 0.05115360 0.05117655 0.05117655 0.74509804 0.68235294 0.69803922
v 0.05117655 0.04671651 0.05800003 0.75294118 0.67058824 0.69803922
v 0.05056316 0.05800003 -0.05117649 0.09019608 0.09411765 0.15294118
v 0.05117655 0.05800003 -0.05065852 0.08627451 0.09019608 0.14901961
v 0.05117655 0.05742961 0.04435301 0.74117647 0.67450980 0.68627451
v 0.05117655 0.05800003 0.04227346 0.73725490 0.67450980 0.67843137
v 0.04879653 0.05800003 0.04435301 0.72941176 0.66666667 0.67450980
v 0.04918462 0.06482357 -0.05117649 0.11764706 0.14117647 0.19215686
v 0.05117655 0.06482357 -0.05021214 0.10196078 0.12156863 0.17647059
v 0.05117655 0.06394929 0.03070593 0.68235294 0.67843137 0.71372549
v 0.05117655 0.06482357 0.02458072 0.65882353 0.68235294 0.70980392
v 0.05117655 0.06195313 0.03752947 0.71372549 0.67843137 0.70196078
v 0.04525113 0.07164711 -0.05117649 0.12156863 0.13725490 0.17254902
v 0.05117655 0.07164711 -0.05004191 0.13725490 0.14901961 0.19215686
v 0.05117655 0.07134062 0.01023537 0.60392157 0.67058824 0.72156863
v 0.05117655 0.07164711 0.00695491 0.62745098 0.67058824 0.70196078
v 0.05117655 0.07016432 0.01705885 0.57254902 0.65882353 0.72549020
v 0.05117655 0.06540543 0.02388239 0.65490196 0.68235294 0.71372549
v 0.05117655 0.07847065 -0.05064005 0.14117647 0.12941176 0.15294118
v 0.05117655 0.07788795 -0.01705885 0.72549020 0.69803922 0.71372549
v 0.05117655 0.07847065 -0.01833206 0.63137255 0.60392157 0.63137255
v 0.04987931 0.07847065 -0.01705885 0.73725490 0.70980392 0.72156863
v 0.05117655 0.07705390 -0.01023531 0.80000000 0.76078431 0.76862745
v 0.05117655 0.07559192 -0.00341177 0.72549020 0.70196078 0.72156863
v 0.05117655 0.07411337 0.00341183 0.65490196 0.66666667 0.70196078
v 0.05117655 0.08177781 -0.05117649 0.14509804 0.13725490 0.15294118
v 0.05117655 0.08529419 -0.05305451 0.13725490 0.12941176 0.14117647
v 0.05117655 0.08529419 -0.02048582 0.41960784 0.39607843 0.43137255
v 0.05117655 0.09211767 -0.05574459 0.16862745 0.16470588 0.16470588
v 0.05117655 0.09211767 -0.02183574 0.35294118 0.33333333 0.35294118
v 0.05117655 0.09894121 -0.05694395 0.33725490 0.33725490 0.33333333
v 0.05117655 0.09568954 -0.02388233 0.36078431 0.34117647 0.34901961
v 0.05117655 0.09894121 -0.02436930 0.38431373 0.36470588 0.37647059
v 0.04929495 0.10576475 -0.05117649 0.40000000 0.39215686 0.40000000
v 0.05117655 0.10508245 -0.05117649 0.40000000 0.39607843 0.40000000
v 0.05117655 0.10576475 -0.05045700 0.40392157 0.39607843 0.40000000
v 0.05117655 0.10576475 -0.02707690 0.45882353 0.43921569 0.45882353
v 0.05117655 0.10952765 -0.04435295 0.41176471 0.40392157 0.41568627
v 0.05117655 0.11077154 -0.03752941 0.43137255 0.44313725 0.45490196
v 0.05117655 0.10936064 -0.03070587 0.49411765 0.49803922 0.51372549
v 0.05643535 -0.15352941 -0.06482351 0.33333333 0.35294118 0.47058824
v 0.05503690 -0.15352941 -0.05799997 0.22352941 0.25490196 0.41176471
v 0.05465400 -0.15352941 -0.05117649 0.25098039 0.32549020 0.52941176
v 0.05640805 -0.15352941 -0.04435295 0.22745098 0.31764706 0.54117647
v 0.05547810 -0.15352941 -0.03752941 0.20392157 0.28627451 0.49803922
v 0.05800003 -0.15063488 -0.06482351 0.34509804 0.37647059 0.49803922
v 0.05800003 -0.14670587 -0.06843144 0.35686275 0.37647059 0.48627451
v 0.05800003 -0.14670587 -0.05870396 0.28235294 0.31372549 0.49411765
v 0.05791283 -0.14670587 -0.05799997 0.27058824 0.30196078 0.49019608
v 0.05683267 -0.14670587 -0.05117649 0.49019608 0.57647059 0.76470588
v 0.05744541 -0.14670587 -0.04435295 0.17647059 0.26666667 0.51372549
v 0.05726993 -0.14670587 -0.03752941 0.15686275 0.23921569 0.47450980
v 0.05558997 -0.14670587 -0.03070587 0.16470588 0.21568627 0.41960784
v 0.05153632 -0.14670587 -0.02388233 0.20392157 0.22745098 0.39215686
v 0.05800003 -0.13988233 -0.06781042 0.32549020 0.33333333 0.45098039
v 0.05800003 -0.13988233 -0.06056517 0.25882353 0.28235294 0.43137255
v 0.05730331 -0.13988233 -0.05799997 0.18431373 0.20392157 0.37254902
v 0.05784851 -0.13988233 -0.05117649 0.66666667 0.70196078 0.80392157
v 0.05760056 -0.13988233 -0.04435295 0.19215686 0.23137255 0.46274510
v 0.05794728 -0.13988233 -0.03752941 0.14117647 0.17254902 0.38039216
v 0.05697560 -0.13988233 -0.03070587 0.30196078 0.35686275 0.57647059
v 0.05571234 -0.13988233 -0.02388233 0.45490196 0.50980392 0.67058824
v 0.05622458 -0.13988233 -0.01705885 0.45490196 0.48627451 0.63921569
v 0.05647194 -0.13988233 -0.01023531 0.40784314 0.43137255 0.59607843
v 0.05653137 -0.13988233 -0.00341177 0.42745098 0.47450980 0.62745098
v 0.05588120 -0.13988233 0.00341183 0.31372549 0.36862745 0.54509804
v 0.05583560 -0.13988233 0.01023537 0.23529412 0.32549020 0.50980392
v 0.05590850 -0.13988233 0.01705885 0.25098039 0.35294118 0.53333333
v 0.05666000 -0.13988233 0.02388239 0.30980392 0.38823529 0.56862745
v 0.05705380 -0.13988233 0.03070593 0.39607843 0.45098039 0.61960784
v 0.05756319 -0.13988233 0.03752947 0.46274510 0.51372549 0.66274510
v 0.05718178 -0.13988233 0.04435301 0.50980392 0.52549020 0.66274510
v 0.05401856 -0.13988233 0.05117655 0.29803922 0.26274510 0.39215686
v 0.05731273 -0.13305885 -0.06482351 0.27058824 0.27450980 0.38039216
v 0.05800003 -0.13467449 -0.06482351 0.29019608 0.29803922 0.41176471
v 0.05596924 -0.13305885 -0.05799997 0.17254902 0.19215686 0.32941176
v 0.05800003 -0.13939768 -0.05117649 0.65882353 0.69803922 0.80000000
v 0.05800003 -0.13305885 -0.05501908 0.59215686 0.63137255 0.74509804
v 0.05800003 -0.13821650 -0.04435295 0.23137255 0.28235294 0.51764706
v 0.05800003 -0.13965756 -0.03752941 0.14117647 0.17254902 0.38039216
v 0.05800003 -0.13796020 -0.03070587 0.32941176 0.40392157 0.61176471
v 0.05800003 -0.13721204 -0.02388233 0.48627451 0.56862745 0.72156863
v 0.05800003 -0.13755584 -0.01705885 0.43137255 0.48627451 0.66666667
v 0.05800003 -0.13802707 -0.01023531 0.39215686 0.43921569 0.61960784
v 0.05800003 -0.13814116 -0.00341177 0.42352941 0.48235294 0.63921569
v 0.05800003 -0.13697034 0.00341183 0.35294118 0.40784314 0.58039216
v 0.05800003 -0.13688254 0.01023537 0.27058824 0.31764706 0.49019608
v 0.05800003 -0.13746190 0.01705885 0.26666667 0.32549020 0.50588235
v 0.05800003 -0.13792354 0.02388239 0.32941176 0.38431373 0.56862745
v 0.05800003 -0.13847440 0.03070593 0.40392157 0.47058824 0.63921569
v 0.05800003 -0.13917744 0.03752947 0.45098039 0.51372549 0.66666667
v 0.05800003 -0.13769865 0.04435301 0.48627451 0.53725490 0.68627451
v 0.05800003 -0.13305885 0.04895198 0.46274510 0.54509804 0.70196078
v 0.05732208 -0.13305885 0.05117655 0.34117647 0.40392157 0.59215686
v 0.05684811 -0.13305885 0.05800003 0.30588235 0.31764706 0.44313725
v 0.05453867 -0.13305885 0.06482357 0.36078431 0.33725490 0.41960784
v 0.05268264 -0.12623531 -0.06482351 0.17647059 0.14509804 0.21568627
v 0.05205995 -0.12623531 -0.05799997 0.23921569 0.23529412 0.33725490
v 0.05800003 -0.12623531 -0.05534613 0.63137255 0.66666667 0.73725490
v 0.05800003 -0.12659174 0.05117655 0.38431373 0.53333333 0.72156863
v 0.05800003 -0.12623531 0.05152994 0.36862745 0.52156863 0.71372549
v 0.05668443 -0.12623531 0.05800003 0.12941176 0.18823529 0.34509804
v 0.05447799 -0.12623531 0.06482357 0.16470588 0.20000000 0.31764706
v 0.05800003 -0.11941177 -0.05233330 0.63529412 0.67058824 0.72549020
v 0.05800003 -0.11941177 0.05592376 0.18039216 0.30588235 0.54509804
v 0.05698687 -0.11941177 0.05800003 0.11372549 0.19607843 0.38823529
v 0.05412090 -0.11941177 0.06482357 0.09411765 0.13725490 0.25490196
v 0.05281931 -0.11258823 -0.05117649 0.55686275 0.56078431 0.63921569
v 0.05800003 -0.11824018 -0.05117649 0.60784314 0.65098039 0.70980392
v 0.05800003 -0.11258823 -0.04782915 0.36470588 0.39607843 0.53725490
v 0.05800003 -0.11258823 0.05718178 0.25098039 0.36470588 0.59607843
v 0.05779254 -0.11258823 0.05800003 0.22745098 0.32941176 0.55294118
v 0.05561578 -0.11258823 0.06482357 0.14901961 0.19607843 0.36078431
v 0.05687922 -0.10576469 -0.04435295 0.08627451 0.07843137 0.16470588
v 0.05800003 -0.10786694 -0.04435295 0.10980392 0.10588235 0.21568627
v 0.05800003 -0.10576469 -0.04202157 0.12156863 0.11764706 0.22745098
v 0.05800003 -0.10839182 0.05800003 0.30588235 0.40000000 0.62352941
v 0.05800003 -0.10576469 0.05927199 0.32941176 0.40392157 0.62352941
v 0.05612361 -0.10576469 0.06482357 0.31372549 0.34901961 0.53333333
v 0.05398929 -0.10576469 0.07164711 0.71372549 0.69019608 0.74509804
v 0.05720592 -0.09894115 -0.04435295 0.15686275 0.21568627 0.36470588
v 0.05800003 -0.09894115 -0.04324400 0.16078431 0.21960784 0.37254902
v 0.05800003 -0.09894115 0.06028837 0.43137255 0.45490196 0.67058824
v 0.05657756 -0.09894115 0.06482357 0.52549020 0.52941176 0.68235294
v 0.05572349 -0.09894115 0.07164711 0.69803922 0.66666667 0.72941176
v 0.05495447 -0.09211767 -0.05117649 0.15294118 0.21568627 0.35686275
v 0.05744708 -0.09211767 -0.04435295 0.20000000 0.28627451 0.42745098
v 0.05800003 -0.09211767 -0.04343659 0.20392157 0.29411765 0.43529412
v 0.05800003 -0.09211767 0.06136549 0.46666667 0.49411765 0.67450980
v 0.05646902 -0.09211767 0.06482357 0.60000000 0.61176471 0.72549020
v 0.05664641 -0.09211767 0.07164711 0.66666667 0.64313725 0.70588235
v 0.05492914 -0.08529413 -0.05117649 0.16862745 0.15294118 0.25490196
v 0.05742079 -0.08529413 -0.04435295 0.12156863 0.10980392 0.17254902
v 0.05800003 -0.08529413 -0.04370320 0.10980392 0.09803922 0.15686275
v 0.05800003 -0.08529413 0.06330317 0.68235294 0.61960784 0.70588235
v 0.05759454 -0.08529413 0.06482357 0.72156863 0.66274510 0.71764706
v 0.05748409 -0.08529413 0.07164711 0.70980392 0.62352941 0.63921569
v 0.05610526 -0.08529413 0.07847065 0.64313725 0.54117647 0.54117647
v 0.05429143 -0.07847059 -0.05799997 0.45490196 0.50980392 0.65098039
v 0.05646384 -0.07847059 -0.05117649 0.16078431 0.15686275 0.23921569
v 0.05800003 -0.08224207 -0.04435295 0.14117647 0.10196078 0.14509804
v 0.05800003 -0.07847059 -0.04716611 0.20784314 0.17254902 0.22745098
v 0.05800003 -0.08326989 0.06482357 0.73333333 0.66666667 0.70588235
v 0.05800003 -0.07952493 0.07164711 0.71372549 0.61176471 0.58823529
v 0.05800003 -0.07847059 0.07246661 0.70980392 0.60392157 0.57254902
v 0.05724680 -0.07847059 0.07847065 0.63137255 0.54117647 0.50196078
v 0.05531651 -0.07847059 0.08529419 0.58823529 0.52156863 0.47058824
v 0.05387861 -0.07847059 0.09211767 0.56470588 0.51372549 0.45882353
v 0.05516541 -0.07847059 0.09894121 0.56078431 0.52156863 0.47450980
v 0.05760461 -0.07847059 0.10576475 0.57254902 0.54117647 0.50196078
v 0.05800003 -0.07847059 0.10659063 0.57254902 0.54117647 0.50196078
v 0.05800003 -0.08221674 0.11258829 0.56862745 0.53725490 0.52941176
v 0.05800003 -0.08355701 0.11941183 0.51372549 0.51764706 0.54509804
v 0.05800003 -0.08415055 0.12623537 0.48627451 0.52941176 0.58039216
v 0.05800003 -0.08436775 0.13305891 0.50196078 0.55294118 0.61568627
v 0.05800003 -0.08349138 0.13988245 0.51764706 0.55686275 0.62352941
v 0.05800003 -0.07847059 0.14636004 0.58431373 0.60784314 0.63529412
v 0.05432469 -0.07164705 -0.11258823 0.52156863 0.60392157 0.81176471
v 0.05154073 -0.07164705 -0.10576469 0.47450980 0.58823529 0.77254902
v 0.05627769 -0.07164705 -0.09894115 0.60392157 0.68627451 0.79607843
v 0.05648047 -0.07164705 -0.09211767 0.62352941 0.70588235 0.80000000
v 0.05399030 -0.07164705 -0.08529413 0.18823529 0.28235294 0.54117647
v 0.05493993 -0.07164705 -0.07847059 0.18431373 0.29803922 0.58823529
v 0.05314863 -0.07164705 -0.07164705 0.11372549 0.20392157 0.49411765
v 0.05582821 -0.07164705 -0.06482351 0.05882353 0.10980392 0.32156863
v 0.05800003 -0.07413828 -0.05799997 0.10588235 0.16078431 0.30980392
v 0.05800003 -0.07164705 -0.06057465 0.07843137 0.13725490 0.30980392
v 0.05800003 -0.07657814 -0.05117649 0.14509804 0.14509804 0.21960784
v 0.05800003 -0.07515645 0.05800003 0.33725490 0.33725490 0.50980392
v 0.05800003 -0.07164705 0.05775642 0.36862745 0.37254902 0.54117647
v 0.05762565 -0.07164705 0.05800003 0.40000000 0.40000000 0.56078431
v 0.05800003 -0.07164705 0.05973911 0.65882353 0.63529412 0.70980392
v 0.05800003 -0.07164705 0.07528669 0.67450980 0.57647059 0.50588235
v 0.05743098 -0.07164705 0.07847065 0.62745098 0.54509804 0.47843137
v 0.05586565 -0.07164705 0.08529419 0.49803922 0.45490196 0.39215686
v 0.05658448 -0.07164705 0.09211767 0.45490196 0.44705882 0.38823529
v 0.05754966 -0.07164705 0.09894121 0.47450980 0.47058824 0.41568627
v 0.05800003 -0.07740009 0.10576475 0.56862745 0.54117647 0.49803922
v 0.05800003 -0.07164705 0.10090685 0.47843137 0.47058824 0.41960784
v 0.05800003 -0.07838207 0.14670599 0.58431373 0.60784314 0.63529412
v 0.05324841 -0.07164705 0.15352941 0.59607843 0.62352941 0.64313725
v 0.05800003 -0.07394093 0.15352941 0.59607843 0.62352941 0.65098039
v 0.05800003 -0.07164705 0.15574944 0.59607843 0.62745098 0.65882353
v 0.05193621 -0.06482351 -0.13305885 0.65490196 0.73725490 0.85490196
v 0.05397570 -0.06482351 -0.11258823 0.56470588 0.65098039 0.83137255
v 0.05159646 -0.06482351 -0.10576469 0.50588235 0.61960784 0.78431373
v 0.05628735 -0.06482351 -0.09894115 0.52156863 0.61176471 0.74117647
v 0.05672675 -0.06482351 -0.09211767 0.50980392 0.60784314 0.73725490
v 0.05605149 -0.06482351 -0.08529413 0.12549020 0.20392157 0.44313725
v 0.05615604 -0.06482351 -0.07847059 0.19215686 0.32156863 0.60784314
v 0.05606496 -0.06482351 -0.07164705 0.04705882 0.09411765 0.28627451
v 0.05800003 -0.06517112 -0.06482351 0.05882353 0.12156863 0.31372549
v 0.05800003 -0.06482351 -0.06519312 0.05490196 0.11372549 0.30196078
v 0.05800003 -0.06482351 0.05777323 0.56078431 0.54509804 0.63529412
v 0.05760419 -0.06482351 0.05800003 0.59215686 0.57647059 0.65490196
v 0.05800003 -0.06482351 0.05947185 0.72549020 0.69019608 0.71372549
v 0.05800003 -0.06482351 0.07457232 0.67450980 0.54901961 0.45098039
v 0.05724210 -0.06482351 0.07847065 0.60784314 0.50196078 0.40000000
v 0.05564940 -0.06482351 0.08529419 0.43137255 0.36862745 0.29411765
v 0.05773413 -0.06482351 0.09211767 0.43529412 0.41568627 0.34901961
v 0.05800003 -0.06932670 0.09894121 0.44705882 0.45098039 0.40000000
v 0.05800003 -0.06482351 0.09381330 0.45098039 0.43921569 0.38039216
v 0.05800003 -0.06482351 0.16002667 0.61568627 0.64705882 0.67843137
v 0.05158585 -0.05799997 -0.11941177 0.28235294 0.35294118 0.65098039
v 0.05522650 -0.05799997 -0.09894115 0.22352941 0.27450980 0.49803922
v 0.05668956 -0.05799997 -0.09211767 0.21568627 0.26666667 0.47450980
v 0.05496740 -0.05799997 -0.08529413 0.16470588 0.22352941 0.46666667
v 0.05248255 -0.05799997 -0.07847059 0.39215686 0.50588235 0.70980392
v 0.05651325 -0.05799997 -0.07164705 0.06274510 0.10588235 0.27450980
v 0.05800003 -0.05799997 -0.07072884 0.06666667 0.11764706 0.29411765
v 0.05800003 -0.05967015 0.05800003 0.68627451 0.63529412 0.65098039
v 0.05800003 -0.05913299 0.07164711 0.66666667 0.52941176 0.41960784
v 0.05800003 -0.05799997 0.07122654 0.66274510 0.52549020 0.41176471
v 0.05792940 -0.05799997 0.07164711 0.65882353 0.51764706 0.40392157
v 0.05655432 -0.05799997 0.07847065 0.47843137 0.33725490 0.24705882
v 0.05745858 -0.05799997 0.08529419 0.55686275 0.42745098 0.32156863
v 0.05800003 -0.06423575 0.09211767 0.44705882 0.42352941 0.35686275
v 0.05800003 -0.05799997 0.08617181 0.57254902 0.44705882 0.33333333
v 0.05800003 -0.06393468 0.16035295 0.61960784 0.65098039 0.68235294
v 0.05800003 -0.05799997 0.16580129 0.52156863 0.56470588 0.62352941
v 0.05144709 -0.05117649 -0.14670587 0.35686275 0.42745098 0.68235294
v 0.05284876 -0.05117649 -0.12623531 0.33725490 0.41960784 0.67058824
v 0.05450052 -0.05117649 -0.11941177 0.34509804 0.43921569 0.67450980
v 0.05384409 -0.05117649 -0.11258823 0.29019608 0.35294118 0.60000000
v 0.05540591 -0.05117649 -0.10576469 0.32549020 0.38039216 0.60392157
v 0.05668682 -0.05117649 -0.09894115 0.39607843 0.44313725 0.63137255
v 0.05731493 -0.05117649 -0.09211767 0.32156863 0.36862745 0.57254902
v 0.05551708 -0.05117649 -0.08529413 0.12156863 0.14509804 0.32941176
v 0.05469435 -0.05117649 -0.07847059 0.05490196 0.06666667 0.17647059
v 0.05800003 -0.05605811 -0.07164705 0.07450980 0.12156863 0.28235294
v 0.05800003 -0.05117649 -0.07566500 0.04705882 0.05882353 0.15686275
v 0.05800003 -0.05117649 0.06974286 0.63137255 0.49411765 0.36470588
v 0.05769265 -0.05117649 0.07164711 0.58039216 0.42745098 0.30588235
v 0.05617172 -0.05117649 0.07847065 0.40784314 0.25490196 0.17254902
v 0.05800003 -0.05236071 0.08529419 0.60392157 0.43529412 0.32156863
v 0.05800003 -0.05117649 0.08457708 0.58823529 0.40784314 0.29411765
v 0.05800003 -0.05117649 0.16672421 0.63921569 0.65882353 0.70588235
v 0.05374140 -0.04435295 -0.18082350 0.57647059 0.65490196 0.76862745
v 0.05452049 -0.04435295 -0.17399997 0.62745098 0.69411765 0.78431373
v 0.05346513 -0.04435295 -0.16717649 0.37254902 0.43529412 0.65098039
v 0.05341786 -0.04435295 -0.16035295 0.36078431 0.43529412 0.66274510
v 0.05253631 -0.04435295 -0.15352941 0.40784314 0.56470588 0.78039216
v 0.05335242 -0.04435295 -0.14670587 0.47450980 0.63529412 0.81960784
v 0.05422181 -0.04435295 -0.13988233 0.36078431 0.44705882 0.68627451
v 0.05512524 -0.04435295 -0.13305885 0.36862745 0.40392157 0.63529412
v 0.05667037 -0.04435295 -0.12623531 0.54509804 0.62745098 0.76078431
v 0.05642837 -0.04435295 -0.11941177 0.62352941 0.69803922 0.78431373
v 0.05652320 -0.04435295 -0.11258823 0.39607843 0.47450980 0.64705882
v 0.05724120 -0.04435295 -0.10576469 0.43529412 0.50196078 0.64705882
v 0.05741560 -0.04435295 -0.09894115 0.52156863 0.61176471 0.74117647
v 0.05763227 -0.04435295 -0.09211767 0.50980392 0.60392157 0.74901961
v 0.05736214 -0.04435295 -0.08529413 0.20000000 0.22745098 0.41176471
v 0.05732054 -0.04435295 -0.07847059 0.14509804 0.14117647 0.26274510
v 0.05800003 -0.04435295 -0.07756037 0.16470588 0.16078431 0.28627451
v 0.05800003 -0.04435295 0.06914258 0.60000000 0.48235294 0.33725490
v 0.05760550 -0.04435295 0.07164711 0.49803922 0.34901961 0.22745098
v 0.05613476 -0.04435295 0.07847065 0.34509804 0.18823529 0.12156863
v 0.05800003 -0.04435295 0.08271933 0.52941176 0.30196078 0.20784314
v 0.05800003 -0.04435295 0.16703749 0.67450980 0.69411765 0.73725490
v 0.05172092 -0.03752941 -0.18764704 0.33333333 0.38823529 0.61568627
v 0.05457175 -0.03752941 -0.18082350 0.57647059 0.65490196 0.76862745
v 0.05481964 -0.03752941 -0.17399997 0.63137255 0.69803922 0.78431373
v 0.05415648 -0.03752941 -0.16717649 0.38431373 0.44705882 0.65490196
v 0.05392540 -0.03752941 -0.16035295 0.37254902 0.45098039 0.67058824
v 0.05294824 -0.03752941 -0.15352941 0.42352941 0.58039216 0.79215686
v 0.05366820 -0.03752941 -0.14670587 0.49411765 0.64705882 0.82745098
v 0.05447757 -0.03752941 -0.13988233 0.36470588 0.45098039 0.69019608
v 0.05538452 -0.03752941 -0.13305885 0.36862745 0.40784314 0.63137255
v 0.05689418 -0.03752941 -0.12623531 0.55294118 0.63529412 0.76078431
v 0.05646896 -0.03752941 -0.11941177 0.63137255 0.70588235 0.78431373
v 0.05674201 -0.03752941 -0.11258823 0.40000000 0.47843137 0.64705882
v 0.05727440 -0.03752941 -0.10576469 0.42352941 0.49411765 0.63529412
v 0.05735135 -0.03752941 -0.09894115 0.49411765 0.59215686 0.72156863
v 0.05759132 -0.03752941 -0.09211767 0.47450980 0.58039216 0.72549020
v 0.05733961 -0.03752941 -0.08529413 0.19215686 0.21176471 0.38431373
v 0.05783182 -0.03752941 -0.07847059 0.16862745 0.14901961 0.25490196
v 0.05800003 -0.03752941 -0.07817608 0.18039216 0.16078431 0.26666667
v 0.05800003 -0.03752941 0.06991428 0.58823529 0.44705882 0.29803922
v 0.05769825 -0.03752941 0.07164711 0.50980392 0.35294118 0.22352941
v 0.05619109 -0.03752941 0.07847065 0.37254902 0.19607843 0.12156863
v 0.05800003 -0.03752941 0.08189625 0.53725490 0.29411765 0.19215686
v 0.05575645 -0.03752941 0.16717649 0.67450980 0.70588235 0.74901961
v 0.05800003 -0.04067457 0.16717649 0.67843137 0.71372549 0.75294118
v 0.05800003 -0.03752941 0.16867721 0.61960784 0.66274510 0.71764706
v 0.05180043 -0.03070587 -0.18082350 0.36470588 0.45490196 0.67843137
v 0.05364716 -0.03070587 -0.17399997 0.39215686 0.48627451 0.69411765
v 0.05212796 -0.03070587 -0.16717649 0.34901961 0.40392157 0.65098039
v 0.05123717 -0.03070587 -0.15352941 0.36078431 0.41568627 0.66274510
v 0.05307227 -0.03070587 -0.14670587 0.39607843 0.45490196 0.70196078
v 0.05273503 -0.03070587 -0.13988233 0.38823529 0.40784314 0.64705882
v 0.05424362 -0.03070587 -0.13305885 0.37254902 0.41176471 0.65882353
v 0.05540246 -0.03070587 -0.12623531 0.36862745 0.44705882 0.67843137
v 0.05655879 -0.03070587 -0.11941177 0.37647059 0.46666667 0.67058824
v 0.05542517 -0.03070587 -0.11258823 0.31764706 0.39215686 0.61176471
v 0.05621403 -0.03070587 -0.10576469 0.32941176 0.40000000 0.59607843
v 0.05658823 -0.03070587 -0.09894115 0.34901961 0.41176471 0.58039216
v 0.05716789 -0.03070587 -0.09211767 0.27450980 0.32941176 0.50588235
v 0.05510813 -0.03070587 -0.08529413 0.09803922 0.10980392 0.23529412
v 0.05766952 -0.03070587 -0.07847059 0.09411765 0.08235294 0.15686275
v 0.05800003 -0.03070587 -0.07806242 0.10196078 0.09019608 0.16470588
v 0.05800003 -0.03070587 0.07021630 0.63529412 0.46274510 0.30980392
v 0.05774552 -0.03070587 0.07164711 0.59215686 0.40392157 0.25882353
v 0.05637383 -0.03070587 0.07847065 0.54117647 0.31764706 0.20000000
v 0.05800003 -0.03070587 0.08092541 0.62745098 0.38823529 0.25098039
v 0.05800003 -0.03293192 0.16717649 0.67843137 0.69019608 0.73725490
v 0.05800003 -0.03070587 0.16711807 0.67058824 0.69019608 0.74117647
v 0.05211574 -0.02388233 -0.17399997 0.34117647 0.41568627 0.68627451
v 0.05386204 -0.02388233 -0.14670587 0.34901961 0.38823529 0.61176471
v 0.05463654 -0.02388233 -0.12623531 0.36078431 0.43137255 0.69411765
v 0.05568385 -0.02388233 -0.11941177 0.34117647 0.41568627 0.67058824
v 0.05214250 -0.02388233 -0.09894115 0.18431373 0.24705882 0.42352941
v 0.05514860 -0.02388233 -0.09211767 0.14901961 0.19215686 0.35294118
v 0.05500203 -0.02388233 -0.08529413 0.21568627 0.25098039 0.41960784
v 0.05721807 -0.02388233 -0.07847059 0.10980392 0.09803922 0.17254902
v 0.05800003 -0.02388233 -0.07766831 0.10588235 0.09411765 0.16470588
v 0.05800003 -0.02388233 0.06978774 0.71372549 0.52549020 0.36078431
v 0.05761290 -0.02388233 0.07164711 0.66274510 0.45490196 0.29411765
v 0.05710149 -0.02388233 0.07847065 0.69411765 0.47843137 0.31372549
v 0.05800003 -0.02388233 0.07976955 0.70588235 0.48235294 0.31764706
v 0.05800003 -0.02388233 0.16666305 0.63529412 0.67058824 0.73333333
v 0.05299866 -0.01705885 -0.17399997 0.37647059 0.46274510 0.72549020
v 0.05431259 -0.01705885 -0.14670587 0.30196078 0.37254902 0.54117647
v 0.05565095 -0.01705885 -0.12623531 0.43137255 0.50980392 0.74901961
v 0.05637550 -0.01705885 -0.11941177 0.38823529 0.47058824 0.71764706
v 0.05551738 -0.01705885 -0.09211767 0.50588235 0.60784314 0.70196078
v 0.05619794 -0.01705885 -0.08529413 0.27058824 0.32156863 0.47450980
v 0.05796427 -0.01705885 -0.07847059 0.25882353 0.23921569 0.35294118
v 0.05800003 -0.01705885 -0.07844532 0.25882353 0.23921569 0.34901961
v 0.05800003 -0.01705885 0.06899333 0.78039216 0.58823529 0.42745098
v 0.05724597 -0.01705885 0.07164711 0.73333333 0.50980392 0.34509804
v 0.05756760 -0.01705885 0.07847065 0.77647059 0.58431373 0.40392157
v 0.05800003 -0.01705885 0.07923520 0.78039216 0.58431373 0.40784314
v 0.05800003 -0.01705885 0.16504586 0.44705882 0.52156863 0.61176471
v 0.05189055 -0.01023531 -0.17399997 0.36470588 0.44705882 0.72156863
v 0.05117953 -0.01023531 -0.16035295 0.72941176 0.78431373 0.85098039
v 0.05391932 -0.01023531 -0.14670587 0.29803922 0.36862745 0.53333333
v 0.05136484 -0.01023531 -0.13988233 0.71372549 0.77254902 0.83921569
v 0.05512047 -0.01023531 -0.12623531 0.44313725 0.51372549 0.75294118
v 0.05626309 -0.01023531 -0.11941177 0.39607843 0.47058824 0.71764706
v 0.05148423 -0.01023531 -0.09894115 0.53725490 0.64705882 0.74509804
v 0.05667615 -0.01023531 -0.09211767 0.63137255 0.71372549 0.78431373
v 0.05645710 -0.01023531 -0.08529413 0.31372549 0.36470588 0.52156863
v 0.05794209 -0.01023531 -0.07847059 0.30980392 0.28627451 0.40784314
v 0.05800003 -0.01023531 -0.07842547 0.30588235 0.28235294 0.40392157
v 0.05800003 -0.01023531 0.06914204 0.79607843 0.60784314 0.45098039
v 0.05707330 -0.01023531 0.07164711 0.75686275 0.54117647 0.38431373
v 0.05683559 -0.01023531 0.07847065 0.77254902 0.60392157 0.45490196
v 0.05800003 -0.01023531 0.08457232 0.72549020 0.61568627 0.52156863
v 0.05295241 -0.01023531 0.15352941 0.43137255 0.51372549 0.56862745
v 0.05800003 -0.01233751 0.16035295 0.56078431 0.63921569 0.70980392
v 0.05800003 -0.01023531 0.15496767 0.46274510 0.55294118 0.61176471
v 0.05216902 -0.00341177 -0.14670587 0.31764706 0.35686275 0.56862745
v 0.05275160 -0.00341177 -0.12623531 0.34509804 0.40392157 0.66666667
v 0.05483496 -0.00341177 -0.11941177 0.35686275 0.42352941 0.68235294
v 0.05171943 -0.00341177 -0.09894115 0.21960784 0.27843137 0.48627451
v 0.05558908 -0.00341177 -0.09211767 0.22352941 0.27058824 0.47058824
v 0.05528474 -0.00341177 -0.08529413 0.31764706 0.34901961 0.53333333
v 0.05619907 -0.00341177 -0.07847059 0.41176471 0.39215686 0.51764706
v 0.05800003 -0.00341177 -0.07741791 0.32156863 0.29411765 0.41960784
v 0.05800003 -0.00341177 0.07046771 0.77254902 0.58823529 0.44705882
v 0.05751663 -0.00341177 0.07164711 0.74509804 0.55294118 0.41176471
v 0.05477375 -0.00341177 0.07847065 0.69019608 0.56470588 0.48627451
v 0.05800003 -0.00993019 0.08529419 0.71372549 0.61176471 0.52941176
v 0.05800003 -0.00712234 0.09211767 0.51764706 0.49411765 0.53333333
v 0.05800003 -0.00514048 0.09894121 0.47843137 0.48627451 0.54509804
v 0.05228561 -0.00341177 0.10576475 0.56862745 0.57647059 0.60784314
v 0.05800003 -0.00403988 0.10576475 0.57647059 0.58039216 0.60784314
v 0.05508584 -0.00341177 0.11258829 0.57647059 0.57647059 0.59215686
v 0.05800003 -0.00396991 0.11258829 0.58823529 0.57254902 0.58431373
v 0.05296993 -0.00341177 0.11941183 0.58823529 0.58039216 0.57647059
v 0.05800003 -0.00482959 0.11941183 0.62745098 0.56078431 0.53725490
v 0.05800003 -0.00495768 0.12623537 0.61176471 0.56470588 0.54901961
v 0.05800003 -0.00380439 0.13305891 0.55294118 0.58431373 0.61176471
v 0.05800003 -0.00358027 0.13988245 0.51764706 0.58823529 0.63921569
v 0.05800003 -0.00466251 0.14670599 0.50980392 0.60000000 0.65882353
v 0.05800003 -0.00873703 0.15352941 0.47843137 0.56862745 0.62745098
v 0.05435604 0.00341183 -0.12623531 0.39215686 0.45098039 0.69411765
v 0.05594409 0.00341183 -0.11941177 0.43137255 0.50196078 0.72156863
v 0.05330229 0.00341183 -0.11258823 0.36862745 0.41960784 0.66274510
v 0.05551034 0.00341183 -0.10576469 0.48235294 0.51764706 0.72156863
v 0.05664533 0.00341183 -0.09894115 0.53333333 0.56078431 0.73725490
v 0.05709952 0.00341183 -0.09211767 0.46666667 0.48627451 0.67843137
v 0.05406976 0.00341183 -0.08529413 0.32549020 0.32156863 0.52549020
v 0.05384505 0.00341183 -0.07847059 0.58823529 0.56470588 0.67450980
v 0.05800003 0.00341183 -0.07330054 0.27450980 0.24313725 0.34901961
v 0.05800003 0.00341183 0.07075417 0.76078431 0.59607843 0.47450980
v 0.05758113 0.00341183 0.07164711 0.73333333 0.56470588 0.45098039
v 0.05412465 0.01023537 -0.18082350 0.58823529 0.67058824 0.80000000
v 0.05484474 0.01023537 -0.17399997 0.64705882 0.71764706 0.81176471
v 0.05244637 0.01023537 -0.16717649 0.38039216 0.45098039 0.67843137
v 0.05216563 0.01023537 -0.16035295 0.33725490 0.42745098 0.66274510
v 0.05251366 0.01023537 -0.13988233 0.32549020 0.42745098 0.67843137
v 0.05519164 0.01023537 -0.13305885 0.39607843 0.45490196 0.68235294
v 0.05726111 0.01023537 -0.12623531 0.55294118 0.62352941 0.77254902
v 0.05717587 0.01023537 -0.11941177 0.63529412 0.70196078 0.80000000
v 0.05681038 0.01023537 -0.11258823 0.49019608 0.56078431 0.73725490
v 0.05721372 0.01023537 -0.10576469 0.53725490 0.61176471 0.76470588
v 0.05729002 0.01023537 -0.09894115 0.62745098 0.70588235 0.83529412
v 0.05741191 0.01023537 -0.09211767 0.61960784 0.70588235 0.83529412
v 0.05705035 0.01023537 -0.08529413 0.52156863 0.56862745 0.73725490
v 0.05596292 0.01023537 -0.07847059 0.27450980 0.25882353 0.43529412
v 0.05637437 0.01023537 -0.07164705 0.24313725 0.22745098 0.35686275
v 0.05800003 0.00524265 -0.07164705 0.30588235 0.27058824 0.37254902
v 0.05800003 0.01023537 -0.06710005 0.26666667 0.26666667 0.35686275
v 0.05800003 0.01023537 0.07091469 0.73333333 0.63921569 0.56078431
v 0.05763841 0.01023537 0.07164711 0.70588235 0.61960784 0.55686275
v 0.05338633 0.01705885 -0.18082350 0.59215686 0.67843137 0.80000000
v 0.05431724 0.01705885 -0.17399997 0.65098039 0.72156863 0.81568627
v 0.05454719 0.01705885 -0.13305885 0.38039216 0.43921569 0.67450980
v 0.05701894 0.01705885 -0.12623531 0.55686275 0.62352941 0.77647059
v 0.05698752 0.01705885 -0.11941177 0.64313725 0.70196078 0.80784314
v 0.05645078 0.01705885 -0.11258823 0.48627451 0.56078431 0.73725490
v 0.05693907 0.01705885 -0.10576469 0.55294118 0.62352941 0.77647059
v 0.05714118 0.01705885 -0.09894115 0.65098039 0.72941176 0.84705882
v 0.05733222 0.01705885 -0.09211767 0.63921569 0.72549020 0.84705882
v 0.05701220 0.01705885 -0.08529413 0.52941176 0.59607843 0.75686275
v 0.05613333 0.01705885 -0.07847059 0.29803922 0.31764706 0.50980392
v 0.05490589 0.01705885 -0.07164705 0.15294118 0.16470588 0.30588235
v 0.05732477 0.01705885 -0.06482351 0.14117647 0.16078431 0.27058824
v 0.05800003 0.01250166 -0.06482351 0.38431373 0.41176471 0.48235294
v 0.05800003 0.01705885 -0.06292206 0.11764706 0.12941176 0.22352941
v 0.05800003 0.01705885 0.07012928 0.75686275 0.66666667 0.60392157
v 0.05721295 0.01705885 0.07164711 0.70196078 0.63921569 0.60784314
v 0.05154854 0.02388239 -0.11941177 0.36862745 0.44705882 0.69411765
v 0.05309695 0.02388239 -0.10576469 0.35686275 0.39607843 0.65490196
v 0.05563593 0.02388239 -0.09894115 0.50588235 0.55294118 0.75294118
v 0.05619621 0.02388239 -0.09211767 0.48235294 0.52941176 0.73725490
v 0.05504030 0.02388239 -0.08529413 0.30588235 0.33725490 0.58823529
v 0.05378145 0.02388239 -0.06482351 0.09019608 0.10980392 0.23921569
v 0.05743158 0.02388239 -0.05799997 0.09411765 0.11372549 0.22745098
v 0.05800003 0.02261221 -0.05799997 0.07843137 0.09019608 0.18039216
v 0.05800003 0.02388239 -0.05713052 0.09411765 0.10980392 0.21960784
v 0.05800003 0.02388239 0.06569910 0.80000000 0.69803922 0.62352941
v 0.05531502 0.02388239 0.07164711 0.72156863 0.64705882 0.63921569
v 0.05263656 0.03070593 -0.09211767 0.19215686 0.24313725 0.50196078
v 0.05337948 0.03070593 -0.06482351 0.23921569 0.33333333 0.56470588
v 0.05598670 0.03070593 -0.05799997 0.24313725 0.34117647 0.54117647
v 0.05598676 0.03070593 -0.05799997 0.24313725 0.34117647 0.54117647
v 0.05800003 0.03070593 -0.05246812 0.16470588 0.22352941 0.39215686
v 0.05800003 0.02492440 0.06482357 0.79607843 0.70196078 0.63529412
v 0.05800003 0.03070593 0.05979645 0.75294118 0.70588235 0.68235294
v 0.05726165 0.03070593 0.06482357 0.80784314 0.70980392 0.67450980
v 0.05520958 0.03752947 -0.06482351 0.08627451 0.15686275 0.40000000
v 0.05643648 0.03752947 -0.05799997 0.15686275 0.27450980 0.50980392
v 0.05596417 0.03752947 -0.05117649 0.24313725 0.36078431 0.55294118
v 0.05800003 0.03307223 -0.05117649 0.18039216 0.25490196 0.43529412
v 0.05719066 0.03752947 -0.04435295 0.09411765 0.13333333 0.26666667
v 0.05800003 0.03706223 -0.04435295 0.08627451 0.12549020 0.24705882
v 0.05800003 0.03752947 -0.04421437 0.09019608 0.12941176 0.25882353
v 0.05800003 0.03242576 0.05800003 0.72941176 0.70196078 0.69019608
v 0.05800003 0.03752947 0.05475873 0.69803922 0.70196078 0.71372549
v 0.05727684 0.03752947 0.05800003 0.70196078 0.67450980 0.69019608
v 0.05512565 0.03752947 0.06482357 0.81176471 0.72156863 0.71764706
v 0.05144137 0.04435301 -0.06482351 0.25098039 0.36078431 0.60392157
v 0.05402899 0.04435301 -0.05799997 0.27843137 0.40000000 0.60784314
v 0.05431515 0.04435301 -0.04435295 0.14509804 0.20000000 0.34509804
v 0.05800003 0.04435301 -0.04391563 0.11764706 0.16078431 0.30196078
v 0.05800003 0.04125345 0.05117655 0.69019608 0.71372549 0.73725490
v 0.05800003 0.04435301 0.04863763 0.69019608 0.70980392 0.73725490
v 0.05735856 0.04435301 0.05117655 0.70196078 0.70196078 0.73333333
v 0.05352676 0.04435301 0.05800003 0.73333333 0.67058824 0.69803922
v 0.05520689 0.05117655 -0.04435295 0.14901961 0.18039216 0.30196078
v 0.05800003 0.05117655 -0.04394859 0.21960784 0.25882353 0.40000000
v 0.05800003 0.04880744 0.04435301 0.69411765 0.70196078 0.72941176
v 0.05800003 0.05117655 0.04117775 0.69019608 0.70196078 0.72549020
v 0.05737215 0.05117655 0.04435301 0.70980392 0.70196078 0.72941176
v 0.05800003 0.05528569 -0.04435295 0.20392157 0.22352941 0.34509804
v 0.05800003 0.05800003 -0.04569173 0.12549020 0.13333333 0.21960784
v 0.05800003 0.05722845 0.03070593 0.74117647 0.69019608 0.69019608
v 0.05800003 0.05800003 0.02889854 0.74509804 0.68627451 0.68627451
v 0.05752856 0.05800003 0.03070593 0.74509804 0.69019608 0.69019608
v 0.05527771 0.05800003 0.03752947 0.74117647 0.69019608 0.69803922
v 0.05800003 0.05429763 0.03752947 0.71764706 0.70196078 0.71764706
v 0.05800003 0.06482357 -0.04601008 0.19607843 0.22352941 0.31764706
v 0.05800003 0.06406438 0.01705885 0.70980392 0.68627451 0.70588235
v 0.05800003 0.06482357 0.01531798 0.70196078 0.68627451 0.70588235
v 0.05709249 0.06482357 0.01705885 0.69803922 0.68627451 0.70980392
v 0.05178946 0.06482357 0.02388239 0.66274510 0.68235294 0.70980392
v 0.05800003 0.06174052 0.02388239 0.74117647 0.69019608 0.70196078
v 0.05800003 0.07164711 -0.04802817 0.27058824 0.27450980 0.34117647
v 0.05800003 0.07120508 -0.00341177 0.73725490 0.69411765 0.70980392
v 0.05800003 0.07164711 -0.00826544 0.74901961 0.71764706 0.72941176
v 0.05659777 0.07164711 -0.00341177 0.72549020 0.69019608 0.70588235
v 0.05405694 0.07164711 0.00341183 0.68235294 0.67450980 0.69803922
v 0.05800003 0.07052326 0.00341183 0.71764706 0.68235294 0.70980392
v 0.05800003 0.06896544 0.01023537 0.68627451 0.68235294 0.72549020
v 0.05800003 0.07847065 -0.04930860 0.15294118 0.14509804 0.17254902
v 0.05800003 0.07380265 -0.01705885 0.68235294 0.67450980 0.70196078
v 0.05800003 0.07847065 -0.02108216 0.35686275 0.35686275 0.41176471
v 0.05800003 0.07251650 -0.01023531 0.76470588 0.73725490 0.74901961
v 0.05800003 0.08467644 -0.05117649 0.22352941 0.21568627 0.22745098
v 0.05800003 0.08529419 -0.05160820 0.22352941 0.21960784 0.22745098
v 0.05800003 0.08529419 -0.02265966 0.30980392 0.31372549 0.34901961
v 0.05800003 0.09211767 -0.05401045 0.26274510 0.26666667 0.26666667
v 0.05800003 0.09211767 -0.02314985 0.32156863 0.32156863 0.34509804
v 0.05800003 0.09894121 -0.05270284 0.37254902 0.37647059 0.37647059
v 0.05800003 0.09295321 -0.02388233 0.32549020 0.32549020 0.34901961
v 0.05800003 0.09894121 -0.02605790 0.38039216 0.37254902 0.38823529
v 0.05800003 0.10046101 -0.05117649 0.38823529 0.38823529 0.38823529
v 0.05711144 0.10576475 -0.04435295 0.41568627 0.40784314 0.41176471
v 0.05800003 0.10510433 -0.04435295 0.41568627 0.40784314 0.41176471
v 0.05800003 0.10576475 -0.04218221 0.41568627 0.40392157 0.40784314
v 0.05800003 0.10433561 -0.03070587 0.42745098 0.41960784 0.43137255
v 0.05800003 0.10576475 -0.03469604 0.42352941 0.41568627 0.42352941
v 0.05582708 0.10576475 -0.03070587 0.43137255 0.42352941 0.43529412
v 0.05800003 0.10757858 -0.03752941 0.43137255 0.42352941 0.43137255
v 0.06159854 -0.14670587 -0.06482351 0.41176471 0.43921569 0.54117647
v 0.06107128 -0.13988233 -0.06482351 0.36862745 0.39215686 0.50196078
v 0.06141174 -0.13305885 -0.05117649 0.63529412 0.67843137 0.78431373
v 0.06153351 -0.13305885 -0.04435295 0.17254902 0.22352941 0.42352941
v 0.06233865 -0.13305885 -0.03752941 0.11764706 0.16078431 0.34509804
v 0.06199628 -0.13305885 -0.03070587 0.26666667 0.37647059 0.60000000
v 0.06145036 -0.13305885 -0.02388233 0.45490196 0.58039216 0.74509804
v 0.06173325 -0.13305885 -0.01705885 0.27450980 0.37647059 0.63529412
v 0.06218535 -0.13305885 -0.01023531 0.24705882 0.33725490 0.59607843
v 0.06221151 -0.13305885 -0.00341177 0.37647059 0.46666667 0.66274510
v 0.06125444 -0.13305885 0.00341183 0.35294118 0.41960784 0.60000000
v 0.06093854 -0.13305885 0.01023537 0.25882353 0.28235294 0.45490196
v 0.06147689 -0.13305885 0.01705885 0.22352941 0.25490196 0.42745098
v 0.06208920 -0.13305885 0.02388239 0.26274510 0.32941176 0.52941176
v 0.06259316 -0.13305885 0.03070593 0.30588235 0.41568627 0.63529412
v 0.06338739 -0.13305885 0.03752947 0.19607843 0.30196078 0.53725490
v 0.06212097 -0.13305885 0.04435301 0.28235294 0.38431373 0.60392157
v 0.06201518 -0.12623531 -0.05117649 0.60784314 0.66274510 0.75294118
v 0.06248903 -0.12623531 -0.04435295 0.23921569 0.33333333 0.48235294
v 0.06301785 -0.12623531 -0.03752941 0.11372549 0.18431373 0.32941176
v 0.06404883 -0.12623531 -0.03070587 0.17647059 0.31372549 0.53725490
v 0.06417805 -0.12623531 -0.02388233 0.16078431 0.30980392 0.57647059
v 0.06434131 -0.12623531 -0.01705885 0.07058824 0.14901961 0.41568627
v 0.06436777 -0.12623531 -0.01023531 0.09803922 0.19215686 0.47450980
v 0.06443018 -0.12623531 -0.00341177 0.26666667 0.40392157 0.63529412
v 0.06408596 -0.12623531 0.00341183 0.29019608 0.37254902 0.56078431
v 0.06482357 -0.13026267 0.01023537 0.47450980 0.54117647 0.67843137
v 0.06482357 -0.12623531 0.00526017 0.22745098 0.29019608 0.47843137
v 0.06482357 -0.13056213 0.01705885 0.41960784 0.49411765 0.65098039
v 0.06482357 -0.12623531 0.02263546 0.18823529 0.25882353 0.45490196
v 0.06439388 -0.12623531 0.02388239 0.22745098 0.31372549 0.50980392
v 0.06445581 -0.12623531 0.03070593 0.19607843 0.33725490 0.58431373
v 0.06457239 -0.12623531 0.03752947 0.14509804 0.27450980 0.53333333
v 0.06420928 -0.12623531 0.04435301 0.14901961 0.25098039 0.47058824
v 0.05826640 -0.12623531 0.05117655 0.37647059 0.52941176 0.72156863
v 0.05910450 -0.11941177 -0.05117649 0.61176471 0.65490196 0.72156863
v 0.06185091 -0.11941177 -0.04435295 0.17254902 0.24313725 0.36862745
v 0.06311357 -0.11941177 -0.03752941 0.10588235 0.16862745 0.29411765
v 0.06418991 -0.11941177 -0.03070587 0.15294118 0.28235294 0.49803922
v 0.06447572 -0.11941177 -0.02388233 0.12549020 0.26666667 0.52941176
v 0.06458616 -0.11941177 -0.01705885 0.05098039 0.11764706 0.36078431
v 0.06468254 -0.11941177 -0.01023531 0.08235294 0.18431373 0.46666667
v 0.06482357 -0.12227243 -0.00341177 0.25098039 0.41176471 0.64313725
v 0.06482357 -0.11941177 -0.00745612 0.20784314 0.36862745 0.63529412
v 0.06482357 -0.12109387 0.00341183 0.27843137 0.36470588 0.55294118
v 0.06482357 -0.12215000 0.02388239 0.19215686 0.29019608 0.49411765
v 0.06482357 -0.11941177 0.02997136 0.21568627 0.38039216 0.64313725
v 0.06480885 -0.11941177 0.03070593 0.20392157 0.36862745 0.63529412
v 0.06474799 -0.11941177 0.03752947 0.14509804 0.29411765 0.59215686
v 0.06446815 -0.11941177 0.04435301 0.15294118 0.27450980 0.53725490
v 0.06213337 -0.11941177 0.05117655 0.22352941 0.36078431 0.61176471
v 0.06149793 -0.11258823 -0.04435295 0.12941176 0.14509804 0.27843137
v 0.06363392 -0.11258823 -0.03752941 0.09411765 0.11764706 0.24705882
v 0.06340182 -0.11258823 -0.03070587 0.16862745 0.24705882 0.45098039
v 0.06333613 -0.11258823 -0.02388233 0.27450980 0.40784314 0.62352941
v 0.06455392 -0.11258823 -0.01705885 0.04705882 0.08627451 0.25098039
v 0.06446689 -0.11258823 -0.01023531 0.08235294 0.14117647 0.35686275
v 0.06431663 -0.11258823 -0.00341177 0.28627451 0.39215686 0.61568627
v 0.06482357 -0.11666179 -0.00341177 0.35686275 0.50196078 0.69803922
v 0.06464893 -0.11258823 0.00341183 0.17647059 0.20784314 0.41960784
v 0.06482357 -0.11603796 0.00341183 0.22745098 0.28235294 0.49411765
v 0.06482357 -0.11258823 0.00424361 0.17647059 0.20392157 0.40784314
v 0.06482357 -0.11343688 0.02388239 0.21176471 0.28627451 0.54117647
v 0.06482357 -0.11258823 0.02373034 0.21176471 0.27843137 0.53725490
v 0.06479508 -0.11258823 0.02388239 0.21176471 0.27843137 0.54117647
v 0.06443113 -0.11258823 0.03070593 0.38039216 0.53333333 0.76862745
v 0.06470007 -0.11258823 0.03752947 0.28235294 0.43921569 0.72941176
v 0.06435835 -0.11258823 0.04435301 0.26666667 0.40784314 0.69411765
v 0.06288201 -0.11258823 0.05117655 0.42352941 0.55294118 0.76470588
v 0.06145614 -0.10576469 -0.03752941 0.07058824 0.07058824 0.16078431
v 0.06221831 -0.10576469 -0.03070587 0.06274510 0.06666667 0.16078431
v 0.06382120 -0.10576469 -0.02388233 0.07450980 0.09019608 0.20392157
v 0.06482357 -0.10986727 -0.01705885 0.05490196 0.08627451 0.23529412
v 0.06482357 -0.10576469 -0.01968795 0.09411765 0.12156863 0.25490196
v 0.06482357 -0.10576469 -0.01285452 0.10588235 0.13333333 0.28627451
v 0.06456304 -0.10576469 -0.01023531 0.09019608 0.11764706 0.26666667
v 0.06443173 -0.10576469 -0.00341177 0.10196078 0.11764706 0.28627451
v 0.06482357 -0.11100668 0.00341183 0.15686275 0.18039216 0.38431373
v 0.06482357 -0.10576469 -0.00044018 0.10980392 0.12156863 0.29803922
v 0.06482357 -0.11029881 0.02388239 0.20784314 0.26274510 0.54117647
v 0.06482357 -0.10576469 0.02467364 0.22745098 0.27058824 0.56862745
v 0.06434679 -0.10576469 0.03070593 0.34117647 0.44313725 0.72941176
v 0.06441402 -0.10576469 0.03752947 0.35686275 0.47450980 0.76078431
v 0.06408173 -0.10576469 0.04435301 0.36470588 0.47450980 0.75294118
v 0.06295067 -0.10576469 0.05117655 0.52549020 0.61960784 0.80784314
v 0.05916059 -0.10576469 0.05800003 0.36470588 0.43921569 0.67058824
v 0.06346714 -0.09894115 -0.03752941 0.10196078 0.10980392 0.22745098
v 0.06474298 -0.09894115 -0.03070587 0.16078431 0.13725490 0.24705882
v 0.06482357 -0.10308844 -0.02388233 0.09019608 0.09803922 0.20784314
v 0.06482357 -0.09894115 -0.02971232 0.16078431 0.14117647 0.25098039
v 0.06482357 -0.10005563 -0.01023531 0.10980392 0.11372549 0.22745098
v 0.06482357 -0.10183400 -0.00341177 0.11764706 0.11764706 0.27450980
v 0.06482357 -0.09894115 0.02728820 0.25882353 0.31372549 0.63137255
v 0.06467795 -0.09894115 0.03070593 0.29803922 0.35294118 0.68627451
v 0.06463236 -0.09894115 0.03752947 0.41568627 0.51372549 0.79215686
v 0.06429255 -0.09894115 0.04435301 0.59607843 0.68235294 0.84705882
v 0.06341630 -0.09894115 0.05117655 0.65098039 0.70196078 0.86274510
v 0.05997014 -0.09894115 0.05800003 0.51372549 0.54509804 0.75686275
v 0.06344604 -0.09211767 -0.03752941 0.10980392 0.12549020 0.23921569
v 0.06482357 -0.09783077 -0.03070587 0.18431373 0.16470588 0.27843137
v 0.06482357 -0.09211767 -0.03394848 0.11372549 0.11372549 0.20784314
v 0.06482357 -0.09211767 0.02448052 0.26666667 0.32941176 0.65490196
v 0.06436032 -0.09211767 0.03070593 0.34901961 0.40784314 0.73333333
v 0.06451035 -0.09211767 0.03752947 0.46274510 0.54901961 0.80784314
v 0.06426978 -0.09211767 0.04435301 0.60000000 0.66666667 0.85490196
v 0.06306511 -0.09211767 0.05117655 0.63921569 0.67843137 0.84705882
v 0.06079572 -0.09211767 0.05800003 0.53333333 0.54509804 0.74901961
v 0.06339216 -0.08529413 -0.03752941 0.09803922 0.07058824 0.12156863
v 0.06482357 -0.08529413 -0.03506464 0.10588235 0.08235294 0.14117647
v 0.06482357 -0.08951330 0.02388239 0.29019608 0.32941176 0.66274510
v 0.06482357 -0.08529413 0.02378583 0.40392157 0.46666667 0.75686275
v 0.06476635 -0.08529413 0.02388239 0.40784314 0.47450980 0.76078431
v 0.06474775 -0.08529413 0.03070593 0.60392157 0.69803922 0.86666667
v 0.06482357 -0.08589315 0.03752947 0.48235294 0.58431373 0.82352941
v 0.06482357 -0.08529413 0.03477269 0.54901961 0.65490196 0.84705882
v 0.06482357 -0.08529413 0.03810620 0.46666667 0.56862745 0.81960784
v 0.06427288 -0.08529413 0.04435301 0.48235294 0.56862745 0.81176471
v 0.06345606 -0.08529413 0.05117655 0.58039216 0.63921569 0.82352941
v 0.06084704 -0.08529413 0.05800003 0.49019608 0.49019608 0.68627451
v 0.06005025 -0.07847059 -0.04435295 0.29411765 0.22352941 0.25882353
v 0.06482357 -0.08211905 -0.03752941 0.17647059 0.12549020 0.18039216
v 0.06482357 -0.07847059 -0.04095370 0.52549020 0.45882353 0.45882353
v 0.06482357 -0.08512723 0.02388239 0.41176471 0.47843137 0.76078431
v 0.06482357 -0.08513111 0.03070593 0.60784314 0.69803922 0.86666667
v 0.06482357 -0.07847059 0.04387581 0.39215686 0.52549020 0.81176471
v 0.06476033 -0.07847059 0.04435301 0.39607843 0.53333333 0.81176471
v 0.06402272 -0.07847059 0.05117655 0.44313725 0.53725490 0.77647059
v 0.05933815 -0.07847059 0.05800003 0.36862745 0.36862745 0.56078431
v 0.06017834 -0.07847059 0.06482357 0.74117647 0.65882353 0.69019608
v 0.05851591 -0.07847059 0.07164711 0.71372549 0.60392157 0.58039216
v 0.06184411 -0.07847059 0.11258829 0.58431373 0.54901961 0.51764706
v 0.06413132 -0.07847059 0.11941183 0.61176471 0.55294118 0.53333333
v 0.06482357 -0.07847059 0.12317055 0.62352941 0.56078431 0.54509804
v 0.06482357 -0.07974738 0.12623537 0.60392157 0.56862745 0.57254902
v 0.06482357 -0.08028924 0.13305891 0.58823529 0.58039216 0.60392157
v 0.06482357 -0.07847059 0.13690650 0.60392157 0.60000000 0.61176471
v 0.06418067 -0.07847059 0.13988245 0.59607843 0.60392157 0.62352941
v 0.06053549 -0.07164705 -0.05799997 0.08235294 0.13725490 0.27450980
v 0.06235951 -0.07164705 -0.05117649 0.11764706 0.12941176 0.19607843
v 0.06482357 -0.07715094 -0.04435295 0.35294118 0.27450980 0.30196078
v 0.06482357 -0.07164705 -0.04996341 0.12941176 0.13333333 0.18823529
v 0.06482357 -0.07607031 0.04435301 0.36078431 0.50588235 0.80784314
v 0.06482357 -0.07164705 0.04640973 0.34117647 0.49411765 0.79215686
v 0.06440198 -0.07164705 0.05117655 0.34117647 0.44313725 0.70980392
v 0.06090814 -0.07164705 0.06482357 0.73725490 0.63921569 0.64313725
v 0.05996144 -0.07164705 0.07164711 0.70588235 0.58039216 0.52549020
v 0.06109846 -0.07164705 0.10576475 0.51372549 0.49803922 0.44705882
v 0.06459802 -0.07164705 0.11258829 0.59215686 0.54901961 0.49803922
v 0.06482357 -0.07746613 0.11941183 0.61960784 0.55294118 0.52549020
v 0.06482357 -0.07164705 0.11319274 0.59607843 0.55294118 0.49803922
v 0.06482357 -0.07815665 0.13988245 0.60000000 0.60392157 0.62352941
v 0.06482357 -0.07586193 0.14670599 0.59607843 0.62352941 0.64313725
v 0.06482357 -0.07164705 0.15109909 0.61176471 0.63921569 0.64313725
v 0.06057894 -0.07164705 0.15352941 0.60784314 0.63137255 0.64705882
v 0.05831194 -0.06482351 -0.06482351 0.05882353 0.11764706 0.30980392
v 0.06465870 -0.06482351 -0.05799997 0.10980392 0.18039216 0.31764706
v 0.06459326 -0.06482351 -0.05117649 0.21960784 0.24313725 0.31372549
v 0.06482357 -0.06482351 -0.05109996 0.22352941 0.25098039 0.31764706
v 0.06482357 -0.06482351 0.04914498 0.34117647 0.46274510 0.71372549
v 0.06451118 -0.06482351 0.05117655 0.34117647 0.43529412 0.65882353
v 0.06140977 -0.06482351 0.06482357 0.74117647 0.61568627 0.58431373
v 0.05948865 -0.06482351 0.07164711 0.69411765 0.56078431 0.47450980
v 0.06067115 -0.06482351 0.09894121 0.41176471 0.39215686 0.33333333
v 0.06233758 -0.06482351 0.10576475 0.47843137 0.42745098 0.35294118
v 0.06482357 -0.07053602 0.11258829 0.59215686 0.54901961 0.49411765
v 0.06233752 -0.06482351 0.10576475 0.47843137 0.42745098 0.35294118
v 0.06482357 -0.06482351 0.10924834 0.58823529 0.51372549 0.42745098
v 0.06482357 -0.06974447 0.15352941 0.61568627 0.64313725 0.65490196
v 0.06482357 -0.06482351 0.15814984 0.62745098 0.65098039 0.67058824
v 0.06347615 -0.05799997 -0.06482351 0.11372549 0.18823529 0.35686275
v 0.06482357 -0.06216544 -0.05799997 0.13333333 0.20000000 0.32941176
v 0.06482357 -0.05799997 -0.05896032 0.14117647 0.19607843 0.32156863
v 0.06482357 -0.06447887 -0.05117649 0.23137255 0.25490196 0.32549020
v 0.06482357 -0.05799997 0.04913139 0.41176471 0.50196078 0.66274510
v 0.06450135 -0.05799997 0.05117655 0.41568627 0.47450980 0.60784314
v 0.05855483 -0.05799997 0.05800003 0.70980392 0.65098039 0.64705882
v 0.06113255 -0.05799997 0.06482357 0.72549020 0.59215686 0.51764706
v 0.06286579 -0.05799997 0.09211767 0.52156863 0.43137255 0.34117647
v 0.06442219 -0.05799997 0.09894121 0.56862745 0.46274510 0.36862745
v 0.06482357 -0.05976361 0.10576475 0.63529412 0.49803922 0.38039216
v 0.06482357 -0.05799997 0.10256904 0.63137255 0.49803922 0.38039216
v 0.06482357 -0.05799997 0.16000557 0.69019608 0.67450980 0.67450980
v 0.06419426 -0.05799997 0.16035295 0.68627451 0.67450980 0.67843137
v 0.06184769 -0.05117649 -0.07164705 0.10196078 0.13725490 0.27843137
v 0.06458008 -0.05117649 -0.06482351 0.18039216 0.22745098 0.36862745
v 0.06482357 -0.05117649 -0.05884522 0.20392157 0.20784314 0.31372549
v 0.06482357 -0.05132049 0.03070593 0.66274510 0.72156863 0.80784314
v 0.06482357 -0.05117649 0.02835095 0.60784314 0.66274510 0.76862745
v 0.06477278 -0.05117649 0.03070593 0.65882353 0.71764706 0.80784314
v 0.06482357 -0.05117649 0.03117418 0.67843137 0.73333333 0.81568627
v 0.06482357 -0.05117649 0.04746199 0.48627451 0.54509804 0.64313725
v 0.06462061 -0.05117649 0.05117655 0.49019608 0.49411765 0.55294118
v 0.06085408 -0.05117649 0.05800003 0.76078431 0.67450980 0.61568627
v 0.06040794 -0.05117649 0.06482357 0.69019608 0.56470588 0.46274510
v 0.05843782 -0.05117649 0.08529419 0.60784314 0.42745098 0.31372549
v 0.06396961 -0.05117649 0.09211767 0.60000000 0.39215686 0.29019608
v 0.06482357 -0.05454010 0.09894121 0.61960784 0.45490196 0.34509804
v 0.06482357 -0.05117649 0.09674764 0.61568627 0.40000000 0.30588235
v 0.06482357 -0.05696422 0.16035295 0.69803922 0.67450980 0.67843137
v 0.06482357 -0.05117649 0.16504717 0.65882353 0.64705882 0.67843137
v 0.06309313 -0.04435295 -0.07164705 0.17647059 0.17647059 0.28235294
v 0.06429642 -0.04435295 -0.06482351 0.22352941 0.19215686 0.29019608
v 0.06482357 -0.04435295 -0.06313014 0.23529412 0.19215686 0.28235294
v 0.06482357 -0.04955000 0.03070593 0.64313725 0.69019608 0.78431373
v 0.06482357 -0.04540449 0.03752947 0.73725490 0.76470588 0.81568627
v 0.06482357 -0.04435295 0.03455293 0.69019608 0.71372549 0.77647059
v 0.06470215 -0.04435295 0.03752947 0.73725490 0.76078431 0.80784314
v 0.06482357 -0.04435295 0.04027432 0.65490196 0.69411765 0.76078431
v 0.06482357 -0.04435295 0.04651785 0.52941176 0.54117647 0.58431373
v 0.06399453 -0.04435295 0.05117655 0.54117647 0.47843137 0.47450980
v 0.06190068 -0.04435295 0.05800003 0.75686275 0.67058824 0.58823529
v 0.06021750 -0.04435295 0.06482357 0.65490196 0.54509804 0.42352941
v 0.05976748 -0.04435295 0.08529419 0.64313725 0.40000000 0.28235294
v 0.06437325 -0.04435295 0.09211767 0.66666667 0.35686275 0.27843137
v 0.06482357 -0.04435295 0.09393859 0.65490196 0.32549020 0.26666667
v 0.06482357 -0.04435295 0.16611516 0.72156863 0.69019608 0.71372549
v 0.06298965 -0.03752941 -0.07164705 0.19607843 0.15686275 0.23921569
v 0.06460601 -0.03752941 -0.06482351 0.33333333 0.23137255 0.29411765
v 0.06482357 -0.03752941 -0.06454700 0.34117647 0.23529412 0.29803922
v 0.06482357 -0.03752941 0.03207898 0.61176471 0.60392157 0.65098039
v 0.06461281 -0.03752941 0.03752947 0.75686275 0.75686275 0.78039216
v 0.06482357 -0.03752941 0.04003441 0.65098039 0.66274510 0.70196078
v 0.06482357 -0.03752941 0.04705012 0.57647059 0.54117647 0.53333333
v 0.06340408 -0.03752941 0.05117655 0.61176471 0.50980392 0.45490196
v 0.06280494 -0.03752941 0.05800003 0.76862745 0.68627451 0.60000000
v 0.06075358 -0.03752941 0.06482357 0.65882353 0.54901961 0.41568627
v 0.06053138 -0.03752941 0.08529419 0.69019608 0.42745098 0.29803922
v 0.06466419 -0.03752941 0.09211767 0.69803922 0.34901961 0.27843137
v 0.06482357 -0.03752941 0.09280813 0.69411765 0.33333333 0.27058824
v 0.06482357 -0.03752941 0.16616917 0.73333333 0.69803922 0.72549020
v 0.05961317 -0.03752941 0.16717649 0.68627451 0.69803922 0.73725490
v 0.06294972 -0.03070587 -0.07164705 0.21568627 0.16470588 0.23921569
v 0.06482357 -0.03615677 -0.06482351 0.36862745 0.25882353 0.31764706
v 0.06482357 -0.03070587 -0.06794095 0.33333333 0.24705882 0.30196078
v 0.06482357 -0.03084803 0.02388239 0.69411765 0.62352941 0.62352941
v 0.06482357 -0.03070587 0.02343392 0.69803922 0.62745098 0.62352941
v 0.06480014 -0.03070587 0.02388239 0.69411765 0.62745098 0.62352941
v 0.06449825 -0.03070587 0.03070593 0.78039216 0.74509804 0.73333333
v 0.06482357 -0.03625840 0.03070593 0.59215686 0.57647059 0.61960784
v 0.06482357 -0.03210765 0.03752947 0.76862745 0.76078431 0.76078431
v 0.06482357 -0.03070587 0.03623152 0.79215686 0.78039216 0.76862745
v 0.06482357 -0.03070587 0.04731905 0.62352941 0.56078431 0.51764706
v 0.06326252 -0.03070587 0.05117655 0.74901961 0.65490196 0.57254902
v 0.06336838 -0.03070587 0.05800003 0.80000000 0.71372549 0.61960784
v 0.06082463 -0.03070587 0.06482357 0.72156863 0.59607843 0.46274510
v 0.06157440 -0.03070587 0.08529419 0.73725490 0.49411765 0.34509804
v 0.06482357 -0.03163922 0.09211767 0.69803922 0.37254902 0.28627451
v 0.06482357 -0.03070587 0.09192187 0.69411765 0.38039216 0.29411765
v 0.06482357 -0.03070587 0.16576445 0.70588235 0.68627451 0.72549020
v 0.06365174 -0.02388233 -0.07164705 0.27843137 0.20784314 0.27843137
v 0.06482357 -0.02388233 -0.07014573 0.32549020 0.23921569 0.30196078
v 0.06482357 -0.03063029 0.02388239 0.69803922 0.62745098 0.62352941
v 0.06482357 -0.02976316 0.03070593 0.78823529 0.75294118 0.73725490
v 0.06482357 -0.02388233 0.04785174 0.71764706 0.63529412 0.55686275
v 0.06371635 -0.02388233 0.05117655 0.81568627 0.74117647 0.65490196
v 0.06373781 -0.02388233 0.05800003 0.81568627 0.72549020 0.62745098
v 0.06071389 -0.02388233 0.06482357 0.77254902 0.63137255 0.49411765
v 0.06236631 -0.02388233 0.08529419 0.76078431 0.54901961 0.38823529
v 0.06481206 -0.02388233 0.09211767 0.64705882 0.41568627 0.33725490
v 0.06482357 -0.02602637 0.09211767 0.66274510 0.40392157 0.32549020
v 0.06482357 -0.02388233 0.09215039 0.64705882 0.41176471 0.33725490
v 0.06482357 -0.02388233 0.16418064 0.67843137 0.69019608 0.73333333
v 0.06468874 -0.01705885 -0.07164705 0.32941176 0.23921569 0.31372549
v 0.06482357 -0.01705885 -0.07147872 0.33725490 0.24313725 0.31764706
v 0.06482357 -0.01705885 0.04621059 0.74509804 0.67058824 0.57647059
v 0.06423658 -0.01705885 0.05117655 0.83529412 0.76862745 0.67843137
v 0.06390572 -0.01705885 0.05800003 0.82745098 0.73333333 0.62745098
v 0.06051415 -0.01705885 0.06482357 0.81176471 0.66666667 0.52941176
v 0.06196362 -0.01705885 0.08529419 0.75294118 0.59215686 0.45490196
v 0.06411582 -0.01705885 0.09211767 0.58039216 0.43137255 0.38431373
v 0.06482357 -0.01705885 0.09467691 0.43137255 0.31372549 0.30980392
v 0.06482357 -0.01947123 0.16035295 0.70980392 0.72941176 0.75294118
v 0.06482357 -0.01705885 0.15737486 0.47450980 0.52549020 0.56078431
v 0.06316513 -0.01705885 0.16035295 0.68235294 0.71764706 0.75294118
v 0.06466728 -0.01023531 -0.07164705 0.30588235 0.22352941 0.30588235
v 0.06482357 -0.01023531 -0.07139033 0.31372549 0.23137255 0.30980392
v 0.06482357 -0.01421565 0.04435301 0.70196078 0.63137255 0.53333333
v 0.06482357 -0.01023531 0.04316276 0.67058824 0.61568627 0.53333333
v 0.06457871 -0.01023531 0.04435301 0.71372549 0.65098039 0.56078431
v 0.06457603 -0.01023531 0.05117655 0.83529412 0.76862745 0.67450980
v 0.06402862 -0.01023531 0.05800003 0.83137255 0.73333333 0.62745098
v 0.06094223 -0.01023531 0.06482357 0.82745098 0.67843137 0.54901961
v 0.05827683 -0.01023531 0.08529419 0.71764706 0.61176471 0.52549020
v 0.06107885 -0.01023531 0.09211767 0.52549020 0.46666667 0.47843137
v 0.06320077 -0.01023531 0.09894121 0.50980392 0.44313725 0.46274510
v 0.06482357 -0.01322073 0.09894121 0.52549020 0.40000000 0.37647059
v 0.06482357 -0.01023531 0.10464168 0.62745098 0.50196078 0.47058824
v 0.06482357 -0.01065266 0.14670599 0.24313725 0.28627451 0.30588235
v 0.06482357 -0.01023531 0.14594758 0.26274510 0.30588235 0.32549020
v 0.06431705 -0.01023531 0.14670599 0.25882353 0.30588235 0.32941176
v 0.05955398 -0.01023531 0.15352941 0.40392157 0.49411765 0.54901961
v 0.06482357 -0.01359951 0.15352941 0.17647059 0.21960784 0.23921569
v 0.06385720 -0.00341177 -0.07164705 0.28627451 0.23921569 0.32941176
v 0.06482357 -0.00341177 -0.06944567 0.34117647 0.28235294 0.35686275
v 0.06482357 -0.00341177 0.04210657 0.63529412 0.61960784 0.57254902
v 0.06437743 -0.00341177 0.04435301 0.72156863 0.69019608 0.63529412
v 0.06482357 -0.00401950 0.05117655 0.81176471 0.75686275 0.67450980
v 0.06482357 -0.00341177 0.05084777 0.80784314 0.75686275 0.67843137
v 0.06482357 -0.00341177 0.05136901 0.80784314 0.75294118 0.67450980
v 0.06422299 -0.00341177 0.05800003 0.82352941 0.72549020 0.62352941
v 0.06229383 -0.00341177 0.06482357 0.82352941 0.67843137 0.56078431
v 0.06482357 -0.00927490 0.10576475 0.63529412 0.52156863 0.49411765
v 0.06482357 -0.00758123 0.11258829 0.69019608 0.56078431 0.51764706
v 0.06482357 -0.00749075 0.11941183 0.69411765 0.48235294 0.42352941
v 0.06482357 -0.00859827 0.12623537 0.69019608 0.45882353 0.39607843
v 0.06482357 -0.00585622 0.13305891 0.58431373 0.55294118 0.55686275
v 0.06482357 -0.00596386 0.13988245 0.52941176 0.57254902 0.60392157
v 0.05961078 0.00341183 -0.07164705 0.29411765 0.25882353 0.35686275
v 0.06482357 0.00341183 -0.06517386 0.34901961 0.29411765 0.35686275
v 0.06482357 0.00338203 -0.05799997 0.54117647 0.36470588 0.37254902
v 0.06482357 0.00341183 -0.06029987 0.39607843 0.26666667 0.29803922
v 0.06479871 0.00341183 -0.05799997 0.53725490 0.36078431 0.37254902
v 0.06482357 0.00341183 -0.05795419 0.54117647 0.36470588 0.37254902
v 0.06482357 0.00326079 0.02388239 0.78431373 0.72549020 0.65882353
v 0.06482357 0.00341183 0.02334994 0.78039216 0.72156863 0.65490196
v 0.06478149 0.00341183 0.02388239 0.78431373 0.72549020 0.65882353
v 0.06432813 0.00341183 0.03070593 0.65098039 0.60784314 0.54901961
v 0.06482357 -0.00159180 0.03070593 0.76862745 0.71764706 0.63921569
v 0.06473035 0.00341183 0.03752947 0.60784314 0.61176471 0.58823529
v 0.06482357 0.00274980 0.03752947 0.60784314 0.60784314 0.58039216
v 0.06435710 0.00341183 0.04435301 0.72941176 0.72549020 0.69803922
v 0.06471735 0.00341183 0.05117655 0.78039216 0.74509804 0.69019608
v 0.06482357 -0.00263613 0.05117655 0.80392157 0.75294118 0.67843137
v 0.06423616 0.00341183 0.05800003 0.80784314 0.72549020 0.63921569
v 0.06292152 0.00341183 0.06482357 0.81176471 0.67450980 0.56862745
v 0.06007987 0.01023537 -0.06482351 0.27843137 0.26274510 0.35294118
v 0.06482357 0.00377512 -0.06482351 0.34901961 0.29019608 0.35294118
v 0.06449002 0.01023537 -0.05799997 0.28235294 0.21568627 0.28235294
v 0.06482357 0.01023537 -0.05596620 0.26666667 0.18431373 0.24313725
v 0.06482357 0.00981885 0.00341183 0.64705882 0.56078431 0.54509804
v 0.06482357 0.01023537 -0.00019938 0.58039216 0.52549020 0.53725490
v 0.06443548 0.01023537 0.00341183 0.63529412 0.56078431 0.54901961
v 0.06386971 0.01023537 0.01023537 0.66274510 0.63529412 0.62745098
v 0.06482357 0.00828254 0.01023537 0.68627451 0.61568627 0.59215686
v 0.06320018 0.01023537 0.01705885 0.69803922 0.66666667 0.64705882
v 0.06482357 0.00649416 0.01705885 0.74509804 0.65490196 0.61176471
v 0.06393009 0.01023537 0.02388239 0.69411765 0.61568627 0.57254902
v 0.06408149 0.01023537 0.03070593 0.68235294 0.67058824 0.63921569
v 0.06433004 0.01023537 0.03752947 0.65882353 0.68235294 0.67843137
v 0.06438464 0.01023537 0.04435301 0.69803922 0.71764706 0.70980392
v 0.06450444 0.01023537 0.05117655 0.74901961 0.73725490 0.70588235
v 0.06410944 0.01023537 0.05800003 0.78431373 0.72549020 0.66274510
v 0.06334859 0.01023537 0.06482357 0.79215686 0.65882353 0.56470588
v 0.06286031 0.01705885 -0.05799997 0.14117647 0.13725490 0.22352941
v 0.06482357 0.01705885 -0.05536705 0.16470588 0.14509804 0.23137255
v 0.06482357 0.01705885 0.00328499 0.50980392 0.48235294 0.51764706
v 0.06478000 0.01705885 0.00341183 0.51372549 0.48235294 0.52156863
v 0.06339860 0.01705885 0.01023537 0.65490196 0.65098039 0.65098039
v 0.06316698 0.01705885 0.01705885 0.72941176 0.71764706 0.70196078
v 0.06431967 0.01705885 0.02388239 0.76862745 0.73333333 0.70588235
v 0.06463325 0.01705885 0.03070593 0.73333333 0.74117647 0.72941176
v 0.06448019 0.01705885 0.03752947 0.66666667 0.70588235 0.71372549
v 0.06437004 0.01705885 0.04435301 0.65882353 0.69411765 0.70196078
v 0.06425226 0.01705885 0.05117655 0.72549020 0.72941176 0.71764706
v 0.06381696 0.01705885 0.05800003 0.75686275 0.70980392 0.67058824
v 0.06284922 0.01705885 0.06482357 0.76470588 0.64313725 0.57254902
v 0.06402761 0.02388239 -0.05117649 0.07058824 0.07450980 0.14901961
v 0.06482357 0.02222157 -0.05117649 0.08627451 0.09019608 0.16078431
v 0.06482357 0.02388239 -0.05017698 0.07450980 0.07843137 0.15294118
v 0.06482357 0.02388239 0.00210506 0.47843137 0.47058824 0.53725490
v 0.06430542 0.02388239 0.00341183 0.60392157 0.58039216 0.61960784
v 0.06473762 0.02388239 0.01023537 0.81568627 0.74509804 0.70588235
v 0.06482357 0.02293974 0.01705885 0.80392157 0.74117647 0.69803922
v 0.06482357 0.02388239 0.01267248 0.80392157 0.74901961 0.70980392
v 0.06482357 0.01986700 0.02388239 0.77254902 0.74509804 0.72156863
v 0.06482357 0.01876193 0.03070593 0.72941176 0.74117647 0.73333333
v 0.06482357 0.02388239 0.03573692 0.67450980 0.71764706 0.72549020
v 0.06470865 0.02388239 0.03752947 0.65882353 0.70588235 0.72156863
v 0.06431592 0.02388239 0.04435301 0.62745098 0.67450980 0.69411765
v 0.06401330 0.02388239 0.05117655 0.67058824 0.69411765 0.69411765
v 0.06310755 0.02388239 0.05800003 0.69803922 0.66274510 0.64705882
v 0.05882049 0.02388239 0.06482357 0.80000000 0.69803922 0.63529412
v 0.05910790 0.03070593 -0.05117649 0.12941176 0.18039216 0.33333333
v 0.06420451 0.03070593 -0.04435295 0.07843137 0.09019608 0.18431373
v 0.06482357 0.03042382 -0.04435295 0.07450980 0.08627451 0.18039216
v 0.06482357 0.03070593 -0.04401141 0.08235294 0.09803922 0.19607843
v 0.06482357 0.02541846 0.00341183 0.69019608 0.67450980 0.70196078
v 0.06482357 0.02417541 0.01023537 0.81568627 0.74901961 0.70980392
v 0.06482357 0.03070593 0.03633428 0.65882353 0.70980392 0.72941176
v 0.06465900 0.03070593 0.03752947 0.65098039 0.70196078 0.72549020
v 0.06418139 0.03070593 0.04435301 0.61176471 0.67058824 0.70196078
v 0.06354707 0.03070593 0.05117655 0.60000000 0.64313725 0.66666667
v 0.05946165 0.03070593 0.05800003 0.72941176 0.69803922 0.69019608
v 0.06482357 0.03752947 -0.04376286 0.07843137 0.11372549 0.23921569
v 0.06482357 0.03752947 0.03249609 0.67450980 0.72156863 0.73725490
v 0.06435263 0.03752947 0.03752947 0.63921569 0.69803922 0.72941176
v 0.06375909 0.03752947 0.04435301 0.58039216 0.65098039 0.69411765
v 0.06122965 0.03752947 0.05117655 0.64313725 0.68235294 0.71372549
v 0.06482357 0.04435301 -0.04367608 0.10588235 0.14901961 0.29019608
v 0.06482357 0.03929710 0.03070593 0.68235294 0.72549020 0.74117647
v 0.06482357 0.04435301 0.02402180 0.73333333 0.72941176 0.72549020
v 0.06438124 0.04435301 0.03070593 0.69019608 0.72156863 0.74117647
v 0.06383729 0.04435301 0.03752947 0.63137255 0.68235294 0.72549020
v 0.06181777 0.04435301 0.04435301 0.61568627 0.66274510 0.70980392
v 0.06482357 0.05117655 -0.04352957 0.21176471 0.24705882 0.39607843
v 0.06482357 0.04935068 0.01705885 0.78431373 0.72156863 0.69803922
v 0.06482357 0.05117655 0.01600528 0.78823529 0.71372549 0.68627451
v 0.06463838 0.05117655 0.01705885 0.78039216 0.70980392 0.68627451
v 0.06416035 0.05117655 0.02388239 0.74509804 0.71372549 0.71764706
v 0.06482357 0.04446697 0.02388239 0.73333333 0.72941176 0.72549020
v 0.06328732 0.05117655 0.03070593 0.70980392 0.70980392 0.73333333
v 0.06096882 0.05117655 0.03752947 0.69019608 0.70196078 0.73333333
v 0.05993634 0.05800003 -0.04435295 0.24313725 0.25490196 0.37254902
v 0.06482357 0.05800003 -0.04354513 0.35686275 0.36862745 0.49411765
v 0.06482357 0.05512869 -0.01023531 0.63137255 0.70588235 0.80000000
v 0.06482357 0.05800003 -0.01310015 0.49019608 0.58431373 0.71372549
v 0.06413066 0.05800003 -0.01023531 0.69411765 0.73725490 0.80392157
v 0.06482357 0.05800003 -0.00850981 0.72549020 0.75686275 0.81176471
v 0.06482357 0.05695122 0.01023537 0.77254902 0.69019608 0.67843137
v 0.06482357 0.05800003 0.00929147 0.76862745 0.68627451 0.68235294
v 0.06463575 0.05800003 0.01023537 0.77254902 0.68627451 0.68235294
v 0.06359988 0.05800003 0.01705885 0.77647059 0.69411765 0.69411765
v 0.06163037 0.05800003 0.02388239 0.76862745 0.69411765 0.69803922
v 0.06083500 0.06482357 -0.04435295 0.42352941 0.45490196 0.54509804
v 0.06482357 0.06482357 -0.04355717 0.56078431 0.56862745 0.64313725
v 0.06482357 0.06127810 -0.01705885 0.42745098 0.49019608 0.61176471
v 0.06482357 0.06482357 -0.02050805 0.34117647 0.36078431 0.46666667
v 0.06365526 0.06482357 -0.01705885 0.61568627 0.63921569 0.69803922
v 0.06416851 0.06482357 -0.01023531 0.75294118 0.74509804 0.77647059
v 0.06450206 0.06482357 -0.00341177 0.75294118 0.71372549 0.74117647
v 0.06482357 0.06338143 -0.00341177 0.75294118 0.72156863 0.75294118
v 0.06392002 0.06482357 0.00341183 0.76078431 0.68627451 0.70196078
v 0.06482357 0.06311285 0.00341183 0.75686275 0.69019608 0.70588235
v 0.06217200 0.06482357 0.01023537 0.75294118 0.69019608 0.71372549
v 0.06402975 0.07164711 -0.04435295 0.53725490 0.52941176 0.58431373
v 0.06482357 0.07164711 -0.04402411 0.55686275 0.54901961 0.60000000
v 0.06482357 0.06842625 -0.02388233 0.30980392 0.30196078 0.38431373
v 0.06482357 0.07164711 -0.02597117 0.25098039 0.25098039 0.31764706
v 0.06340146 0.07164711 -0.02388233 0.29019608 0.29019608 0.36078431
v 0.06014347 0.07164711 -0.01705885 0.68235294 0.67450980 0.70588235
v 0.05894631 0.07164711 -0.01023531 0.75686275 0.72941176 0.74509804
v 0.06430358 0.07847065 -0.04435295 0.32156863 0.30980392 0.35294118
v 0.06482357 0.07847065 -0.04400980 0.34901961 0.34117647 0.38431373
v 0.06482357 0.07847065 -0.02571374 0.27843137 0.28627451 0.33725490
v 0.06182319 0.07847065 -0.02388233 0.29019608 0.29411765 0.34509804
v 0.05855066 0.08529419 -0.05117649 0.23529412 0.23137255 0.23921569
v 0.06482357 0.07987356 -0.04435295 0.32156863 0.31764706 0.35294118
v 0.06482357 0.08529419 -0.04726803 0.24705882 0.24705882 0.26274510
v 0.06482357 0.08529419 -0.02585125 0.30196078 0.31372549 0.34901961
v 0.05997014 0.08529419 -0.02388233 0.30196078 0.30980392 0.34117647
v 0.06100148 0.09211767 -0.05117649 0.30980392 0.31764706 0.31372549
v 0.06482357 0.09211767 -0.04839647 0.35686275 0.36470588 0.36078431
v 0.06482357 0.09211767 -0.02552140 0.31764706 0.33333333 0.36470588
v 0.05894154 0.09211767 -0.02388233 0.32156863 0.32549020 0.34901961
v 0.05933785 0.09894121 -0.05117649 0.37647059 0.38039216 0.37647059
v 0.06352252 0.09894121 -0.04435295 0.42352941 0.42352941 0.41568627
v 0.06482357 0.09725404 -0.04435295 0.56862745 0.57254902 0.55686275
v 0.06482357 0.09894121 -0.04272318 0.55294118 0.55294118 0.53725490
v 0.06482357 0.09790361 -0.03070587 0.40000000 0.40784314 0.41176471
v 0.06482357 0.09894121 -0.03257155 0.41960784 0.42352941 0.42352941
v 0.06354105 0.09894121 -0.03070587 0.39215686 0.39607843 0.40000000
v 0.05999565 0.10576475 -0.03752941 0.42745098 0.41568627 0.42352941
v 0.06482357 0.10286266 -0.03752941 0.43137255 0.42352941 0.42745098
v 0.06873703 -0.12623531 0.01023537 0.63921569 0.69803922 0.76078431
v 0.06902039 -0.12623531 0.01705885 0.63921569 0.70196078 0.76078431
v 0.06655538 -0.11941177 -0.00341177 0.18431373 0.32156863 0.57647059
v 0.06579775 -0.11941177 0.00341183 0.22745098 0.30196078 0.50196078
v 0.07000244 -0.11941177 0.01023537 0.47450980 0.52549020 0.64313725
v 0.07002658 -0.11941177 0.01705885 0.56078431 0.61960784 0.71372549
v 0.06616056 -0.11941177 0.02388239 0.18823529 0.27450980 0.49019608
v 0.06866634 -0.11258823 0.01023537 0.22352941 0.22352941 0.41176471
v 0.06900990 -0.11258823 0.01705885 0.23529412 0.24705882 0.45098039
v 0.06679714 -0.10576469 -0.01705885 0.08235294 0.10980392 0.25098039
v 0.06731111 -0.10576469 0.00341183 0.12941176 0.13725490 0.33725490
v 0.06945777 -0.10576469 0.01023537 0.22352941 0.23921569 0.49411765
v 0.06947786 -0.10576469 0.01705885 0.26666667 0.29803922 0.56862745
v 0.06525940 -0.10576469 0.02388239 0.22745098 0.26666667 0.56470588
v 0.06825155 -0.09894115 -0.02388233 0.12156863 0.11764706 0.21960784
v 0.06854433 -0.09894115 -0.01705885 0.12941176 0.13725490 0.23921569
v 0.06515783 -0.09894115 -0.01023531 0.10980392 0.10980392 0.21568627
v 0.06653494 -0.09894115 -0.00341177 0.09803922 0.09411765 0.22745098
v 0.06747043 -0.09894115 0.00341183 0.14901961 0.15686275 0.38431373
v 0.06893927 -0.09894115 0.01023537 0.27450980 0.37647059 0.67843137
v 0.06895357 -0.09894115 0.01705885 0.32941176 0.44313725 0.73333333
v 0.06591761 -0.09894115 0.02388239 0.26274510 0.32549020 0.64313725
v 0.06895369 -0.09894115 0.01705885 0.32941176 0.44313725 0.73333333
v 0.06799251 -0.09211767 -0.03070587 0.14901961 0.12549020 0.22745098
v 0.07017261 -0.09211767 -0.02388233 0.16862745 0.15686275 0.25490196
v 0.06986421 -0.09211767 -0.01705885 0.15686275 0.16470588 0.26274510
v 0.06691492 -0.09211767 -0.01023531 0.10588235 0.10980392 0.21568627
v 0.06685448 -0.09211767 -0.00341177 0.10588235 0.10196078 0.24705882
v 0.06805617 -0.09211767 0.00341183 0.16078431 0.16862745 0.41176471
v 0.06937146 -0.09211767 0.01023537 0.28627451 0.38823529 0.70196078
v 0.06932366 -0.09211767 0.01705885 0.34117647 0.45490196 0.76078431
v 0.06508267 -0.09211767 0.02388239 0.26666667 0.33333333 0.65882353
v 0.06862909 -0.08529413 -0.03070587 0.10196078 0.09019608 0.17254902
v 0.07064319 -0.08529413 -0.02388233 0.13725490 0.14901961 0.27058824
v 0.07146800 -0.08529413 -0.01705885 0.14509804 0.17254902 0.32549020
v 0.06934512 -0.08529413 -0.01023531 0.12941176 0.17254902 0.34901961
v 0.06736887 -0.08529413 -0.00341177 0.20000000 0.24705882 0.47450980
v 0.06965262 -0.08529413 0.00341183 0.18039216 0.20392157 0.45490196
v 0.07117659 -0.08529413 0.01023537 0.28235294 0.29803922 0.58039216
v 0.07091087 -0.08529413 0.01705885 0.32549020 0.34901961 0.64705882
v 0.06509149 -0.08529413 0.03752947 0.48235294 0.58431373 0.82745098
v 0.06837720 -0.07847059 -0.03752941 0.39607843 0.32549020 0.36470588
v 0.07074660 -0.07847059 -0.03070587 0.31372549 0.33333333 0.44705882
v 0.07164711 -0.08004820 -0.02388233 0.16862745 0.21960784 0.37647059
v 0.07164711 -0.07847059 -0.02571839 0.25098039 0.31764706 0.47450980
v 0.07164711 -0.08461386 -0.01705885 0.14509804 0.17647059 0.33333333
v 0.07164711 -0.07847059 -0.01074934 0.23137255 0.34117647 0.57647059
v 0.07159513 -0.07847059 -0.01023531 0.25882353 0.37647059 0.60784314
v 0.07114637 -0.07847059 -0.00341177 0.33333333 0.45098039 0.66666667
v 0.07141864 -0.07847059 0.00341183 0.23529412 0.30196078 0.54509804
v 0.07156754 -0.07847059 0.01023537 0.27450980 0.30588235 0.55294118
v 0.07116556 -0.07847059 0.01705885 0.30196078 0.34117647 0.61176471
v 0.06995058 -0.07847059 0.02388239 0.41176471 0.51764706 0.77647059
v 0.06978363 -0.07847059 0.03070593 0.59607843 0.70588235 0.87450980
v 0.06881911 -0.07847059 0.03752947 0.42352941 0.54117647 0.81176471
v 0.06609178 -0.07847059 0.12623537 0.61568627 0.56470588 0.56078431
v 0.06661892 -0.07847059 0.13305891 0.60000000 0.58431373 0.59607843
v 0.07164711 -0.07348341 -0.04435295 0.61568627 0.55294118 0.52549020
v 0.07164711 -0.07164705 -0.04613835 0.50980392 0.45490196 0.45882353
v 0.07164711 -0.07770574 -0.03752941 0.35686275 0.29019608 0.32941176
v 0.07164711 -0.07731754 -0.03070587 0.37254902 0.40392157 0.50980392
v 0.07164711 -0.07814604 -0.01023531 0.26274510 0.38431373 0.61176471
v 0.07164711 -0.07635027 -0.00341177 0.33725490 0.47450980 0.68235294
v 0.07164711 -0.07600623 0.00341183 0.25098039 0.33333333 0.56862745
v 0.07164711 -0.07791054 0.01023537 0.27450980 0.30980392 0.54901961
v 0.07164711 -0.07164705 0.01579636 0.50588235 0.60000000 0.72156863
v 0.07152963 -0.07164705 0.01705885 0.41176471 0.50196078 0.68235294
v 0.07089776 -0.07164705 0.02388239 0.41568627 0.55294118 0.77254902
v 0.07075447 -0.07164705 0.03070593 0.40000000 0.55294118 0.81568627
v 0.06926006 -0.07164705 0.03752947 0.27843137 0.40392157 0.72549020
v 0.06592655 -0.07164705 0.04435301 0.32549020 0.47450980 0.79215686
v 0.06916052 -0.07164705 0.11941183 0.63921569 0.54509804 0.50588235
v 0.07064295 -0.07164705 0.12623537 0.65490196 0.56862745 0.53333333
v 0.07111132 -0.07164705 0.13305891 0.63921569 0.59607843 0.56862745
v 0.07088888 -0.07164705 0.13988245 0.62745098 0.61568627 0.60392157
v 0.06890810 -0.07164705 0.14670599 0.61568627 0.63529412 0.63137255
v 0.07164711 -0.06482351 -0.04989105 0.35294118 0.34117647 0.40000000
v 0.07164711 -0.06864899 0.01705885 0.61176471 0.69803922 0.77254902
v 0.07164711 -0.06482351 0.01888990 0.45882353 0.55686275 0.71764706
v 0.07105273 -0.06482351 0.02388239 0.45882353 0.58823529 0.77254902
v 0.07085890 -0.06482351 0.03070593 0.36078431 0.50980392 0.77647059
v 0.06992996 -0.06482351 0.03752947 0.30980392 0.43529412 0.72549020
v 0.06802219 -0.06482351 0.04435301 0.39215686 0.52941176 0.78039216
v 0.06783384 -0.06482351 0.11258829 0.63529412 0.52549020 0.43921569
v 0.07105315 -0.06482351 0.11941183 0.71372549 0.53725490 0.44705882
v 0.07164711 -0.06692582 0.12623537 0.69411765 0.57254902 0.50196078
v 0.07164711 -0.06482351 0.12381065 0.73725490 0.55294118 0.45882353
v 0.07164711 -0.06895232 0.13305891 0.65490196 0.60000000 0.55686275
v 0.07164711 -0.06756169 0.13988245 0.65098039 0.62352941 0.58039216
v 0.07164711 -0.06482351 0.14408135 0.67450980 0.63529412 0.58039216
v 0.07145983 -0.06482351 0.14670599 0.66666667 0.64313725 0.59607843
v 0.06944352 -0.06482351 0.15352941 0.64705882 0.65490196 0.64313725
v 0.06563365 -0.05799997 -0.05799997 0.12156863 0.16078431 0.27450980
v 0.07037646 -0.05799997 -0.05117649 0.56470588 0.54117647 0.57254902
v 0.07164711 -0.05799997 -0.05060309 0.61176471 0.57254902 0.59215686
v 0.07164711 -0.05967724 0.00341183 0.44313725 0.53725490 0.68627451
v 0.07164711 -0.05799997 0.00131768 0.49019608 0.58823529 0.71764706
v 0.07143068 -0.05799997 0.00341183 0.47450980 0.56078431 0.69803922
v 0.07097173 -0.05799997 0.01023537 0.52156863 0.57254902 0.69411765
v 0.07164711 -0.05958474 0.01023537 0.53725490 0.59607843 0.70980392
v 0.07055199 -0.05799997 0.01705885 0.52941176 0.57647059 0.70980392
v 0.07164711 -0.06305349 0.01705885 0.56862745 0.65098039 0.75294118
v 0.07018214 -0.05799997 0.02388239 0.53725490 0.62352941 0.76862745
v 0.07010281 -0.05799997 0.03070593 0.58431373 0.68627451 0.83137255
v 0.07011902 -0.05799997 0.03752947 0.56862745 0.66666667 0.83921569
v 0.06786805 -0.05799997 0.04435301 0.54509804 0.65882353 0.81960784
v 0.06631815 -0.05799997 0.10576475 0.64313725 0.48235294 0.36470588
v 0.06789094 -0.05799997 0.11258829 0.69019608 0.48627451 0.37254902
v 0.06976938 -0.05799997 0.11941183 0.74117647 0.50196078 0.40392157
v 0.07147348 -0.05799997 0.12623537 0.78039216 0.58823529 0.48235294
v 0.07164711 -0.06070679 0.12623537 0.75686275 0.57254902 0.46666667
v 0.07164711 -0.05799997 0.12719560 0.77647059 0.59215686 0.49019608
v 0.07164711 -0.05799997 0.14526355 0.76862745 0.66274510 0.56862745
v 0.07147628 -0.05799997 0.14670599 0.76862745 0.67450980 0.58431373
v 0.07105076 -0.05799997 0.15352941 0.72549020 0.67450980 0.63529412
v 0.06506282 -0.05117649 -0.05799997 0.23921569 0.23529412 0.34117647
v 0.07164711 -0.05685127 -0.05117649 0.61176471 0.57254902 0.59607843
v 0.07164711 -0.05117649 -0.05580407 0.44313725 0.38039216 0.47058824
v 0.07164711 -0.05201656 -0.01023531 0.51372549 0.61568627 0.70980392
v 0.07164711 -0.05117649 -0.01283056 0.51372549 0.61568627 0.70588235
v 0.07132459 -0.05117649 -0.01023531 0.50980392 0.60784314 0.69803922
v 0.07066911 -0.05117649 -0.00341177 0.51372549 0.58823529 0.69019608
v 0.07164711 -0.05452651 -0.00341177 0.52549020 0.61960784 0.72941176
v 0.06981915 -0.05117649 0.00341183 0.52549020 0.56470588 0.67843137
v 0.06869829 -0.05117649 0.01023537 0.56862745 0.56470588 0.67843137
v 0.06663138 -0.05117649 0.01705885 0.57254902 0.56862745 0.68627451
v 0.06571281 -0.05117649 0.02388239 0.58431373 0.62352941 0.73725490
v 0.06816417 -0.05117649 0.03752947 0.72156863 0.77647059 0.85882353
v 0.06581330 -0.05117649 0.04435301 0.57647059 0.65882353 0.76470588
v 0.06644219 -0.05117649 0.09894121 0.62745098 0.40392157 0.30980392
v 0.06793648 -0.05117649 0.10576475 0.67450980 0.43529412 0.33725490
v 0.06614548 -0.05117649 0.11258829 0.58431373 0.30980392 0.24705882
v 0.07164711 -0.05415285 0.11941183 0.38039216 0.14117647 0.12156863
v 0.07164711 -0.05117649 0.11654180 0.43921569 0.20392157 0.17254902
v 0.07164711 -0.05117649 0.12374997 0.47450980 0.27058824 0.23921569
v 0.07103461 -0.05117649 0.12623537 0.38431373 0.17647059 0.15686275
v 0.07081991 -0.05117649 0.13305891 0.82745098 0.66274510 0.55294118
v 0.07164711 -0.05329543 0.13305891 0.81568627 0.66274510 0.55294118
v 0.07152689 -0.05117649 0.13988245 0.83137255 0.70588235 0.60000000
v 0.07164711 -0.05186486 0.13988245 0.82352941 0.69803922 0.59607843
v 0.07071960 -0.05117649 0.14670599 0.83137255 0.72549020 0.61176471
v 0.07087785 -0.05117649 0.15352941 0.83921569 0.74117647 0.67058824
v 0.06953388 -0.05117649 0.16035295 0.74901961 0.68627451 0.67450980
v 0.06846130 -0.04435295 -0.05799997 0.52156863 0.42352941 0.47450980
v 0.07164711 -0.04435295 -0.05683422 0.63921569 0.50588235 0.54117647
v 0.07164711 -0.04593003 -0.01705885 0.43529412 0.48627451 0.54901961
v 0.07164711 -0.04435295 -0.01803064 0.42352941 0.46274510 0.51372549
v 0.07145607 -0.04435295 -0.01705885 0.41568627 0.46274510 0.51764706
v 0.07044923 -0.04435295 -0.01023531 0.38431373 0.45490196 0.52549020
v 0.07088190 -0.04435295 -0.00341177 0.40000000 0.48235294 0.56862745
v 0.07164711 -0.04441774 0.00341183 0.43529412 0.52549020 0.62745098
v 0.07164711 -0.04435295 0.00326723 0.43529412 0.52549020 0.62745098
v 0.07164711 -0.04639477 0.01023537 0.47843137 0.54901961 0.65882353
v 0.07164711 -0.04435295 0.01472121 0.48627451 0.58431373 0.69411765
v 0.07148862 -0.04435295 0.01705885 0.50588235 0.59215686 0.69411765
v 0.07030779 -0.04435295 0.02388239 0.56862745 0.61568627 0.70588235
v 0.06615263 -0.04435295 0.03070593 0.55294118 0.57647059 0.66666667
v 0.06625110 -0.04435295 0.04435301 0.58039216 0.60784314 0.67058824
v 0.06848449 -0.04435295 0.09894121 0.66666667 0.32549020 0.27450980
v 0.06610191 -0.04435295 0.10576475 0.68235294 0.36470588 0.29019608
v 0.07164711 -0.04630220 0.11258829 0.37647059 0.16862745 0.14509804
v 0.07164711 -0.04435295 0.11072737 0.27058824 0.10196078 0.09019608
v 0.07164711 -0.05108529 0.12623537 0.37647059 0.18039216 0.15686275
v 0.07164711 -0.04442739 0.13305891 0.29803922 0.19215686 0.16862745
v 0.07164711 -0.04435295 0.13313663 0.29411765 0.19215686 0.16862745
v 0.07063228 -0.04435295 0.13988245 0.85882353 0.76470588 0.66666667
v 0.07094747 -0.04435295 0.14670599 0.84705882 0.72156863 0.60000000
v 0.07054901 -0.04435295 0.15352941 0.84705882 0.71764706 0.62352941
v 0.07063425 -0.04435295 0.16035295 0.82745098 0.71372549 0.67843137
v 0.07146144 -0.03752941 -0.05799997 0.68235294 0.50588235 0.49803922
v 0.07164711 -0.03752941 -0.05791181 0.68627451 0.50588235 0.49803922
v 0.07164711 -0.03752941 -0.01799524 0.55686275 0.56078431 0.56078431
v 0.07141054 -0.03752941 -0.01705885 0.54901961 0.56078431 0.56470588
v 0.06993723 -0.03752941 -0.01023531 0.50980392 0.54901961 0.57254902
v 0.06900102 -0.03752941 -0.00341177 0.47843137 0.52941176 0.57647059
v 0.06949019 -0.03752941 0.00341183 0.48627451 0.54901961 0.61960784
v 0.07164711 -0.04428399 0.00341183 0.43529412 0.52941176 0.62745098
v 0.07103872 -0.03752941 0.01023537 0.51764706 0.60000000 0.67843137
v 0.07164711 -0.04106182 0.01023537 0.45098039 0.60392157 0.69803922
v 0.07088846 -0.03752941 0.01705885 0.55294118 0.61568627 0.69411765
v 0.06956065 -0.03752941 0.02388239 0.60000000 0.62352941 0.68235294
v 0.06530648 -0.03752941 0.03070593 0.56470588 0.56078431 0.61176471
v 0.06709230 -0.03752941 0.04435301 0.60392157 0.60000000 0.61960784
v 0.06896800 -0.03752941 0.09894121 0.70588235 0.31372549 0.27450980
v 0.06671798 -0.03752941 0.10576475 0.67058824 0.30588235 0.25098039
v 0.07164711 -0.03752941 0.10757577 0.16862745 0.03921569 0.03921569
v 0.07164711 -0.03752941 0.13867426 0.77647059 0.61568627 0.51372549
v 0.07010907 -0.03752941 0.13988245 0.83137255 0.71764706 0.61176471
v 0.07137561 -0.03752941 0.14670599 0.85882353 0.72941176 0.61176471
v 0.07029742 -0.03752941 0.15352941 0.68627451 0.47450980 0.37647059
v 0.07065064 -0.03752941 0.16035295 0.85490196 0.74117647 0.70588235
v 0.06765139 -0.03070587 -0.06482351 0.48235294 0.34509804 0.37647059
v 0.07164711 -0.03723729 -0.05799997 0.68627451 0.50588235 0.49803922
v 0.07164711 -0.03070587 -0.06294864 0.65490196 0.44705882 0.45490196
v 0.07164711 -0.03717786 -0.01705885 0.56862745 0.57254902 0.57254902
v 0.07164711 -0.03486425 -0.01023531 0.64705882 0.64313725 0.64313725
v 0.07164711 -0.03070587 -0.00354874 0.72549020 0.69803922 0.67450980
v 0.07162058 -0.03070587 -0.00341177 0.72549020 0.69803922 0.67450980
v 0.07047743 -0.03070587 0.00341183 0.74901961 0.69411765 0.67450980
v 0.06883258 -0.03070587 0.01023537 0.76862745 0.67843137 0.66274510
v 0.06736070 -0.03070587 0.01705885 0.75294118 0.65882353 0.64705882
v 0.06530893 -0.03070587 0.03752947 0.77254902 0.76078431 0.75686275
v 0.06744301 -0.03070587 0.04435301 0.63529412 0.61568627 0.60392157
v 0.06500095 -0.03070587 0.09211767 0.69019608 0.37254902 0.28627451
v 0.06954831 -0.03070587 0.09894121 0.63921569 0.26666667 0.22745098
v 0.06893885 -0.03070587 0.10576475 0.74901961 0.41960784 0.32549020
v 0.07164711 -0.03070587 0.11106992 0.30588235 0.08235294 0.07450980
v 0.07164711 -0.03070587 0.13780618 0.77647059 0.54117647 0.41960784
v 0.07115948 -0.03070587 0.13988245 0.84313725 0.69019608 0.56078431
v 0.07100409 -0.03070587 0.14670599 0.74509804 0.55686275 0.42352941
v 0.06950361 -0.03070587 0.15352941 0.29411765 0.16078431 0.12156863
v 0.07027912 -0.03070587 0.16035295 0.80000000 0.73725490 0.72941176
v 0.06482357 -0.03070587 0.16576433 0.70588235 0.68627451 0.72549020
v 0.07004321 -0.02388233 -0.06482351 0.64313725 0.44705882 0.43529412
v 0.07164711 -0.02388233 -0.06408846 0.70588235 0.49019608 0.46666667
v 0.07164711 -0.03068346 -0.00341177 0.72549020 0.69803922 0.67450980
v 0.07164711 -0.02974498 0.00341183 0.75294118 0.69411765 0.67058824
v 0.07164711 -0.02772725 0.01023537 0.77254902 0.68235294 0.65098039
v 0.07164711 -0.02388233 0.01551068 0.75294118 0.67058824 0.63137255
v 0.07141924 -0.02388233 0.01705885 0.75294118 0.67058824 0.63137255
v 0.07020748 -0.02388233 0.02388239 0.74509804 0.66666667 0.61960784
v 0.06949270 -0.02388233 0.03070593 0.79215686 0.74901961 0.71372549
v 0.06612009 -0.02388233 0.03752947 0.74901961 0.72549020 0.69411765
v 0.06758636 -0.02388233 0.04435301 0.65098039 0.61568627 0.57254902
v 0.06976444 -0.02388233 0.09894121 0.49019608 0.20392157 0.18431373
v 0.06985062 -0.02388233 0.10576475 0.76078431 0.44313725 0.33725490
v 0.07053918 -0.02388233 0.11258829 0.46274510 0.14117647 0.11764706
v 0.07164711 -0.02871132 0.11258829 0.36862745 0.10588235 0.09411765
v 0.07164711 -0.02388233 0.11334401 0.36078431 0.09411765 0.08235294
v 0.07164711 -0.02582324 0.13305891 0.35294118 0.12549020 0.09803922
v 0.07164711 -0.02388233 0.13267982 0.38039216 0.13333333 0.10196078
v 0.07125986 -0.02388233 0.13305891 0.42745098 0.16078431 0.12156863
v 0.07164711 -0.02525604 0.13988245 0.82352941 0.66666667 0.52941176
v 0.07164711 -0.02388233 0.13840103 0.81568627 0.63137255 0.49411765
v 0.07164711 -0.02388233 0.14064670 0.80784314 0.64705882 0.50588235
v 0.07054973 -0.02388233 0.14670599 0.27450980 0.15686275 0.11372549
v 0.06930238 -0.02388233 0.15352941 0.19215686 0.14901961 0.13333333
v 0.06862319 -0.02388233 0.16035295 0.74117647 0.72549020 0.74117647
v 0.07130623 -0.01705885 -0.06482351 0.72549020 0.48235294 0.44313725
v 0.07164711 -0.01705885 -0.06456017 0.73725490 0.49019608 0.44705882
v 0.07164711 -0.02307743 0.01705885 0.74901961 0.67058824 0.62745098
v 0.07164711 -0.01705885 0.02330971 0.74509804 0.67843137 0.61176471
v 0.07150489 -0.01705885 0.02388239 0.74509804 0.67843137 0.61176471
v 0.07049251 -0.01705885 0.03070593 0.78823529 0.73725490 0.67450980
v 0.06722575 -0.01705885 0.03752947 0.70980392 0.66274510 0.60000000
v 0.06567258 -0.01705885 0.04435301 0.68235294 0.61960784 0.53333333
v 0.06825113 -0.01705885 0.09894121 0.39607843 0.22745098 0.21960784
v 0.06964922 -0.01705885 0.10576475 0.70980392 0.39607843 0.30588235
v 0.07034886 -0.01705885 0.11258829 0.80392157 0.49411765 0.36470588
v 0.07164711 -0.01705885 0.11364168 0.77647059 0.42745098 0.31372549
v 0.07164711 -0.01705885 0.13265312 0.66274510 0.33725490 0.24313725
v 0.07134968 -0.01705885 0.13305891 0.69411765 0.38039216 0.27450980
v 0.07157171 -0.01705885 0.13988245 0.69803922 0.52941176 0.41176471
v 0.07164711 -0.02045590 0.13988245 0.78823529 0.61176471 0.46274510
v 0.07027912 -0.01705885 0.14670599 0.17647059 0.15294118 0.13333333
v 0.06811303 -0.01705885 0.15352941 0.16862745 0.18431373 0.18823529
v 0.07077044 -0.01023531 -0.06482351 0.67843137 0.43137255 0.41960784
v 0.07164711 -0.01023531 -0.06412816 0.74117647 0.48235294 0.45490196
v 0.07164711 -0.01023531 0.02248943 0.74901961 0.68235294 0.60784314
v 0.07128817 -0.01023531 0.02388239 0.74901961 0.68235294 0.60784314
v 0.07030350 -0.01023531 0.03070593 0.79607843 0.74509804 0.67843137
v 0.06825489 -0.01023531 0.03752947 0.67450980 0.62745098 0.55686275
v 0.06572866 -0.01023531 0.10576475 0.64313725 0.50196078 0.46274510
v 0.06727344 -0.01023531 0.11258829 0.75294118 0.54509804 0.45490196
v 0.06737798 -0.01023531 0.11941183 0.86274510 0.70588235 0.57254902
v 0.07164711 -0.01135159 0.11941183 0.86666667 0.70980392 0.57647059
v 0.06627780 -0.01023531 0.12623537 0.76078431 0.49019608 0.39215686
v 0.07164711 -0.01140493 0.12623537 0.81568627 0.57254902 0.44705882
v 0.06894004 -0.01023531 0.13305891 0.64313725 0.47058824 0.40392157
v 0.06877959 -0.01023531 0.13988245 0.52156863 0.48627451 0.46666667
v 0.06898689 -0.00341177 -0.06482351 0.43529412 0.29019608 0.33725490
v 0.07164711 -0.00341177 -0.06075859 0.75686275 0.52549020 0.49019608
v 0.07164711 -0.00497705 0.01705885 0.74509804 0.67450980 0.61176471
v 0.07164711 -0.00341177 0.01392478 0.74509804 0.66666667 0.60784314
v 0.07116288 -0.00341177 0.01705885 0.74901961 0.67058824 0.61176471
v 0.06968415 -0.00341177 0.02388239 0.76078431 0.69411765 0.62352941
v 0.06559706 -0.00341177 0.03070593 0.79215686 0.74117647 0.66666667
v 0.06783652 -0.00341177 0.03752947 0.62745098 0.61176471 0.56862745
v 0.06493962 -0.00341177 0.05117655 0.80784314 0.75294118 0.67843137
v 0.06516653 0.00341183 -0.06482351 0.34901961 0.29019608 0.35294118
v 0.07164711 -0.00061721 -0.05799997 0.78431373 0.58823529 0.52941176
v 0.07164711 0.00341183 -0.05277526 0.80000000 0.59215686 0.54117647
v 0.07164711 0.00242251 0.00341183 0.75686275 0.67843137 0.62352941
v 0.07164711 0.00341183 0.00094712 0.75686275 0.69019608 0.63921569
v 0.07102066 0.00341183 0.00341183 0.76470588 0.67843137 0.62352941
v 0.06918663 0.00341183 0.01023537 0.74901961 0.65098039 0.60392157
v 0.07164711 -0.00070673 0.01023537 0.74509804 0.66274510 0.60784314
v 0.06744790 0.00341183 0.01705885 0.74509804 0.65882353 0.60392157
v 0.06834847 0.01023537 -0.05117649 0.25882353 0.14509804 0.19215686
v 0.07164711 0.00540310 -0.05117649 0.70588235 0.44705882 0.43529412
v 0.07164711 0.01023537 -0.05044949 0.29019608 0.15294118 0.20392157
v 0.07164711 0.00939727 -0.01705885 0.57647059 0.63529412 0.69019608
v 0.07164711 0.01023537 -0.02227873 0.25490196 0.26274510 0.35294118
v 0.07077521 0.01023537 -0.01705885 0.51372549 0.58431373 0.65882353
v 0.06965750 0.01023537 -0.01023531 0.59215686 0.65098039 0.69803922
v 0.07164711 0.00871962 -0.01023531 0.67450980 0.70980392 0.74117647
v 0.07077533 0.01023537 -0.01705885 0.51372549 0.58431373 0.65882353
v 0.06631362 0.01023537 -0.00341177 0.56862745 0.55294118 0.58431373
v 0.07164711 0.00657398 -0.00341177 0.74901961 0.71372549 0.70588235
v 0.06937999 0.01705885 -0.05117649 0.21960784 0.18039216 0.26274510
v 0.07164711 0.01705885 -0.05023837 0.25098039 0.20392157 0.28627451
v 0.07164711 0.01623875 -0.01705885 0.29803922 0.40392157 0.54901961
v 0.07164711 0.01705885 -0.01600218 0.29019608 0.40784314 0.56078431
v 0.07099879 0.01705885 -0.01023531 0.31372549 0.41568627 0.55294118
v 0.07040566 0.01705885 -0.00341177 0.38431373 0.40784314 0.50588235
v 0.07164711 0.02388239 -0.04616743 0.10196078 0.09411765 0.17254902
v 0.07164711 0.01823360 -0.01023531 0.29411765 0.39607843 0.54509804
v 0.07164711 0.02388239 -0.00529069 0.22352941 0.28627451 0.42352941
v 0.06985670 0.02388239 -0.00341177 0.20392157 0.25098039 0.37254902
v 0.06550288 0.02388239 0.01705885 0.80784314 0.74117647 0.69803922
v 0.06718129 0.02388239 0.02388239 0.76078431 0.74117647 0.72941176
v 0.06739491 0.02388239 0.03070593 0.70588235 0.72941176 0.73725490
v 0.07164711 0.02629113 -0.04435295 0.07450980 0.07058824 0.14117647
v 0.07164711 0.03070593 -0.04065096 0.22745098 0.24705882 0.39607843
v 0.07164711 0.03070593 -0.00462216 0.08627451 0.13333333 0.27058824
v 0.06845164 0.03070593 -0.00341177 0.22745098 0.32549020 0.49019608
v 0.06886774 0.03070593 0.00341183 0.80000000 0.79607843 0.81176471
v 0.06891441 0.03070593 0.01023537 0.84313725 0.78431373 0.76862745
v 0.06868386 0.03070593 0.01705885 0.81568627 0.75686275 0.73333333
v 0.06909090 0.03070593 0.02388239 0.73725490 0.72941176 0.73333333
v 0.06871122 0.03070593 0.03070593 0.66666667 0.70980392 0.72941176
v 0.07164711 0.03752947 -0.04205614 0.21960784 0.29411765 0.46666667
v 0.07164711 0.03752947 -0.00511193 0.23137255 0.36078431 0.60000000
v 0.06899083 0.03752947 -0.00341177 0.61960784 0.72941176 0.82352941
v 0.07056797 0.03752947 0.00341183 0.79215686 0.80392157 0.83137255
v 0.07050949 0.03752947 0.01023537 0.87058824 0.84705882 0.83921569
v 0.06935364 0.03752947 0.01705885 0.85098039 0.82745098 0.80784314
v 0.06867391 0.03752947 0.02388239 0.72156863 0.72941176 0.73725490
v 0.06602967 0.03752947 0.03070593 0.68235294 0.72549020 0.74117647
v 0.07164711 0.04435301 -0.04221368 0.23921569 0.31764706 0.49019608
v 0.07164711 0.04435301 -0.00888854 0.09019608 0.16470588 0.39215686
v 0.07010937 0.04435301 -0.00341177 0.74117647 0.80392157 0.86666667
v 0.07100981 0.04435301 0.00341183 0.77254902 0.78039216 0.81960784
v 0.07023364 0.04435301 0.01023537 0.85490196 0.83529412 0.82745098
v 0.06783569 0.04435301 0.01705885 0.85490196 0.83529412 0.81176471
v 0.06490934 0.04435301 0.02388239 0.73333333 0.72941176 0.72549020
v 0.07164711 0.05117655 -0.04170996 0.30980392 0.34901961 0.50588235
v 0.07164711 0.04545516 -0.01023531 0.08235294 0.14509804 0.35294118
v 0.07164711 0.05117655 -0.01259363 0.10588235 0.17647059 0.38431373
v 0.06702268 0.05117655 -0.01023531 0.33725490 0.47450980 0.67058824
v 0.06997311 0.05117655 -0.00341177 0.76862745 0.79607843 0.84705882
v 0.07046843 0.05117655 0.00341183 0.76470588 0.74901961 0.78823529
v 0.06901097 0.05117655 0.01023537 0.78431373 0.71372549 0.72941176
v 0.07164711 0.05800003 -0.04120660 0.43529412 0.45098039 0.56862745
v 0.07164711 0.05595672 -0.01705885 0.14117647 0.20000000 0.37254902
v 0.07164711 0.05800003 -0.02091330 0.15686275 0.20392157 0.34117647
v 0.06735522 0.05800003 -0.01705885 0.18431373 0.25490196 0.41960784
v 0.06823301 0.05800003 -0.00341177 0.77254902 0.76862745 0.81568627
v 0.06922656 0.05800003 0.00341183 0.75686275 0.71372549 0.75686275
v 0.07164711 0.06482357 -0.04058391 0.54509804 0.57254902 0.65490196
v 0.07164711 0.06382626 -0.03070587 0.31372549 0.33333333 0.45098039
v 0.07164711 0.06482357 -0.03230584 0.41176471 0.42745098 0.53333333
v 0.07104897 0.06482357 -0.03070587 0.32156863 0.33333333 0.44705882
v 0.06749326 0.06482357 -0.02388233 0.21960784 0.23137255 0.33333333
v 0.07164711 0.06101841 -0.02388233 0.17254902 0.20392157 0.31764706
v 0.07164711 0.07164711 -0.03835666 0.54117647 0.54509804 0.60784314
v 0.07164711 0.07164711 -0.03633010 0.50588235 0.50588235 0.57254902
v 0.06920367 0.07164711 -0.03070587 0.29803922 0.29019608 0.37254902
v 0.07091945 0.07847065 -0.03752941 0.43137255 0.43137255 0.47450980
v 0.07164711 0.07342517 -0.03752941 0.49019608 0.48235294 0.54509804
v 0.06961817 0.07847065 -0.03070587 0.26666667 0.26666667 0.32156863
v 0.06749284 0.08529419 -0.04435295 0.60000000 0.60392157 0.60392157
v 0.07164711 0.08114773 -0.03752941 0.45882353 0.46274510 0.49411765
v 0.07164711 0.08529419 -0.04003590 0.69803922 0.69803922 0.69019608
v 0.07164711 0.08529419 -0.03452826 0.42745098 0.43529412 0.45098039
v 0.06938523 0.08529419 -0.03070587 0.30980392 0.32156863 0.34509804
v 0.06920427 0.09211767 -0.04435295 0.68627451 0.69019608 0.66666667
v 0.07164711 0.09211767 -0.03986424 0.73725490 0.73725490 0.70980392
v 0.07164711 0.09211767 -0.03556484 0.67450980 0.67450980 0.66274510
v 0.06996715 0.09211767 -0.03070587 0.47450980 0.48627451 0.49019608
v 0.06875002 0.09894121 -0.03752941 0.64313725 0.64313725 0.62745098
v 0.07164711 0.09398067 -0.03752941 0.71764706 0.71764706 0.69411765
v 0.07251298 -0.07847059 -0.02388233 0.18039216 0.24313725 0.41176471
v 0.07507014 -0.07847059 -0.01705885 0.13725490 0.19215686 0.40784314
v 0.07348377 -0.07164705 -0.04435295 0.67843137 0.62745098 0.58039216
v 0.07796246 -0.07164705 -0.03752941 0.65882353 0.60784314 0.57254902
v 0.07652897 -0.07164705 -0.03070587 0.53333333 0.56862745 0.64313725
v 0.07692480 -0.07164705 -0.02388233 0.25490196 0.33725490 0.56078431
v 0.07651556 -0.07164705 -0.01705885 0.18823529 0.27450980 0.54117647
v 0.07587129 -0.07164705 -0.01023531 0.16078431 0.25098039 0.52941176
v 0.07518256 -0.07164705 -0.00341177 0.25098039 0.38039216 0.64313725
v 0.07344991 -0.07164705 0.00341183 0.25490196 0.35686275 0.58823529
v 0.07462531 -0.07164705 0.01023537 0.34901961 0.42745098 0.61960784
v 0.07821643 -0.06482351 -0.04435295 0.65098039 0.57254902 0.51764706
v 0.07847065 -0.07013839 -0.03752941 0.69019608 0.65490196 0.60784314
v 0.07847065 -0.06482351 -0.04364616 0.67058824 0.61176471 0.54901961
v 0.07847065 -0.06482351 -0.03191572 0.53333333 0.53333333 0.58039216
v 0.07799751 -0.06482351 -0.03070587 0.52941176 0.54901961 0.61176471
v 0.07761264 -0.06482351 -0.02388233 0.31764706 0.41176471 0.60392157
v 0.07733417 -0.06482351 -0.01705885 0.23529412 0.34509804 0.60000000
v 0.07684088 -0.06482351 -0.01023531 0.18823529 0.29803922 0.56470588
v 0.07629269 -0.06482351 -0.00341177 0.29803922 0.43137255 0.67058824
v 0.07434827 -0.06482351 0.00341183 0.31764706 0.42745098 0.63921569
v 0.07590294 -0.06482351 0.01023537 0.50196078 0.57254902 0.70980392
v 0.07288605 -0.06482351 0.01705885 0.56862745 0.65098039 0.75686275
v 0.07312065 -0.06482351 0.12623537 0.72549020 0.55686275 0.47843137
v 0.07464057 -0.06482351 0.13305891 0.69803922 0.58431373 0.52549020
v 0.07380193 -0.06482351 0.13988245 0.68627451 0.61960784 0.56470588
v 0.07847065 -0.06377113 -0.04435295 0.63529412 0.54509804 0.49411765
v 0.07847065 -0.05799997 -0.04749078 0.63529412 0.52549020 0.51764706
v 0.07847065 -0.05799997 -0.03204155 0.40000000 0.34509804 0.39215686
v 0.07796526 -0.05799997 -0.03070587 0.33333333 0.30588235 0.36862745
v 0.07703876 -0.05799997 -0.02388233 0.43529412 0.49803922 0.61960784
v 0.07686216 -0.05799997 -0.01705885 0.48235294 0.58823529 0.73333333
v 0.07581985 -0.05799997 -0.01023531 0.48235294 0.60392157 0.75294118
v 0.07388085 -0.05799997 -0.00341177 0.53725490 0.64313725 0.76078431
v 0.07523441 -0.05799997 0.13305891 0.76862745 0.60784314 0.52941176
v 0.07462025 -0.05799997 0.13988245 0.76862745 0.63921569 0.56078431
v 0.07666099 -0.05117649 -0.05117649 0.68627451 0.57647059 0.58823529
v 0.07847065 -0.05117649 -0.04999393 0.68235294 0.55294118 0.55686275
v 0.07847065 -0.05302304 -0.03070587 0.31372549 0.25882353 0.30196078
v 0.07847065 -0.05117649 -0.02957624 0.33333333 0.27843137 0.32549020
v 0.07598394 -0.05117649 -0.02388233 0.40392157 0.42352941 0.50588235
v 0.07354760 -0.05117649 -0.01705885 0.50588235 0.58823529 0.67450980
v 0.07475120 -0.05117649 0.11941183 0.50980392 0.32156863 0.27843137
v 0.07801121 -0.04435295 -0.05117649 0.67058824 0.49411765 0.49411765
v 0.07847065 -0.04435295 -0.05100459 0.66666667 0.48627451 0.49019608
v 0.07847065 -0.04435295 -0.02648389 0.40784314 0.38823529 0.42352941
v 0.07521087 -0.04435295 -0.02388233 0.42352941 0.41960784 0.45882353
v 0.07168931 -0.04435295 0.00341183 0.43529412 0.52941176 0.62745098
v 0.07318318 -0.04435295 0.01023537 0.47843137 0.58823529 0.69019608
v 0.07365954 -0.04435295 0.11258829 0.42352941 0.23921569 0.21568627
v 0.07847065 -0.04994452 0.11941183 0.54117647 0.42745098 0.37647059
v 0.07847065 -0.04435295 0.11391848 0.52156863 0.41176471 0.36470588
v 0.07847065 -0.04977226 0.12623537 0.52941176 0.40392157 0.35686275
v 0.07847065 -0.04435295 0.13165975 0.54509804 0.46666667 0.42352941
v 0.07168829 -0.04435295 0.13305891 0.30196078 0.19607843 0.17254902
v 0.07847065 -0.04294735 -0.05117649 0.66274510 0.47058824 0.47058824
v 0.07847065 -0.03752941 -0.05480701 0.71764706 0.47058824 0.46666667
v 0.07847065 -0.03752941 -0.02672821 0.49411765 0.41568627 0.40784314
v 0.07539743 -0.03752941 -0.02388233 0.54117647 0.49411765 0.48627451
v 0.07716978 -0.03752941 0.11258829 0.45882353 0.29803922 0.27058824
v 0.07847065 -0.03752941 0.11297822 0.48627451 0.34509804 0.31372549
v 0.07847065 -0.03752941 0.13267946 0.47843137 0.40392157 0.36470588
v 0.07723260 -0.03752941 0.13305891 0.43137255 0.34509804 0.31372549
v 0.07697290 -0.03070587 -0.05799997 0.75294118 0.51764706 0.49411765
v 0.07847065 -0.03070587 -0.05715472 0.75686275 0.51372549 0.49803922
v 0.07847065 -0.03070587 -0.02535081 0.71764706 0.56862745 0.50588235
v 0.07809311 -0.03070587 -0.02388233 0.73725490 0.61176471 0.54509804
v 0.07720441 -0.03070587 -0.01705885 0.72549020 0.67843137 0.64313725
v 0.07507551 -0.03070587 -0.01023531 0.70980392 0.69019608 0.67058824
v 0.07317561 -0.03070587 0.11258829 0.40000000 0.13725490 0.12156863
v 0.07847065 -0.03070587 0.11386186 0.52941176 0.28627451 0.25098039
v 0.07847065 -0.03070587 0.13198841 0.46666667 0.28627451 0.23921569
v 0.07513475 -0.03070587 0.13305891 0.34509804 0.16862745 0.13725490
v 0.07841098 -0.02388233 -0.05799997 0.76470588 0.52549020 0.49019608
v 0.07847065 -0.02388233 -0.05795366 0.76470588 0.52156863 0.49019608
v 0.07847065 -0.03002346 -0.02388233 0.74901961 0.62745098 0.55294118
v 0.07847065 -0.02836281 -0.01705885 0.73333333 0.67843137 0.63529412
v 0.07847065 -0.02388233 -0.01187110 0.69803922 0.65882353 0.62352941
v 0.07817680 -0.02388233 -0.01023531 0.70588235 0.66274510 0.62745098
v 0.07763493 -0.02388233 -0.00341177 0.72549020 0.65882353 0.61960784
v 0.07687628 -0.02388233 0.00341183 0.72156863 0.64313725 0.60784314
v 0.07504588 -0.02388233 0.01023537 0.72941176 0.64705882 0.61568627
v 0.07847065 -0.02388233 0.11568367 0.52549020 0.20392157 0.17647059
v 0.07847065 -0.02388233 0.12987655 0.46274510 0.19607843 0.15686275
v 0.07221931 -0.02388233 0.13988245 0.81960784 0.65490196 0.51764706
v 0.07847065 -0.02353221 -0.05799997 0.76470588 0.52549020 0.49019608
v 0.07847065 -0.01705885 -0.06137502 0.78039216 0.50588235 0.50196078
v 0.07847065 -0.02222377 -0.01023531 0.70588235 0.65490196 0.61176471
v 0.07847065 -0.01793373 -0.00341177 0.72156863 0.65490196 0.59215686
v 0.07847065 -0.01705885 -0.00235337 0.72156863 0.65490196 0.59215686
v 0.07809561 -0.01705885 0.00341183 0.71764706 0.64705882 0.58823529
v 0.07752675 -0.01705885 0.01023537 0.69019608 0.60392157 0.55686275
v 0.07632887 -0.01705885 0.01705885 0.64705882 0.55686275 0.50588235
v 0.07734513 -0.01705885 0.11941183 0.67843137 0.34117647 0.26666667
v 0.07847065 -0.01960295 0.11941183 0.54509804 0.21176471 0.18039216
v 0.07723552 -0.01705885 0.12623537 0.48235294 0.17254902 0.13725490
v 0.07847065 -0.01979905 0.12623537 0.49019608 0.19215686 0.15686275
v 0.07847065 -0.01023531 -0.05916041 0.78431373 0.53725490 0.51372549
v 0.07847065 -0.01257646 -0.00341177 0.72156863 0.64705882 0.57647059
v 0.07847065 -0.01023531 -0.00379676 0.72156863 0.64705882 0.58039216
v 0.07843930 -0.01023531 -0.00341177 0.72156863 0.64705882 0.58431373
v 0.07797384 -0.01023531 0.00341183 0.71764706 0.64705882 0.58431373
v 0.07734191 -0.01023531 0.01023537 0.69411765 0.61568627 0.55294118
v 0.07579124 -0.01023531 0.01705885 0.68627451 0.60392157 0.54117647
v 0.07443917 -0.00341177 -0.05799997 0.80784314 0.60000000 0.54509804
v 0.07847065 -0.00900894 -0.05799997 0.78431373 0.54901961 0.51372549
v 0.07847065 -0.00341177 -0.05561978 0.80000000 0.56862745 0.53725490
v 0.07847065 -0.00488454 -0.01023531 0.69411765 0.65098039 0.61960784
v 0.07847065 -0.00341177 -0.01173693 0.68235294 0.65098039 0.63921569
v 0.07825160 -0.00341177 -0.01023531 0.69411765 0.65490196 0.63529412
v 0.07763070 -0.00341177 -0.00341177 0.72941176 0.65490196 0.61176471
v 0.07659757 -0.00341177 0.00341183 0.72156863 0.64313725 0.59607843
v 0.07403708 -0.00341177 0.01023537 0.73333333 0.65490196 0.60392157
v 0.07330060 0.00341183 -0.05117649 0.76470588 0.51764706 0.47843137
v 0.07847065 0.00110197 -0.05117649 0.77647059 0.50588235 0.47843137
v 0.07847065 0.00341183 -0.04935890 0.63137255 0.30196078 0.30980392
v 0.07847065 -0.00004715 -0.03070587 0.53333333 0.25882353 0.23921569
v 0.07847065 0.00341183 -0.03110349 0.38431373 0.17254902 0.17647059
v 0.07712758 0.00341183 -0.03070587 0.40392157 0.19215686 0.19607843
v 0.07569426 0.00341183 -0.02388233 0.72156863 0.63529412 0.61568627
v 0.07847065 -0.00015259 -0.02388233 0.78431373 0.65882353 0.60000000
v 0.07700610 0.00341183 -0.01705885 0.72549020 0.71372549 0.71764706
v 0.07847065 0.00034362 -0.01705885 0.71764706 0.68235294 0.67450980
v 0.07651132 0.00341183 -0.01023531 0.71372549 0.71372549 0.72549020
v 0.07459140 0.00341183 -0.00341177 0.75294118 0.70980392 0.69019608
v 0.07847065 0.01023537 -0.04979163 0.40392157 0.24705882 0.30980392
v 0.07847065 0.00908053 -0.03070587 0.30588235 0.21176471 0.26274510
v 0.07847065 0.01023537 -0.03020358 0.27843137 0.22352941 0.29019608
v 0.07246757 0.01023537 -0.02388233 0.22352941 0.21568627 0.29803922
v 0.07847065 0.01705885 -0.04953229 0.42745098 0.37254902 0.47058824
v 0.07847065 0.01221812 -0.03070587 0.26666667 0.26666667 0.35686275
v 0.07847065 0.01705885 -0.03087050 0.18823529 0.19607843 0.30980392
v 0.07806545 0.01705885 -0.03070587 0.18823529 0.19215686 0.30588235
v 0.07490742 0.01705885 -0.02388233 0.16862745 0.20392157 0.33725490
v 0.07202482 0.01705885 -0.01705885 0.27450980 0.38431373 0.53725490
v 0.07519346 0.02388239 -0.04435295 0.14117647 0.12156863 0.21176471
v 0.07847065 0.02325028 -0.04435295 0.20392157 0.18039216 0.28235294
v 0.07847065 0.02388239 -0.03984129 0.20000000 0.18039216 0.28235294
v 0.07847065 0.02388239 -0.03627872 0.12156863 0.11764706 0.21960784
v 0.07559025 0.02388239 -0.03070587 0.23529412 0.28235294 0.45490196
v 0.07649380 0.02388239 -0.02388233 0.14901961 0.21568627 0.40392157
v 0.07714427 0.02388239 -0.01705885 0.17254902 0.26274510 0.46274510
v 0.07606059 0.02388239 -0.01023531 0.23137255 0.32156863 0.50196078
v 0.07469302 0.03070593 -0.03752941 0.23137255 0.27058824 0.44705882
v 0.07847065 0.02523416 -0.03752941 0.10980392 0.10588235 0.20392157
v 0.07710618 0.03070593 -0.03070587 0.54509804 0.63529412 0.76862745
v 0.07789153 0.03070593 -0.02388233 0.10196078 0.16470588 0.36470588
v 0.07847065 0.02540767 -0.01705885 0.16470588 0.24705882 0.45098039
v 0.07847065 0.03070593 -0.02281493 0.09411765 0.15294118 0.34509804
v 0.07847065 0.03070593 -0.01143026 0.21960784 0.30980392 0.50980392
v 0.07782805 0.03070593 -0.01023531 0.19215686 0.27450980 0.47058824
v 0.07605290 0.03752947 -0.03752941 0.33333333 0.41960784 0.61568627
v 0.07751369 0.03752947 -0.03070587 0.54117647 0.65490196 0.79215686
v 0.07847065 0.03294569 -0.02388233 0.09019608 0.14509804 0.34509804
v 0.07847065 0.03752947 -0.02864397 0.36470588 0.49803922 0.70980392
v 0.07847065 0.03752947 -0.01131487 0.12941176 0.19607843 0.43529412
v 0.07702667 0.03752947 -0.01023531 0.09019608 0.14509804 0.35686275
v 0.07649297 0.04435301 -0.03752941 0.40000000 0.49019608 0.65882353
v 0.07728487 0.04435301 -0.03070587 0.49803922 0.61568627 0.76470588
v 0.07847065 0.04435301 -0.02921635 0.33725490 0.45882353 0.67450980
v 0.07847065 0.04435301 -0.01334548 0.16862745 0.24705882 0.49803922
v 0.07272542 0.04435301 -0.01023531 0.07058824 0.12549020 0.32549020
v 0.07620090 0.05117655 -0.03752941 0.46666667 0.52549020 0.66274510
v 0.07693464 0.05117655 -0.03070587 0.38823529 0.47843137 0.64705882
v 0.07834679 0.05117655 -0.02388233 0.12941176 0.17647059 0.33725490
v 0.07847065 0.05079228 -0.02388233 0.12941176 0.18039216 0.34117647
v 0.07630265 0.05117655 -0.01705885 0.13333333 0.19215686 0.39215686
v 0.07847065 0.04832113 -0.01705885 0.14117647 0.20392157 0.41960784
v 0.07576185 0.05800003 -0.03752941 0.52156863 0.55294118 0.66274510
v 0.07598287 0.05800003 -0.03070587 0.25098039 0.30196078 0.45098039
v 0.07442421 0.05800003 -0.02388233 0.15686275 0.19607843 0.32156863
v 0.07491821 0.06482357 -0.03752941 0.57254902 0.60392157 0.68627451
v 0.07243937 0.07164711 -0.03752941 0.53333333 0.53725490 0.60392157
v 0.07396632 0.08529419 -0.03752941 0.52156863 0.52156863 0.53333333
v 0.07330787 0.09211767 -0.03752941 0.68627451 0.68627451 0.67058824
v 0.08253306 -0.06482351 -0.03752941 0.58823529 0.49019608 0.45882353
v 0.08190733 -0.05799997 -0.04435295 0.60000000 0.43921569 0.40784314
v 0.08325839 -0.05799997 -0.03752941 0.52156863 0.36078431 0.34117647
v 0.08469272 -0.05117649 -0.04435295 0.61176471 0.40784314 0.39215686
v 0.08505076 -0.05117649 -0.03752941 0.47843137 0.29803922 0.29411765
v 0.07945162 -0.05117649 -0.03070587 0.34117647 0.27450980 0.31372549
v 0.08529419 -0.04990005 -0.04435295 0.60392157 0.39607843 0.38431373
v 0.08529419 -0.04435295 -0.04840380 0.54509804 0.30980392 0.33725490
v 0.08529419 -0.05033249 -0.03752941 0.47058824 0.29803922 0.29803922
v 0.08529419 -0.04435295 -0.03343892 0.43529412 0.36470588 0.38431373
v 0.08228457 -0.04435295 -0.03070587 0.42352941 0.37254902 0.39607843
v 0.08389062 -0.04435295 0.11941183 0.56078431 0.55686275 0.53333333
v 0.08387768 -0.04435295 0.12623537 0.58431373 0.58823529 0.55686275
v 0.08223194 -0.03752941 -0.05117649 0.69411765 0.42745098 0.41960784
v 0.08529419 -0.03752941 -0.05006337 0.65098039 0.35686275 0.36078431
v 0.08529419 -0.03752941 -0.03210825 0.49803922 0.37254902 0.36862745
v 0.08233589 -0.03752941 -0.03070587 0.47058824 0.35686275 0.34901961
v 0.08477259 -0.03752941 0.11941183 0.52549020 0.53725490 0.52156863
v 0.08484042 -0.03752941 0.12623537 0.54901961 0.56470588 0.54509804
v 0.08481389 -0.03070587 -0.05117649 0.75294118 0.49019608 0.47058824
v 0.08529419 -0.03070587 -0.05078077 0.74901961 0.48627451 0.46666667
v 0.08529419 -0.03070587 -0.03187609 0.53333333 0.28235294 0.25882353
v 0.08226907 -0.03070587 -0.03070587 0.52156863 0.28235294 0.25882353
v 0.08403242 -0.03070587 0.11941183 0.56078431 0.48627451 0.44313725
v 0.08414286 -0.03070587 0.12623537 0.58039216 0.51372549 0.46274510
v 0.08529419 -0.02861637 -0.05117649 0.76470588 0.50196078 0.47843137
v 0.08529419 -0.02388233 -0.05428457 0.76078431 0.48235294 0.48235294
v 0.08529419 -0.02388233 -0.03180176 0.53725490 0.24705882 0.22352941
v 0.08378971 -0.02388233 -0.03070587 0.59607843 0.31372549 0.27843137
v 0.08332020 -0.02388233 -0.02388233 0.78431373 0.63921569 0.56470588
v 0.08198947 -0.02388233 -0.01705885 0.73725490 0.64705882 0.60392157
v 0.08232903 -0.02388233 0.11941183 0.58823529 0.35294118 0.30196078
v 0.08220595 -0.02388233 0.12623537 0.58039216 0.36078431 0.30196078
v 0.08188331 -0.01705885 -0.05799997 0.77647059 0.50588235 0.49803922
v 0.08529419 -0.01705885 -0.05535084 0.77647059 0.48627451 0.48627451
v 0.08529419 -0.01705885 -0.03138065 0.65098039 0.33333333 0.28627451
v 0.08478731 -0.01705885 -0.03070587 0.69019608 0.39215686 0.33333333
v 0.08489573 -0.01705885 -0.02388233 0.78039216 0.63137255 0.54901961
v 0.08404815 -0.01705885 -0.01705885 0.68235294 0.55294118 0.51372549
v 0.08194625 -0.01705885 -0.01023531 0.62745098 0.52549020 0.49019608
v 0.07915097 -0.01705885 -0.00341177 0.71372549 0.64313725 0.58431373
v 0.07964319 -0.01023531 -0.05799997 0.78431373 0.53725490 0.50980392
v 0.08529419 -0.01023531 -0.05404592 0.78823529 0.50588235 0.49803922
v 0.08529419 -0.01023531 -0.03193432 0.59607843 0.26274510 0.23137255
v 0.08435285 -0.01023531 -0.03070587 0.68627451 0.37647059 0.32156863
v 0.08476037 -0.01023531 -0.02388233 0.78823529 0.63137255 0.55294118
v 0.08403707 -0.01023531 -0.01705885 0.68235294 0.53333333 0.50196078
v 0.08183104 -0.01023531 -0.01023531 0.62745098 0.51764706 0.48627451
v 0.08312482 -0.00341177 -0.05117649 0.78823529 0.51764706 0.49411765
v 0.08529419 -0.00703996 -0.05117649 0.78823529 0.51372549 0.49019608
v 0.08529419 -0.00341177 -0.04862136 0.75294118 0.43529412 0.42352941
v 0.08529419 -0.00341177 -0.03314221 0.43137255 0.15294118 0.14901961
v 0.08036751 -0.00341177 -0.03070587 0.59607843 0.30588235 0.27058824
v 0.08150214 -0.00341177 -0.02388233 0.80784314 0.65098039 0.57254902
v 0.08178550 -0.00341177 -0.01705885 0.71764706 0.63137255 0.61960784
v 0.08529419 0.00341183 -0.04590005 0.44313725 0.16470588 0.18823529
v 0.08529419 0.00341183 -0.03259951 0.42745098 0.17647059 0.18431373
v 0.08529419 0.01023537 -0.04728806 0.47058824 0.37254902 0.44313725
v 0.08529419 0.01023537 -0.03156739 0.29411765 0.25882353 0.34117647
v 0.07898092 0.01023537 -0.03070587 0.28235294 0.22745098 0.29411765
v 0.08489031 0.01705885 -0.04435295 0.32549020 0.36470588 0.47843137
v 0.08529419 0.01567775 -0.04435295 0.33725490 0.39607843 0.50196078
v 0.08529419 0.01705885 -0.04402530 0.32549020 0.37254902 0.48235294
v 0.08529419 0.01705885 -0.03201014 0.21568627 0.24705882 0.38431373
v 0.08328235 0.02388239 -0.03752941 0.17647059 0.16862745 0.28235294
v 0.08529419 0.02376467 -0.03752941 0.19607843 0.19607843 0.31764706
v 0.08301705 0.03070593 -0.01705885 0.19607843 0.26666667 0.49411765
v 0.08147675 0.03752947 -0.02388233 0.06274510 0.09803922 0.28235294
v 0.08396882 0.03752947 -0.01705885 0.20784314 0.27058824 0.50588235
v 0.08261281 0.04435301 -0.02388233 0.07843137 0.10980392 0.29019608
v 0.08212018 0.04435301 -0.01705885 0.16862745 0.23137255 0.46666667
v 0.08954275 -0.04435295 -0.04435295 0.57254902 0.39215686 0.40392157
v 0.08919364 -0.04435295 -0.03752941 0.43921569 0.34509804 0.36078431
v 0.09143734 -0.03752941 -0.04435295 0.64313725 0.41176471 0.40784314
v 0.09099364 -0.03752941 -0.03752941 0.52156863 0.36078431 0.35686275
v 0.09211767 -0.03091902 -0.04435295 0.69803922 0.38039216 0.36862745
v 0.09211767 -0.03070587 -0.04446316 0.69803922 0.38039216 0.36862745
v 0.09211767 -0.03070587 -0.04383850 0.70196078 0.38431373 0.36862745
v 0.09173489 -0.03070587 -0.03752941 0.58823529 0.30588235 0.29411765
v 0.08846498 -0.02388233 -0.05117649 0.76862745 0.49019608 0.47450980
v 0.09211767 -0.02388233 -0.04684311 0.75686275 0.43921569 0.41960784
v 0.09211767 -0.02388233 -0.03791213 0.65098039 0.29803922 0.28235294
v 0.09205025 -0.02388233 -0.03752941 0.63921569 0.28627451 0.27450980
v 0.08959335 -0.01705885 -0.05117649 0.78431373 0.49019608 0.47843137
v 0.09211767 -0.01705885 -0.04770172 0.79215686 0.47843137 0.45490196
v 0.09211767 -0.01705885 -0.03817946 0.69411765 0.30588235 0.29019608
v 0.09189707 -0.01705885 -0.03752941 0.67450980 0.29019608 0.27058824
v 0.08821779 -0.01023531 -0.05117649 0.78823529 0.49803922 0.48235294
v 0.09211767 -0.01023531 -0.04597241 0.77254902 0.42745098 0.40784314
v 0.09211767 -0.01023531 -0.04039311 0.72156863 0.32156863 0.30980392
v 0.09149742 -0.01023531 -0.03752941 0.64313725 0.25490196 0.24313725
v 0.09050280 -0.00341177 -0.04435295 0.62352941 0.25490196 0.26666667
v 0.09211767 -0.00741184 -0.04435295 0.71764706 0.33725490 0.33333333
v 0.09135181 -0.00341177 -0.03752941 0.54509804 0.20000000 0.20784314
v 0.08747214 0.00341183 -0.04435295 0.47450980 0.20392157 0.22745098
v 0.09211767 0.00131613 -0.03752941 0.52549020 0.25098039 0.25882353
v 0.09211767 0.00341183 -0.03836876 0.52156863 0.29411765 0.30588235
v 0.09211767 0.00341183 -0.03697544 0.50588235 0.27058824 0.28627451
v 0.08844596 0.01023537 -0.04435295 0.39607843 0.37647059 0.44705882
v 0.09199876 0.01023537 -0.03752941 0.38431373 0.43529412 0.51764706
v 0.09211767 0.00649422 -0.03752941 0.45882353 0.34901961 0.38823529
v 0.09123850 0.01705885 -0.03752941 0.31764706 0.43137255 0.54901961
v 0.09223336 -0.03070587 -0.04435295 0.69803922 0.37647059 0.36862745
v 0.09478414 -0.02388233 -0.04435295 0.72549020 0.37254902 0.36470588
v 0.09570283 -0.01705885 -0.04435295 0.76078431 0.39215686 0.37647059
v 0.09387082 -0.01023531 -0.04435295 0.74509804 0.36862745 0.35686275
v 0.09268606 0.00341183 -0.03752941 0.50980392 0.28235294 0.29803922
v -0.02388233 -0.03933638 -0.46741176 0.27843137 0.27058824 0.29019608
v -0.02522498 -0.03752941 -0.46741176 0.29019608 0.27058824 0.28627451
v -0.02388233 -0.03752941 -0.47037342 0.28235294 0.26274510 0.27843137
v -0.02388233 -0.03752941 -0.46412447 0.30980392 0.29019608 0.31372549
v -0.02388233 -0.03535193 -0.47423530 0.25098039 0.22745098 0.23921569
v -0.02665663 -0.03070587 -0.47423530 0.25490196 0.22745098 0.23529412
v -0.02388233 -0.03070587 -0.47734192 0.23529412 0.21176471 0.21960784
v -0.02689350 -0.03070587 -0.46741176 0.30588235 0.27450980 0.29019608
v -0.02388233 -0.03070587 -0.46385324 0.24705882 0.21960784 0.24313725
v -0.02843696 -0.02388233 -0.47423530 0.29411765 0.25882353 0.25882353
v -0.02388233 -0.02388233 -0.47980818 0.25490196 0.23529412 0.23921569
v -0.02522343 -0.02388233 -0.46741176 0.28235294 0.24705882 0.26274510
v -0.02388233 -0.02388233 -0.46604389 0.22745098 0.19215686 0.21960784
v -0.02388233 -0.01943910 -0.48105884 0.26666667 0.24313725 0.24313725
v -0.02511513 -0.01705885 -0.48105884 0.26274510 0.23921569 0.23921569
v -0.02388233 -0.01705885 -0.48229176 0.25098039 0.22745098 0.22745098
v -0.02875119 -0.01705885 -0.47423530 0.29803922 0.25882353 0.25490196
v -0.02388233 -0.02105647 -0.46741176 0.24705882 0.21176471 0.23529412
v -0.02388233 -0.01705885 -0.46834636 0.24313725 0.20392157 0.22352941
v -0.02664584 -0.01023531 -0.48105884 0.27058824 0.24313725 0.23921569
v -0.02388233 -0.01023531 -0.48383468 0.22352941 0.20392157 0.20784314
v -0.02903676 -0.01023531 -0.47423530 0.30588235 0.26274510 0.25490196
v -0.02388233 -0.01023531 -0.46853960 0.21568627 0.17647059 0.20000000
v -0.02642119 -0.00341177 -0.48105884 0.26274510 0.23529412 0.23921569
v -0.02388233 -0.00341177 -0.48356557 0.20784314 0.19215686 0.20000000
v -0.02909672 -0.00341177 -0.47423530 0.32156863 0.27450980 0.27450980
v -0.02388233 -0.00341177 -0.46832824 0.20784314 0.17254902 0.20000000
v -0.02388233 0.00274473 -0.48105884 0.28627451 0.26274510 0.27058824
v -0.02388233 0.00341183 -0.48084822 0.29019608 0.26274510 0.27450980
v -0.02852404 0.00341183 -0.47423530 0.34509804 0.29411765 0.29803922
v -0.02388233 0.00341183 -0.46862638 0.23921569 0.19607843 0.22352941
v -0.02704257 0.01023537 -0.47423530 0.34117647 0.30980392 0.32156863
v -0.02388233 0.01023537 -0.47811782 0.33333333 0.31764706 0.32549020
v -0.02388233 0.01023537 -0.46907696 0.28627451 0.26274510 0.29019608
v -0.02482492 0.01705885 -0.47423530 0.34117647 0.33333333 0.34901961
v -0.02388233 0.01705885 -0.47518197 0.32549020 0.32156863 0.33725490
v -0.02388233 0.01705885 -0.46853054 0.34901961 0.34117647 0.36862745
v -0.02388233 0.01801938 -0.47423530 0.33725490 0.33333333 0.34509804
v -0.01705885 -0.09628516 -0.44694117 0.26274510 0.36862745 0.48235294
v -0.01943624 -0.09211767 -0.44694117 0.29803922 0.38039216 0.47450980
v -0.01705885 -0.09211767 -0.44985944 0.23921569 0.31764706 0.42352941
v -0.01705885 -0.09871101 -0.44011766 0.29411765 0.40000000 0.51764706
v -0.02129155 -0.09211767 -0.44011766 0.35686275 0.43137255 0.52156863
v -0.01705885 -0.09211767 -0.43486109 0.23137255 0.34117647 0.51764706
v -0.02252042 -0.08529413 -0.44694117 0.40784314 0.43529412 0.50196078
v -0.01705885 -0.08529413 -0.45278528 0.18823529 0.21176471 0.30196078
v -0.02316773 -0.08529413 -0.44011766 0.42745098 0.45098039 0.51764706
v -0.01705885 -0.08891034 -0.43329409 0.23137255 0.30980392 0.49019608
v -0.01942867 -0.08529413 -0.43329409 0.29411765 0.32549020 0.47450980
v -0.01705885 -0.08529413 -0.43006283 0.23137255 0.26666667 0.45882353
v -0.02098590 -0.07847059 -0.44694117 0.27450980 0.29019608 0.36078431
v -0.01705885 -0.07847059 -0.45096052 0.14117647 0.14901961 0.21176471
v -0.02269047 -0.07847059 -0.44011766 0.35686275 0.37254902 0.44313725
v -0.01722360 -0.07847059 -0.43329409 0.20000000 0.21960784 0.37254902
v -0.01705885 -0.07847059 -0.43296093 0.19607843 0.21568627 0.36862745
v -0.01705885 -0.07381505 -0.44694117 0.17647059 0.17254902 0.22745098
v -0.01705885 -0.07164705 -0.44493574 0.17647059 0.17647059 0.22745098
v -0.02112752 -0.07164705 -0.44011766 0.23921569 0.23921569 0.30196078
v -0.01705885 -0.07806051 -0.43329409 0.20000000 0.22352941 0.37254902
v -0.01705885 -0.07164705 -0.43467492 0.19215686 0.20784314 0.32156863
v -0.01902759 -0.06482351 -0.44011766 0.26274510 0.26274510 0.31764706
v -0.01705885 -0.06482351 -0.44303599 0.23529412 0.23529412 0.28235294
v -0.01705885 -0.06482351 -0.43746570 0.19215686 0.18823529 0.26274510
v -0.01705885 -0.06131834 -0.44694117 0.22352941 0.21960784 0.26274510
v -0.01941442 -0.05799997 -0.44694117 0.24705882 0.25098039 0.28627451
v -0.01705885 -0.05799997 -0.45102516 0.22352941 0.21960784 0.25490196
v -0.01705885 -0.05968171 -0.44011766 0.22352941 0.21568627 0.28235294
v -0.01705885 -0.05799997 -0.44151777 0.23137255 0.22352941 0.28627451
v -0.01705885 -0.05294520 -0.46058825 0.19607843 0.19215686 0.21568627
v -0.01875859 -0.05117649 -0.46058825 0.23137255 0.22745098 0.25098039
v -0.01705885 -0.05117649 -0.46284246 0.20392157 0.20000000 0.21960784
v -0.01705885 -0.05565435 -0.45376471 0.23137255 0.22745098 0.25882353
v -0.02003819 -0.05117649 -0.45376471 0.26666667 0.26274510 0.29019608
v -0.01705885 -0.05122185 -0.44694117 0.20000000 0.18823529 0.23529412
v -0.01705885 -0.05117649 -0.44697666 0.20000000 0.18823529 0.23529412
v -0.01705885 -0.04464626 -0.47423530 0.14117647 0.13725490 0.14901961
v -0.01736003 -0.04435295 -0.47423530 0.14901961 0.14117647 0.15686275
v -0.01705885 -0.04435295 -0.47455251 0.14509804 0.13725490 0.15294118
v -0.01705885 -0.04921341 -0.46741176 0.15686275 0.14901961 0.16862745
v -0.02189523 -0.04435295 -0.46741176 0.25098039 0.24705882 0.26666667
v -0.02221423 -0.04435295 -0.46058825 0.28235294 0.28235294 0.30588235
v -0.01780003 -0.04435295 -0.45376471 0.18431373 0.18039216 0.22352941
v -0.01705885 -0.04435295 -0.45194125 0.20000000 0.20000000 0.24705882
v -0.02324378 -0.03752941 -0.47423530 0.23529412 0.21960784 0.23137255
v -0.01705885 -0.03752941 -0.48078603 0.15686275 0.14509804 0.16470588
v -0.02128518 -0.03752941 -0.46058825 0.25882353 0.23921569 0.26666667
v -0.01791847 -0.03752941 -0.45376471 0.32156863 0.30980392 0.36862745
v -0.01705885 -0.03901756 -0.44694117 0.34509804 0.38039216 0.46274510
v -0.01747090 -0.03752941 -0.44694117 0.40784314 0.41960784 0.49803922
v -0.01705885 -0.03752941 -0.44636962 0.41568627 0.42745098 0.50980392
v -0.01705885 -0.03692269 -0.48105884 0.15294118 0.14117647 0.16078431
v -0.02127695 -0.03070587 -0.48105884 0.15686275 0.14509804 0.15686275
v -0.01705885 -0.03070587 -0.48525548 0.12156863 0.11372549 0.13333333
v -0.01773483 -0.03070587 -0.46058825 0.31372549 0.28235294 0.33725490
v -0.01953250 -0.03070587 -0.45376471 0.52941176 0.52156863 0.58431373
v -0.02030164 -0.03070587 -0.44694117 0.53725490 0.56078431 0.64705882
v -0.01705885 -0.03070587 -0.44306400 0.52941176 0.55686275 0.65490196
v -0.02324569 -0.02388233 -0.48105884 0.22352941 0.20392157 0.21176471
v -0.01705885 -0.02388233 -0.48706439 0.14901961 0.13725490 0.15686275
v -0.01910830 -0.02388233 -0.46058825 0.50588235 0.48627451 0.54117647
v -0.02199811 -0.02388233 -0.45376471 0.61960784 0.65098039 0.73333333
v -0.02184397 -0.02388233 -0.44694117 0.55294118 0.61960784 0.74509804
v -0.01705885 -0.02388233 -0.44126806 0.52549020 0.60000000 0.71764706
v -0.01705885 -0.01705885 -0.48772553 0.20784314 0.19607843 0.20392157
v -0.02217191 -0.01705885 -0.46741176 0.21568627 0.18039216 0.21176471
v -0.02111000 -0.01705885 -0.46058825 0.65490196 0.66666667 0.71764706
v -0.02279669 -0.01705885 -0.45376471 0.61176471 0.67843137 0.78039216
v -0.02126205 -0.01705885 -0.44694117 0.47843137 0.60392157 0.76862745
v -0.01705885 -0.01705885 -0.44207531 0.47058824 0.59215686 0.74117647
v -0.01705885 -0.01247549 -0.48788235 0.23529412 0.22745098 0.23137255
v -0.01754147 -0.01023531 -0.48788235 0.21176471 0.20392157 0.20784314
v -0.01705885 -0.01023531 -0.48836482 0.20392157 0.19607843 0.20392157
v -0.02191269 -0.01023531 -0.46741176 0.23921569 0.20392157 0.23529412
v -0.02214772 -0.01023531 -0.46058825 0.69019608 0.70588235 0.75294118
v -0.02283764 -0.01023531 -0.45376471 0.60392157 0.68627451 0.79215686
v -0.02066964 -0.01023531 -0.44694117 0.40784314 0.55686275 0.74901961
v -0.01705885 -0.01023531 -0.44272274 0.39607843 0.54117647 0.72156863
v -0.01705885 -0.00646716 -0.48788235 0.20000000 0.19215686 0.20392157
v -0.01705885 -0.00341177 -0.48784062 0.18039216 0.17647059 0.19215686
v -0.02236784 -0.00341177 -0.46741176 0.19215686 0.15686275 0.18823529
v -0.02233797 -0.00341177 -0.46058825 0.67843137 0.68235294 0.72941176
v -0.02281678 -0.00341177 -0.45376471 0.61176471 0.67843137 0.77647059
v -0.02075779 -0.00341177 -0.44694117 0.46274510 0.59215686 0.75294118
v -0.01705885 -0.00341177 -0.44277304 0.37647059 0.50980392 0.69019608
v -0.02383465 0.00341183 -0.48105884 0.28627451 0.25882353 0.26666667
v -0.01705885 0.00341183 -0.48762241 0.15686275 0.14901961 0.17254902
v -0.02197409 0.00341183 -0.46741176 0.17647059 0.14509804 0.17647059
v -0.02220684 0.00341183 -0.46058825 0.66274510 0.65098039 0.70588235
v -0.02229166 0.00341183 -0.45376471 0.60784314 0.66274510 0.76078431
v -0.01766479 0.00341183 -0.44694117 0.37647059 0.50588235 0.67843137
v -0.01705885 0.00341183 -0.44615459 0.35294118 0.48235294 0.66274510
v -0.02324939 0.01023537 -0.48105884 0.26274510 0.24705882 0.26274510
v -0.01705885 0.01023537 -0.48720884 0.13333333 0.12941176 0.15686275
v -0.02276814 0.01023537 -0.46741176 0.22352941 0.20000000 0.23921569
v -0.02191466 0.01023537 -0.46058825 0.47843137 0.47058824 0.56078431
v -0.01987875 0.01023537 -0.45376471 0.33333333 0.40784314 0.54901961
v -0.01705885 0.00575066 -0.44694117 0.29019608 0.40784314 0.59607843
v -0.01705885 0.01023537 -0.44842041 0.19215686 0.30980392 0.47843137
v -0.02162057 0.01705885 -0.48105884 0.20392157 0.20000000 0.22745098
v -0.01705885 0.01705885 -0.48565862 0.12156863 0.12156863 0.15294118
v -0.02380008 0.01705885 -0.46741176 0.33725490 0.32549020 0.36078431
v -0.02049083 0.01705885 -0.46058825 0.18823529 0.20784314 0.29411765
v -0.02020383 0.01705885 -0.45376471 0.21960784 0.27843137 0.40000000
v -0.01705885 0.01135945 -0.44694117 0.15294118 0.25490196 0.41176471
v -0.02058953 0.01705885 -0.44694117 0.28627451 0.36862745 0.49803922
v -0.01705885 0.01156920 -0.44011766 0.27450980 0.38823529 0.54117647
v -0.01981831 0.01705885 -0.44011766 0.33333333 0.42352941 0.55294118
v -0.01705885 0.01705885 -0.43387339 0.30980392 0.42745098 0.58039216
v -0.01705885 0.02206016 -0.48105884 0.16470588 0.15686275 0.18039216
v -0.01705885 0.02388239 -0.48013124 0.14509804 0.13725490 0.16078431
v -0.02269572 0.02388239 -0.47423530 0.29019608 0.25882353 0.27450980
v -0.02304906 0.02388239 -0.46741176 0.38823529 0.35686275 0.37647059
v -0.01963782 0.02388239 -0.46058825 0.29019608 0.28627451 0.34901961
v -0.01737446 0.02388239 -0.45376471 0.30980392 0.33333333 0.45098039
v -0.01897812 0.02388239 -0.44694117 0.29803922 0.32941176 0.46274510
v -0.02041769 0.02388239 -0.44011766 0.40000000 0.41960784 0.53333333
v -0.01705885 0.01771444 -0.43329409 0.31372549 0.42352941 0.57647059
v -0.01955074 0.02388239 -0.43329409 0.38039216 0.41176471 0.53725490
v -0.01705885 0.02388239 -0.42837721 0.34509804 0.39607843 0.54117647
v -0.01705885 0.02950621 -0.47423530 0.14117647 0.12941176 0.14901961
v -0.01705885 0.03043097 -0.46741176 0.28235294 0.27843137 0.31372549
v -0.01705885 0.03070593 -0.46557409 0.31764706 0.31372549 0.35294118
v -0.01962829 0.03070593 -0.46058825 0.35294118 0.34509804 0.39607843
v -0.01705885 0.02449858 -0.45376471 0.32156863 0.34117647 0.45882353
v -0.01705885 0.03070593 -0.45686796 0.29019608 0.28627451 0.36470588
v -0.01705885 0.02613765 -0.44694117 0.29803922 0.32156863 0.45882353
v -0.01705885 0.02787024 -0.44011766 0.31764706 0.32941176 0.45490196
v -0.01705885 0.02746636 -0.43329409 0.35294118 0.36862745 0.49411765
v -0.01705885 0.03325820 -0.46058825 0.33333333 0.32941176 0.38431373
v -0.01023531 -0.10392678 -0.44694117 0.31764706 0.38431373 0.48627451
v -0.01621991 -0.09894115 -0.44694117 0.29803922 0.39215686 0.49411765
v -0.01023531 -0.09894115 -0.45253611 0.23921569 0.32156863 0.41960784
v -0.01023531 -0.10480869 -0.44011766 0.34509804 0.40784314 0.50980392
v -0.01695114 -0.09894115 -0.44011766 0.29803922 0.40000000 0.51764706
v -0.01023531 -0.10538483 -0.43329409 0.38039216 0.44313725 0.53725490
v -0.01496905 -0.09894115 -0.43329409 0.28627451 0.41176471 0.55686275
v -0.01023531 -0.10387063 -0.42647058 0.36470588 0.44705882 0.56470588
v -0.01389796 -0.09894115 -0.42647058 0.31372549 0.45882353 0.60000000
v -0.01023531 -0.09924829 -0.41964704 0.30196078 0.43921569 0.59215686
v -0.01043963 -0.09894115 -0.41964704 0.29803922 0.44313725 0.59215686
v -0.01023531 -0.09894115 -0.41875303 0.29411765 0.43137255 0.58823529
v -0.01023531 -0.09614164 -0.45376471 0.16862745 0.25098039 0.36078431
v -0.01376611 -0.09211767 -0.45376471 0.16470588 0.23137255 0.34117647
v -0.01023531 -0.09211767 -0.45658985 0.10196078 0.14509804 0.23137255
v -0.01666665 -0.09211767 -0.43329409 0.23137255 0.34901961 0.53333333
v -0.01562685 -0.09211767 -0.42647058 0.27450980 0.41568627 0.60392157
v -0.01344270 -0.09211767 -0.41964704 0.25882353 0.41568627 0.59215686
v -0.01023531 -0.09339225 -0.41282350 0.23137255 0.35294118 0.55686275
v -0.01053643 -0.09211767 -0.41282350 0.23529412 0.34509804 0.54509804
v -0.01023531 -0.09211767 -0.41197899 0.23529412 0.34117647 0.54117647
v -0.01574314 -0.08529413 -0.45376471 0.16078431 0.18039216 0.26274510
v -0.01023531 -0.08529413 -0.45865995 0.06274510 0.07058824 0.12549020
v -0.01628828 -0.08529413 -0.42647058 0.25098039 0.29803922 0.49411765
v -0.01513898 -0.08529413 -0.41964704 0.27058824 0.32941176 0.50980392
v -0.01326787 -0.08529413 -0.41282350 0.26666667 0.30196078 0.49019608
v -0.01023531 -0.08529413 -0.40731657 0.27450980 0.29411765 0.49803922
v -0.01023531 -0.07862318 -0.45376471 0.13333333 0.14117647 0.20392157
v -0.01023531 -0.07847059 -0.45371956 0.13333333 0.14117647 0.20392157
v -0.01654214 -0.07847059 -0.42647058 0.21960784 0.24705882 0.43137255
v -0.01578689 -0.07847059 -0.41964704 0.25098039 0.28235294 0.46274510
v -0.01409930 -0.07847059 -0.41282350 0.22745098 0.25098039 0.44705882
v -0.01023531 -0.08106637 -0.40599999 0.32156863 0.34509804 0.54509804
v -0.01090157 -0.07847059 -0.40599999 0.34117647 0.36862745 0.56862745
v -0.01023531 -0.07847059 -0.40490207 0.37254902 0.40392157 0.59607843
v -0.01513803 -0.07164705 -0.44694117 0.16862745 0.16862745 0.21960784
v -0.01023531 -0.07164705 -0.45124123 0.16078431 0.16078431 0.21960784
v -0.01675725 -0.07164705 -0.43329409 0.25882353 0.28627451 0.41960784
v -0.01695693 -0.07164705 -0.42647058 0.36862745 0.41960784 0.56862745
v -0.01663017 -0.07164705 -0.41964704 0.25098039 0.29803922 0.46666667
v -0.01522470 -0.07164705 -0.41282350 0.22352941 0.24705882 0.43529412
v -0.01406080 -0.07164705 -0.40599999 0.34509804 0.36470588 0.57254902
v -0.01023531 -0.07164705 -0.39987126 0.39215686 0.42352941 0.61568627
v -0.01497829 -0.06482351 -0.44694117 0.18039216 0.18039216 0.22352941
v -0.01023531 -0.06482351 -0.45108065 0.18039216 0.18039216 0.22352941
v -0.01623923 -0.06482351 -0.43329409 0.33333333 0.35294118 0.47450980
v -0.01655316 -0.06482351 -0.42647058 0.32156863 0.35686275 0.50980392
v -0.01619244 -0.06482351 -0.41964704 0.28235294 0.31764706 0.48235294
v -0.01462007 -0.06482351 -0.41282350 0.27058824 0.29803922 0.48235294
v -0.01341945 -0.06482351 -0.40599999 0.42745098 0.44705882 0.62745098
v -0.01023531 -0.06482351 -0.40125033 0.44313725 0.47843137 0.64705882
v -0.01023531 -0.06238222 -0.45376471 0.16078431 0.16078431 0.19607843
v -0.01574117 -0.05799997 -0.45376471 0.19607843 0.19607843 0.22352941
v -0.01023531 -0.05799997 -0.45881265 0.15686275 0.15294118 0.18039216
v -0.01675242 -0.05799997 -0.44011766 0.21568627 0.20784314 0.27450980
v -0.01559085 -0.05799997 -0.43329409 0.28627451 0.29019608 0.41568627
v -0.01574653 -0.05799997 -0.42647058 0.26666667 0.28235294 0.43137255
v -0.01561177 -0.05799997 -0.41964704 0.32549020 0.35294118 0.50980392
v -0.01240784 -0.05799997 -0.41282350 0.34117647 0.36078431 0.53725490
v -0.01026005 -0.05799997 -0.40599999 0.42745098 0.44705882 0.61176471
v -0.01023531 -0.05799997 -0.40596300 0.42745098 0.44705882 0.61176471
v -0.01023531 -0.05340898 -0.46741176 0.07843137 0.07450980 0.09411765
v -0.01312828 -0.05117649 -0.46741176 0.13725490 0.13333333 0.14901961
v -0.01023531 -0.05117649 -0.47007737 0.09019608 0.08627451 0.10196078
v -0.01023531 -0.05698401 -0.46058825 0.13725490 0.13333333 0.15686275
v -0.01705128 -0.05117649 -0.44694117 0.20000000 0.18823529 0.23529412
v -0.01624554 -0.05117649 -0.44011766 0.20784314 0.19215686 0.27450980
v -0.01464748 -0.05117649 -0.43329409 0.24705882 0.23529412 0.35686275
v -0.01599419 -0.05117649 -0.42647058 0.33333333 0.35686275 0.49803922
v -0.01519042 -0.05117649 -0.41964704 0.35686275 0.40000000 0.55294118
v -0.01246047 -0.05117649 -0.41282350 0.35686275 0.36862745 0.52941176
v -0.01023531 -0.05789429 -0.40599999 0.42352941 0.44313725 0.60784314
v -0.01023531 -0.05117649 -0.40837318 0.34901961 0.35294118 0.52549020
v -0.01023531 -0.04986560 -0.47423530 0.05098039 0.05098039 0.06274510
v -0.01023531 -0.04435295 -0.48032895 0.09803922 0.09803922 0.11764706
v -0.01668626 -0.04435295 -0.44694117 0.23921569 0.25098039 0.32549020
v -0.01548153 -0.04435295 -0.44011766 0.21176471 0.24705882 0.35686275
v -0.01401019 -0.04435295 -0.43329409 0.20784314 0.27843137 0.41568627
v -0.01460838 -0.04435295 -0.42647058 0.29019608 0.41176471 0.56862745
v -0.01306027 -0.04435295 -0.41964704 0.32549020 0.46666667 0.62352941
v -0.01284575 -0.04435295 -0.41282350 0.32941176 0.39607843 0.54901961
v -0.01023531 -0.04435295 -0.40621424 0.34509804 0.35294118 0.51372549
v -0.01023531 -0.04537326 -0.39235291 0.47843137 0.51764706 0.62745098
v -0.01108110 -0.04435295 -0.39235291 0.54509804 0.59215686 0.67450980
v -0.01023531 -0.04435295 -0.39486834 0.61176471 0.65490196 0.70980392
v -0.01023531 -0.04435295 -0.39097241 0.45098039 0.48627451 0.60392157
v -0.01023531 -0.04343146 -0.48105884 0.10980392 0.10980392 0.13333333
v -0.01672137 -0.03752941 -0.48105884 0.15294118 0.14509804 0.16470588
v -0.01023531 -0.03752941 -0.48635006 0.11372549 0.10980392 0.13725490
v -0.01471496 -0.03752941 -0.44011766 0.29411765 0.33725490 0.46274510
v -0.01201469 -0.03752941 -0.43329409 0.22745098 0.31372549 0.47058824
v -0.01301056 -0.03752941 -0.42647058 0.29411765 0.43137255 0.58431373
v -0.01122230 -0.03752941 -0.41964704 0.32941176 0.47450980 0.63529412
v -0.01184118 -0.03752941 -0.41282350 0.32941176 0.40000000 0.55294118
v -0.01023531 -0.03752941 -0.40717673 0.34509804 0.37254902 0.52549020
v -0.01196420 -0.03752941 -0.39235291 0.53333333 0.57647059 0.66274510
v -0.01023531 -0.03752941 -0.39715800 0.48235294 0.52549020 0.62352941
v -0.01023531 -0.03752941 -0.38954347 0.41568627 0.42352941 0.54901961
v -0.01023531 -0.03070587 -0.48787117 0.16078431 0.15294118 0.18039216
v -0.01570004 -0.03070587 -0.44011766 0.49019608 0.52156863 0.63921569
v -0.01234353 -0.03070587 -0.43329409 0.29803922 0.32549020 0.48235294
v -0.01342762 -0.03070587 -0.42647058 0.33333333 0.37647059 0.50980392
v -0.01174569 -0.03070587 -0.41964704 0.36078431 0.41568627 0.55294118
v -0.01023531 -0.03366911 -0.41282350 0.35686275 0.39607843 0.54509804
v -0.01023531 -0.03070587 -0.41595644 0.38039216 0.40784314 0.54901961
v -0.01023531 -0.03495759 -0.39235291 0.42352941 0.42745098 0.54901961
v -0.01023531 -0.03061569 -0.48788235 0.16470588 0.15294118 0.18039216
v -0.01462817 -0.02388233 -0.48788235 0.18431373 0.17254902 0.19215686
v -0.01023531 -0.02388233 -0.49134997 0.15686275 0.15294118 0.18039216
v -0.01637948 -0.02388233 -0.44011766 0.50980392 0.58431373 0.70588235
v -0.01237106 -0.02388233 -0.43329409 0.30196078 0.36078431 0.51764706
v -0.01195127 -0.02388233 -0.42647058 0.32156863 0.36470588 0.49019608
v -0.01109684 -0.02388233 -0.41964704 0.37647059 0.41176471 0.52156863
v -0.01023531 -0.02388233 -0.41554564 0.40392157 0.43921569 0.55686275
v -0.01651895 -0.01705885 -0.48788235 0.21568627 0.20392157 0.21176471
v -0.01023531 -0.01705885 -0.49245942 0.18039216 0.17647059 0.19215686
v -0.01585239 -0.01705885 -0.44011766 0.43137255 0.55294118 0.70588235
v -0.01227170 -0.01705885 -0.43329409 0.26274510 0.34509804 0.49803922
v -0.01107687 -0.01705885 -0.42647058 0.32549020 0.38431373 0.48627451
v -0.01023531 -0.01844984 -0.41964704 0.38039216 0.41568627 0.49803922
v -0.01023531 -0.01705885 -0.42113748 0.38823529 0.43137255 0.50196078
v -0.01023531 -0.02122658 -0.40599999 0.54117647 0.56470588 0.66274510
v -0.01271242 -0.01705885 -0.40599999 0.56078431 0.57647059 0.67058824
v -0.01023531 -0.01705885 -0.41128463 0.50196078 0.54117647 0.63137255
v -0.01023531 -0.01705885 -0.40298197 0.56078431 0.58823529 0.69019608
v -0.01023531 -0.01746255 -0.37870586 0.56470588 0.59607843 0.64313725
v -0.01051760 -0.01705885 -0.37870586 0.56470588 0.59607843 0.64313725
v -0.01023531 -0.01705885 -0.37910914 0.56862745 0.59607843 0.64705882
v -0.01023531 -0.01705885 -0.37787050 0.56078431 0.59215686 0.63921569
v -0.01705885 -0.01023531 -0.48836485 0.20392157 0.19607843 0.20392157
v -0.01023531 -0.01023531 -0.49295098 0.18823529 0.18431373 0.20392157
v -0.01568866 -0.01023531 -0.44011766 0.36470588 0.50196078 0.68235294
v -0.01271129 -0.01023531 -0.43329409 0.25098039 0.34117647 0.50196078
v -0.01135463 -0.01023531 -0.42647058 0.32941176 0.39607843 0.50588235
v -0.01023531 -0.01501107 -0.41964704 0.38823529 0.43921569 0.50588235
v -0.01078695 -0.01023531 -0.41964704 0.39215686 0.43529412 0.50980392
v -0.01023531 -0.01023531 -0.41470382 0.40000000 0.43921569 0.53333333
v -0.01364154 -0.01023531 -0.40599999 0.55686275 0.57254902 0.66666667
v -0.01023531 -0.01023531 -0.41261163 0.45098039 0.49411765 0.59215686
v -0.01023531 -0.01023531 -0.40197119 0.56078431 0.58039216 0.69019608
v -0.01179200 -0.01023531 -0.37870586 0.56470588 0.58823529 0.64313725
v -0.01023531 -0.01023531 -0.38093939 0.57254902 0.60000000 0.65490196
v -0.01023531 -0.01023531 -0.37476614 0.53333333 0.57254902 0.61176471
v -0.01689458 -0.00341177 -0.48788235 0.18431373 0.17647059 0.19215686
v -0.01023531 -0.00341177 -0.49312633 0.22352941 0.22352941 0.25490196
v -0.01574612 -0.00341177 -0.44011766 0.29019608 0.40784314 0.60784314
v -0.01369464 -0.00341177 -0.43329409 0.24705882 0.32941176 0.50588235
v -0.01285189 -0.00341177 -0.42647058 0.31372549 0.37647059 0.51764706
v -0.01221991 -0.00341177 -0.41964704 0.37254902 0.41960784 0.53725490
v -0.01023531 -0.00920093 -0.41282350 0.44313725 0.48235294 0.58823529
v -0.01128531 -0.00341177 -0.41282350 0.41568627 0.45098039 0.58039216
v -0.01051533 -0.00341177 -0.40599999 0.52549020 0.54509804 0.65490196
v -0.01023531 -0.00341177 -0.40549713 0.52549020 0.54509804 0.65490196
v -0.01023531 -0.00685310 -0.37870586 0.55294118 0.58039216 0.63921569
v -0.01608622 0.00341183 -0.48788235 0.16862745 0.16470588 0.18823529
v -0.01023531 0.00341183 -0.49321222 0.31764706 0.32156863 0.36470588
v -0.01521063 0.00341183 -0.44011766 0.20784314 0.28627451 0.49019608
v -0.01433355 0.00341183 -0.43329409 0.26666667 0.33333333 0.51372549
v -0.01405406 0.00341183 -0.42647058 0.32156863 0.38823529 0.54901961
v -0.01262987 0.00341183 -0.41964704 0.34117647 0.40784314 0.56470588
v -0.01023531 0.00035721 -0.41282350 0.39215686 0.41960784 0.56862745
v -0.01023531 0.00341183 -0.41448471 0.36078431 0.39607843 0.55686275
v -0.01023531 -0.00255531 -0.40599999 0.51372549 0.53333333 0.65098039
v -0.01488847 0.01023537 -0.48788235 0.16470588 0.16078431 0.19215686
v -0.01023531 0.01023537 -0.49316159 0.44313725 0.46274510 0.50980392
v -0.01679027 0.01023537 -0.44694117 0.12941176 0.21176471 0.37647059
v -0.01680636 0.01023537 -0.44011766 0.27058824 0.36862745 0.52941176
v -0.01601028 0.01023537 -0.43329409 0.28627451 0.40784314 0.58039216
v -0.01490533 0.01023537 -0.42647058 0.29803922 0.44705882 0.61960784
v -0.01358986 0.01023537 -0.41964704 0.30196078 0.45882353 0.62745098
v -0.01023531 0.00459540 -0.41282350 0.35294118 0.38823529 0.55294118
v -0.01352501 0.01023537 -0.41282350 0.31372549 0.40784314 0.56862745
v -0.01023531 0.00856155 -0.40599999 0.33725490 0.36078431 0.52941176
v -0.01090419 0.01023537 -0.40599999 0.32549020 0.36078431 0.52549020
v -0.01023531 0.01023537 -0.40341702 0.32549020 0.33725490 0.50196078
v -0.01023531 0.01634520 -0.48788235 0.19215686 0.20000000 0.23921569
v -0.01023531 0.01705885 -0.48778281 0.19215686 0.19607843 0.23921569
v -0.01698160 0.01705885 -0.43329409 0.30980392 0.42745098 0.58431373
v -0.01614439 0.01705885 -0.42647058 0.31764706 0.45882353 0.62352941
v -0.01499563 0.01705885 -0.41964704 0.31372549 0.46274510 0.62745098
v -0.01463640 0.01705885 -0.41282350 0.32156863 0.40784314 0.56862745
v -0.01243174 0.01705885 -0.40599999 0.31764706 0.35294118 0.51764706
v -0.01023531 0.01705885 -0.39984930 0.36470588 0.36078431 0.51764706
v -0.01023531 0.01299334 -0.39235291 0.56862745 0.61960784 0.67843137
v -0.01173985 0.01705885 -0.39235291 0.41960784 0.45098039 0.58039216
v -0.01023531 0.01705885 -0.39827493 0.38039216 0.38431373 0.53725490
v -0.01023531 0.01705885 -0.38870382 0.34509804 0.35294118 0.49019608
v -0.01421767 0.02388239 -0.48105884 0.17647059 0.17254902 0.19607843
v -0.01023531 0.02388239 -0.48464736 0.14509804 0.14509804 0.18431373
v -0.01672477 0.02388239 -0.42647058 0.33725490 0.39607843 0.54509804
v -0.01574087 0.02388239 -0.41964704 0.32549020 0.38431373 0.54509804
v -0.01519024 0.02388239 -0.41282350 0.34901961 0.36862745 0.52156863
v -0.01258272 0.02388239 -0.40599999 0.33333333 0.32549020 0.49411765
v -0.01023531 0.02388239 -0.40052927 0.34117647 0.32156863 0.49411765
v -0.01023531 0.02050668 -0.39235291 0.37254902 0.35294118 0.49411765
v -0.01023531 0.02722192 -0.48105884 0.10980392 0.11372549 0.14117647
v -0.01023531 0.03062773 -0.47423530 0.19215686 0.20000000 0.22745098
v -0.01023531 0.03070593 -0.47394171 0.19607843 0.20392157 0.23529412
v -0.01664501 0.03070593 -0.46741176 0.28235294 0.27843137 0.31372549
v -0.01595932 0.03070593 -0.45376471 0.23137255 0.22352941 0.32549020
v -0.01610237 0.03070593 -0.44694117 0.30980392 0.30196078 0.43921569
v -0.01561910 0.03070593 -0.44011766 0.25490196 0.25490196 0.38039216
v -0.01618862 0.03070593 -0.43329409 0.29803922 0.30588235 0.42745098
v -0.01605725 0.03070593 -0.42647058 0.30980392 0.32156863 0.45098039
v -0.01506966 0.03070593 -0.41964704 0.30980392 0.32941176 0.46666667
v -0.01281852 0.03070593 -0.41282350 0.29411765 0.30196078 0.46666667
v -0.01066971 0.03070593 -0.40599999 0.33333333 0.33725490 0.51764706
v -0.01023531 0.03070593 -0.40430558 0.33725490 0.33725490 0.52156863
v -0.01023531 0.03064203 -0.36505878 0.38823529 0.41568627 0.50588235
v -0.01025659 0.03070593 -0.36505878 0.38823529 0.41568627 0.50588235
v -0.01023531 0.03070593 -0.36519885 0.38823529 0.41568627 0.50588235
v -0.01023531 0.03070593 -0.36503088 0.38823529 0.41568627 0.50588235
v -0.01023531 0.03594381 -0.46741176 0.18823529 0.20392157 0.25490196
v -0.01023531 0.03550768 -0.46058825 0.26274510 0.26666667 0.33725490
v -0.01023531 0.03673691 -0.45376471 0.21176471 0.19607843 0.29411765
v -0.01023531 0.03707570 -0.44694117 0.33725490 0.30588235 0.43529412
v -0.01023531 0.03735262 -0.44011766 0.23137255 0.22352941 0.34117647
v -0.01023531 0.03752947 -0.43539169 0.19607843 0.19607843 0.30588235
v -0.01044607 0.03752947 -0.43329409 0.19215686 0.19215686 0.29803922
v -0.01031554 0.03752947 -0.42647058 0.20000000 0.21176471 0.31764706
v -0.01023531 0.03674799 -0.41964704 0.21176471 0.23529412 0.36078431
v -0.01023531 0.03752947 -0.42613930 0.19607843 0.21568627 0.32156863
v -0.01023531 0.03448677 -0.41282350 0.25882353 0.27450980 0.44313725
v -0.01023531 0.03183216 -0.40599999 0.32941176 0.33725490 0.52156863
v -0.01023531 0.03073281 -0.36505878 0.38823529 0.41568627 0.50588235
v -0.01023531 0.03783643 -0.43329409 0.19607843 0.19607843 0.30196078
v -0.01023531 0.03765267 -0.42647058 0.19607843 0.21176471 0.31764706
v -0.00341177 -0.10879505 -0.43329409 0.43921569 0.45882353 0.54117647
v -0.00947541 -0.10576469 -0.43329409 0.38823529 0.44313725 0.53725490
v -0.00341177 -0.10576469 -0.43758348 0.34509804 0.40000000 0.50980392
v -0.00341177 -0.10800916 -0.42647058 0.41960784 0.44705882 0.53725490
v -0.00705779 -0.10576469 -0.42647058 0.38823529 0.44313725 0.54901961
v -0.00341177 -0.10668498 -0.41964704 0.39215686 0.42745098 0.53333333
v -0.00468391 -0.10576469 -0.41964704 0.38039216 0.42745098 0.54117647
v -0.00341177 -0.10663807 -0.41282350 0.38039216 0.40392157 0.50588235
v -0.00454998 -0.10576469 -0.41282350 0.37647059 0.40784314 0.51372549
v -0.00341177 -0.10576469 -0.40930682 0.36470588 0.38431373 0.49019608
v -0.00341177 -0.10466713 -0.44694117 0.29411765 0.35294118 0.46666667
v -0.00341177 -0.09894115 -0.45337772 0.21176471 0.28235294 0.39607843
v -0.00341177 -0.10510164 -0.44011766 0.29411765 0.35294118 0.47450980
v -0.00949037 -0.09894115 -0.41282350 0.29019608 0.39607843 0.55294118
v -0.00341177 -0.10514623 -0.40599999 0.34901961 0.36470588 0.47450980
v -0.00852895 -0.09894115 -0.40599999 0.29019608 0.35686275 0.51372549
v -0.00341177 -0.10165441 -0.39917645 0.29019608 0.30588235 0.43529412
v -0.00514251 -0.09894115 -0.39917645 0.26274510 0.29803922 0.45490196
v -0.00341177 -0.09894115 -0.39480707 0.25490196 0.28235294 0.44313725
v -0.00341177 -0.10155022 -0.38552940 0.29803922 0.33725490 0.47450980
v -0.00504118 -0.09894115 -0.38552940 0.27450980 0.33333333 0.48235294
v -0.00341177 -0.09894115 -0.38991132 0.25490196 0.28627451 0.43529412
v -0.00341177 -0.10266227 -0.37870586 0.32549020 0.38431373 0.50980392
v -0.00521648 -0.09894115 -0.37870586 0.27843137 0.37254902 0.52549020
v -0.00341177 -0.10269791 -0.37188232 0.32156863 0.40784314 0.54117647
v -0.00450248 -0.09894115 -0.37188232 0.27843137 0.40784314 0.56470588
v -0.00341177 -0.10109872 -0.36505878 0.30588235 0.41960784 0.56862745
v -0.00410008 -0.09894115 -0.36505878 0.29411765 0.43529412 0.59215686
v -0.00341177 -0.10031742 -0.35823530 0.31372549 0.40000000 0.54509804
v -0.00397086 -0.09894115 -0.35823530 0.30196078 0.40000000 0.55294118
v -0.00341177 -0.09894115 -0.35342282 0.30980392 0.38431373 0.53333333
v -0.00341177 -0.10127467 -0.33776468 0.38823529 0.44313725 0.58431373
v -0.00535017 -0.09894115 -0.33776468 0.49803922 0.56862745 0.67450980
v -0.00341177 -0.09894115 -0.34240609 0.43137255 0.50980392 0.63137255
v -0.00341177 -0.09894115 -0.33475339 0.34117647 0.41176471 0.56470588
v -0.00341177 -0.09783554 -0.45376471 0.18431373 0.25490196 0.37254902
v -0.00341177 -0.09211767 -0.45764685 0.10588235 0.14509804 0.23137255
v -0.00934255 -0.09211767 -0.40599999 0.23137255 0.29803922 0.50196078
v -0.00768405 -0.09211767 -0.39917645 0.21960784 0.25490196 0.45098039
v -0.00341177 -0.09757680 -0.39235291 0.22745098 0.27058824 0.44705882
v -0.00615621 -0.09211767 -0.39235291 0.23137255 0.25490196 0.44705882
v -0.00626826 -0.09211767 -0.38552940 0.23921569 0.29411765 0.47843137
v -0.00641108 -0.09211767 -0.37870586 0.23921569 0.34117647 0.52156863
v -0.00598347 -0.09211767 -0.37188232 0.24705882 0.39215686 0.56862745
v -0.00601232 -0.09211767 -0.36505878 0.27450980 0.43529412 0.60000000
v -0.00511360 -0.09211767 -0.35823530 0.27450980 0.38431373 0.55686275
v -0.00341177 -0.09813207 -0.35141176 0.30588235 0.37647059 0.52941176
v -0.00488949 -0.09211767 -0.35141176 0.29411765 0.37254902 0.53725490
v -0.00341177 -0.09319139 -0.34458822 0.34117647 0.42352941 0.59215686
v -0.00364488 -0.09211767 -0.34458822 0.32549020 0.38431373 0.56470588
v -0.00560236 -0.09211767 -0.33776468 0.43529412 0.51372549 0.65098039
v -0.00341177 -0.09211767 -0.33371633 0.31372549 0.37647059 0.54117647
v -0.00341177 -0.08529413 -0.45943803 0.04705882 0.05098039 0.09411765
v -0.00992543 -0.08529413 -0.40599999 0.27843137 0.29411765 0.49803922
v -0.00892395 -0.08529413 -0.39917645 0.27450980 0.27450980 0.47058824
v -0.00803030 -0.08529413 -0.39235291 0.30196078 0.29411765 0.48627451
v -0.00730056 -0.08529413 -0.38552940 0.30588235 0.31372549 0.49019608
v -0.00730467 -0.08529413 -0.37870586 0.29411765 0.32549020 0.49411765
v -0.00829899 -0.08529413 -0.37188232 0.29803922 0.37254902 0.51764706
v -0.00783682 -0.08529413 -0.36505878 0.29803922 0.38431373 0.52941176
v -0.00579345 -0.08529413 -0.35823530 0.30980392 0.36078431 0.52156863
v -0.00341177 -0.08745569 -0.35141176 0.30588235 0.34509804 0.52156863
v -0.00341177 -0.08529413 -0.35274458 0.31372549 0.33725490 0.51372549
v -0.00341177 -0.09134799 -0.34458822 0.32549020 0.37254902 0.54509804
v -0.00341177 -0.08793658 -0.33776468 0.34117647 0.34901961 0.51764706
v -0.00995559 -0.07847059 -0.45376471 0.13333333 0.14117647 0.20784314
v -0.00341177 -0.07847059 -0.45767736 0.08627451 0.09803922 0.16078431
v -0.00972402 -0.07847059 -0.39917645 0.34509804 0.35686275 0.55294118
v -0.01023531 -0.07847059 -0.40490213 0.37254902 0.40392157 0.59607843
v -0.00931954 -0.07847059 -0.39235291 0.36862745 0.36470588 0.56470588
v -0.00904000 -0.07847059 -0.38552940 0.41568627 0.42745098 0.58823529
v -0.00845379 -0.07847059 -0.37870586 0.34117647 0.35686275 0.50196078
v -0.00809127 -0.07847059 -0.37188232 0.30980392 0.33333333 0.44705882
v -0.00800037 -0.07847059 -0.36505878 0.32941176 0.35686275 0.45882353
v -0.00352114 -0.07847059 -0.35823530 0.41960784 0.44313725 0.57254902
v -0.00341177 -0.07847059 -0.35797834 0.42745098 0.45098039 0.58039216
v -0.00341177 -0.07375634 -0.45376471 0.16078431 0.17254902 0.23529412
v -0.00341177 -0.07164705 -0.45336863 0.21960784 0.23137255 0.29411765
v -0.01015556 -0.07164705 -0.39917645 0.37647059 0.40000000 0.60000000
v -0.00976706 -0.07164705 -0.39235291 0.40392157 0.41568627 0.61568627
v -0.00985891 -0.07164705 -0.38552940 0.50196078 0.52549020 0.65098039
v -0.00908446 -0.07164705 -0.37870586 0.45098039 0.47058824 0.57254902
v -0.00777620 -0.07164705 -0.37188232 0.32156863 0.35294118 0.43137255
v -0.00753659 -0.07164705 -0.36505878 0.30196078 0.33333333 0.39215686
v -0.00669920 -0.07164705 -0.35823530 0.53725490 0.55686275 0.63137255
v -0.00341177 -0.07378906 -0.35141176 0.56470588 0.59215686 0.68627451
v -0.00449228 -0.07164705 -0.35141176 0.59607843 0.61568627 0.69803922
v -0.00341177 -0.07164705 -0.34966898 0.57254902 0.60000000 0.69803922
v -0.00341177 -0.06482351 -0.45355818 0.21176471 0.21568627 0.26666667
v -0.00995457 -0.06482351 -0.39917645 0.39607843 0.41960784 0.61176471
v -0.00949240 -0.06482351 -0.39235291 0.43921569 0.44705882 0.63529412
v -0.00974274 -0.06482351 -0.38552940 0.52549020 0.54509804 0.65882353
v -0.00895011 -0.06482351 -0.37870586 0.47843137 0.50196078 0.59607843
v -0.00778037 -0.06482351 -0.37188232 0.34117647 0.37647059 0.44705882
v -0.00771785 -0.06482351 -0.36505878 0.32156863 0.35294118 0.40784314
v -0.00652486 -0.06482351 -0.35823530 0.54509804 0.56862745 0.63529412
v -0.00472826 -0.06482351 -0.35141176 0.60784314 0.61960784 0.70196078
v -0.00341177 -0.06482351 -0.34937757 0.58039216 0.60392157 0.69803922
v -0.00341177 -0.05886835 -0.46058825 0.12941176 0.12941176 0.16078431
v -0.00482190 -0.05799997 -0.46058825 0.14901961 0.14901961 0.17647059
v -0.00341177 -0.05799997 -0.46142450 0.14117647 0.13725490 0.16862745
v -0.00341177 -0.06439823 -0.45376471 0.20392157 0.21176471 0.25490196
v -0.00876397 -0.05799997 -0.39917645 0.41176471 0.41960784 0.58823529
v -0.00799817 -0.05799997 -0.39235291 0.43921569 0.43921569 0.60000000
v -0.00852174 -0.05799997 -0.38552940 0.48235294 0.48235294 0.61176471
v -0.00786036 -0.05799997 -0.37870586 0.43529412 0.45098039 0.56862745
v -0.00807315 -0.05799997 -0.37188232 0.35294118 0.38039216 0.48235294
v -0.00896025 -0.05799997 -0.36505878 0.36078431 0.39215686 0.48235294
v -0.00506890 -0.05799997 -0.35823530 0.42352941 0.43529412 0.55686275
v -0.00341177 -0.05948752 -0.35141176 0.52156863 0.53725490 0.64705882
v -0.00341177 -0.05799997 -0.35265499 0.48627451 0.49803922 0.61960784
v -0.00341177 -0.05849969 -0.31047058 0.36862745 0.41176471 0.49803922
v -0.00370908 -0.05799997 -0.31047058 0.37254902 0.41176471 0.49803922
v -0.00341177 -0.05799997 -0.31162274 0.37254902 0.41568627 0.49803922
v -0.00341177 -0.05799997 -0.31008607 0.37254902 0.41176471 0.50196078
v -0.00341177 -0.05534130 -0.46741176 0.09019608 0.09019608 0.11372549
v -0.00341177 -0.05117649 -0.47202191 0.09411765 0.09019608 0.10980392
v -0.00956929 -0.05117649 -0.40599999 0.34901961 0.34509804 0.51764706
v -0.00783676 -0.05117649 -0.39917645 0.37254902 0.36078431 0.52941176
v -0.00707686 -0.05117649 -0.39235291 0.40000000 0.38823529 0.54509804
v -0.00691187 -0.05117649 -0.38552940 0.37254902 0.36470588 0.52156863
v -0.00786710 -0.05117649 -0.37870586 0.37254902 0.37254902 0.51372549
v -0.00887239 -0.05117649 -0.37188232 0.34901961 0.40392157 0.52941176
v -0.00888532 -0.05117649 -0.36505878 0.33725490 0.41960784 0.54509804
v -0.00833315 -0.05117649 -0.35823530 0.37647059 0.39607843 0.52549020
v -0.00341177 -0.05755180 -0.35141176 0.46666667 0.47450980 0.60392157
v -0.00698757 -0.05117649 -0.35141176 0.38039216 0.37254902 0.51764706
v -0.00341177 -0.05554944 -0.34458822 0.38823529 0.39215686 0.55294118
v -0.00597018 -0.05117649 -0.34458822 0.39215686 0.37647059 0.53725490
v -0.00341177 -0.05398846 -0.33776468 0.38823529 0.38823529 0.55294118
v -0.00480717 -0.05117649 -0.33776468 0.40000000 0.39607843 0.55294118
v -0.00341177 -0.05310005 -0.33094114 0.37254902 0.37647059 0.52549020
v -0.00477821 -0.05117649 -0.33094114 0.37647059 0.37647059 0.52549020
v -0.00341177 -0.05378860 -0.32411760 0.38039216 0.39215686 0.51764706
v -0.00537163 -0.05117649 -0.32411760 0.38431373 0.39607843 0.52549020
v -0.00341177 -0.05548024 -0.31729412 0.37647059 0.40784314 0.51372549
v -0.00530654 -0.05117649 -0.31729412 0.36862745 0.42745098 0.54117647
v -0.00506425 -0.05117649 -0.31047058 0.36078431 0.43921569 0.55686275
v -0.00341177 -0.05117649 -0.30479056 0.38431373 0.41176471 0.53333333
v -0.00341177 -0.04981965 -0.47423530 0.08235294 0.07843137 0.09411765
v -0.00341177 -0.04435295 -0.48004118 0.14117647 0.13333333 0.15294118
v -0.01018155 -0.04435295 -0.40599999 0.34509804 0.35294118 0.51372549
v -0.00966012 -0.04435295 -0.39917645 0.42352941 0.43137255 0.56470588
v -0.00789064 -0.04435295 -0.38552940 0.34901961 0.35294118 0.50588235
v -0.00908989 -0.04435295 -0.37870586 0.33333333 0.38823529 0.53333333
v -0.00795460 -0.04435295 -0.37188232 0.31764706 0.43921569 0.58823529
v -0.00822884 -0.04435295 -0.36505878 0.34901961 0.49411765 0.62745098
v -0.00825608 -0.04435295 -0.35823530 0.33725490 0.40392157 0.54901961
v -0.00762415 -0.04435295 -0.35141176 0.36470588 0.37254902 0.52549020
v -0.00800562 -0.04435295 -0.34458822 0.45098039 0.46274510 0.59215686
v -0.00911862 -0.04435295 -0.33776468 0.58431373 0.61960784 0.70196078
v -0.00605536 -0.04435295 -0.33094114 0.38431373 0.38039216 0.53333333
v -0.00612867 -0.04435295 -0.32411760 0.34901961 0.40392157 0.54509804
v -0.00376713 -0.04435295 -0.31729412 0.33725490 0.45490196 0.60000000
v -0.00341177 -0.04572093 -0.31047058 0.36078431 0.49411765 0.62745098
v -0.00341177 -0.04435295 -0.31450576 0.36862745 0.51764706 0.65098039
v -0.00341177 -0.04478425 -0.28317648 0.53333333 0.56470588 0.65098039
v -0.00374299 -0.04435295 -0.28317648 0.55294118 0.58431373 0.66666667
v -0.00341177 -0.04435295 -0.28412479 0.58823529 0.62352941 0.69411765
v -0.00341177 -0.04435295 -0.28260630 0.52156863 0.55294118 0.64313725
v -0.00341177 -0.04313171 -0.48105884 0.16078431 0.15294118 0.17647059
v -0.00341177 -0.03752941 -0.48610738 0.11764706 0.10980392 0.13725490
v -0.01005828 -0.03752941 -0.40599999 0.34901961 0.36862745 0.52156863
v -0.00989234 -0.03752941 -0.39917645 0.42352941 0.43137255 0.55686275
v -0.00843000 -0.03752941 -0.38552940 0.35294118 0.36470588 0.50980392
v -0.00928086 -0.03752941 -0.37870586 0.33333333 0.39607843 0.53333333
v -0.00778037 -0.03752941 -0.37188232 0.31764706 0.44313725 0.58823529
v -0.00832438 -0.03752941 -0.36505878 0.35294118 0.49803922 0.62745098
v -0.00831097 -0.03752941 -0.35823530 0.33725490 0.40392157 0.54901961
v -0.00780511 -0.03752941 -0.35141176 0.36078431 0.37647059 0.52941176
v -0.00847089 -0.03752941 -0.34458822 0.46274510 0.47450980 0.59607843
v -0.00944406 -0.03752941 -0.33776468 0.60784314 0.64705882 0.71764706
v -0.00653189 -0.03752941 -0.33094114 0.38431373 0.38823529 0.53725490
v -0.00636846 -0.03752941 -0.32411760 0.35294118 0.41176471 0.55294118
v -0.00384879 -0.03752941 -0.31729412 0.34117647 0.46274510 0.60784314
v -0.00341177 -0.03752941 -0.31282777 0.40392157 0.56078431 0.67450980
v -0.00578177 -0.03752941 -0.28317648 0.59607843 0.62745098 0.70588235
v -0.00341177 -0.03752941 -0.28860241 0.51764706 0.54901961 0.63921569
v -0.00341177 -0.03752941 -0.27961838 0.43921569 0.44705882 0.58039216
v -0.00341177 -0.03070587 -0.48775557 0.18431373 0.17254902 0.20000000
v -0.00948346 -0.03070587 -0.41282350 0.38823529 0.40000000 0.54901961
v -0.00897753 -0.03070587 -0.40599999 0.38039216 0.37647059 0.52941176
v -0.00819266 -0.03070587 -0.39917645 0.38823529 0.37254902 0.52156863
v -0.00798559 -0.03070587 -0.39235291 0.38431373 0.36862745 0.50588235
v -0.00717509 -0.03070587 -0.38552940 0.37647059 0.37254902 0.50980392
v -0.00771517 -0.03070587 -0.37870586 0.38823529 0.40000000 0.52156863
v -0.00900388 -0.03070587 -0.37188232 0.36470588 0.42352941 0.53725490
v -0.00929326 -0.03070587 -0.36505878 0.36078431 0.43529412 0.54509804
v -0.00819379 -0.03070587 -0.35823530 0.38823529 0.41176471 0.53333333
v -0.00778139 -0.03070587 -0.35141176 0.39215686 0.38823529 0.52549020
v -0.00771546 -0.03070587 -0.34458822 0.41176471 0.39215686 0.53725490
v -0.00723886 -0.03070587 -0.33776468 0.43137255 0.41960784 0.56078431
v -0.00658470 -0.03070587 -0.33094114 0.40000000 0.39607843 0.53333333
v -0.00628144 -0.03070587 -0.32411760 0.39215686 0.41960784 0.54117647
v -0.00594860 -0.03070587 -0.31729412 0.38039216 0.45098039 0.55686275
v -0.00341177 -0.03710741 -0.31047058 0.37254902 0.51372549 0.64313725
v -0.00584376 -0.03070587 -0.31047058 0.37647059 0.46274510 0.56862745
v -0.00341177 -0.03601694 -0.30364704 0.35686275 0.41960784 0.55686275
v -0.00396681 -0.03070587 -0.30364704 0.39607843 0.43137255 0.54901961
v -0.00341177 -0.03070587 -0.30105239 0.40000000 0.41568627 0.54117647
v -0.00341177 -0.03381705 -0.28317648 0.46274510 0.46666667 0.59607843
v -0.00341177 -0.02985084 -0.48788235 0.19607843 0.18039216 0.20784314
v -0.00341177 -0.02388233 -0.49132842 0.14509804 0.14117647 0.16470588
v -0.01003277 -0.02388233 -0.41282350 0.43137255 0.46274510 0.58431373
v -0.00946808 -0.02388233 -0.40599999 0.50980392 0.52941176 0.64313725
v -0.00797522 -0.02388233 -0.39917645 0.40784314 0.41568627 0.56078431
v -0.00780547 -0.02388233 -0.39235291 0.37647059 0.37254902 0.52156863
v -0.00692976 -0.02388233 -0.38552940 0.43529412 0.44313725 0.55686275
v -0.00852978 -0.02388233 -0.37870586 0.51764706 0.54117647 0.61960784
v -0.00925881 -0.02388233 -0.37188232 0.43137255 0.47058824 0.54509804
v -0.00963509 -0.02388233 -0.36505878 0.40392157 0.44313725 0.50980392
v -0.00776589 -0.02388233 -0.35823530 0.47450980 0.49411765 0.58039216
v -0.00512099 -0.02388233 -0.35141176 0.48235294 0.48627451 0.59215686
v -0.00450552 -0.02388233 -0.34458822 0.40392157 0.40392157 0.54901961
v -0.00542033 -0.02388233 -0.33776468 0.41176471 0.40784314 0.55686275
v -0.00341177 -0.02561337 -0.33094114 0.40784314 0.41568627 0.54509804
v -0.00341177 -0.02388233 -0.33381414 0.40392157 0.41176471 0.54901961
v -0.00341177 -0.02502114 -0.32411760 0.46666667 0.49019608 0.58431373
v -0.00341177 -0.02388233 -0.32274002 0.48627451 0.51764706 0.60392157
v -0.00588161 -0.02388233 -0.31729412 0.41960784 0.46274510 0.53725490
v -0.00676137 -0.02388233 -0.31047058 0.41176471 0.46274510 0.52941176
v -0.00341177 -0.02947813 -0.30364704 0.40784314 0.43137255 0.54509804
v -0.00341177 -0.02388233 -0.30570072 0.44313725 0.47843137 0.56078431
v -0.00341177 -0.01705885 -0.49265766 0.15294118 0.14901961 0.16862745
v -0.01016062 -0.01705885 -0.41964704 0.38431373 0.41960784 0.49411765
v -0.00996637 -0.01705885 -0.41282350 0.45490196 0.49411765 0.59215686
v -0.00857002 -0.01705885 -0.39917645 0.45490196 0.47450980 0.62745098
v -0.00849164 -0.01705885 -0.39235291 0.37647059 0.38431373 0.55294118
v -0.00839192 -0.01705885 -0.38552940 0.54117647 0.56470588 0.65098039
v -0.00980270 -0.01705885 -0.37188232 0.48235294 0.52549020 0.56078431
v -0.00985050 -0.01705885 -0.36505878 0.42352941 0.46274510 0.49411765
v -0.00969166 -0.01705885 -0.35823530 0.55294118 0.58039216 0.62745098
v -0.00649095 -0.01705885 -0.35141176 0.60392157 0.60784314 0.67450980
v -0.00341177 -0.02167928 -0.34458822 0.40392157 0.41176471 0.55686275
v -0.00341177 -0.01705885 -0.34693766 0.51372549 0.52156863 0.63529412
v -0.00341177 -0.01705885 -0.33903664 0.38823529 0.39215686 0.55686275
v -0.00399595 -0.01705885 -0.33776468 0.40000000 0.40392157 0.56470588
v -0.00341177 -0.01705885 -0.33678514 0.40000000 0.40392157 0.56078431
v -0.00341177 -0.02274984 -0.32411760 0.52156863 0.54901961 0.62745098
v -0.00625128 -0.01705885 -0.32411760 0.57647059 0.60392157 0.65490196
v -0.00341177 -0.01705885 -0.32808399 0.60000000 0.61568627 0.67843137
v -0.00699294 -0.01705885 -0.31729412 0.47058824 0.52156863 0.56078431
v -0.00695878 -0.01705885 -0.31047058 0.41960784 0.47450980 0.50588235
v -0.00341177 -0.01819891 -0.30364704 0.55294118 0.58823529 0.63921569
v -0.00391495 -0.01705885 -0.30364704 0.55686275 0.59215686 0.63921569
v -0.00341177 -0.01705885 -0.30294573 0.56862745 0.60000000 0.64705882
v -0.00341177 -0.01023531 -0.49317324 0.15686275 0.15294118 0.17254902
v -0.01019061 -0.01023531 -0.41282350 0.44705882 0.48627451 0.58431373
v -0.00891125 -0.01023531 -0.39917645 0.47058824 0.48627451 0.63921569
v -0.00890213 -0.01023531 -0.39235291 0.36862745 0.37254902 0.54509804
v -0.00888598 -0.01023531 -0.38552940 0.55686275 0.57647059 0.65882353
v -0.00993401 -0.01023531 -0.37188232 0.48235294 0.52549020 0.56078431
v -0.00986779 -0.01023531 -0.36505878 0.42745098 0.46666667 0.49411765
v -0.00983173 -0.01023531 -0.35823530 0.55294118 0.58039216 0.62352941
v -0.00682765 -0.01023531 -0.35141176 0.60784314 0.61568627 0.67450980
v -0.00341177 -0.01023531 -0.34691948 0.52549020 0.53333333 0.63921569
v -0.00363880 -0.01023531 -0.33776468 0.39607843 0.39607843 0.55294118
v -0.00341177 -0.01023531 -0.33823687 0.38823529 0.39215686 0.55294118
v -0.00341177 -0.01023531 -0.33735907 0.39215686 0.39607843 0.55294118
v -0.00641912 -0.01023531 -0.32411760 0.57647059 0.60392157 0.65098039
v -0.00341177 -0.01023531 -0.32824969 0.60784314 0.62352941 0.68235294
v -0.00704110 -0.01023531 -0.31729412 0.47058824 0.52549020 0.56078431
v -0.00689822 -0.01023531 -0.31047058 0.41960784 0.47450980 0.50588235
v -0.00405467 -0.01023531 -0.30364704 0.56078431 0.59215686 0.63921569
v -0.00341177 -0.01023531 -0.30277103 0.57254902 0.60392157 0.64705882
v -0.00341177 -0.00341177 -0.49316418 0.17647059 0.17647059 0.20784314
v -0.00911027 -0.00341177 -0.39917645 0.43529412 0.43921569 0.58039216
v -0.00912696 -0.00341177 -0.39235291 0.38039216 0.36862745 0.51372549
v -0.00869495 -0.00341177 -0.38552940 0.47843137 0.48627451 0.58823529
v -0.00966728 -0.00341177 -0.37870586 0.52549020 0.55294118 0.62352941
v -0.00970489 -0.00341177 -0.37188232 0.44313725 0.48627451 0.54901961
v -0.00982177 -0.00341177 -0.36505878 0.41176471 0.45490196 0.51764706
v -0.00783169 -0.00341177 -0.35823530 0.49411765 0.52156863 0.59607843
v -0.00472087 -0.00341177 -0.35141176 0.52549020 0.53333333 0.62352941
v -0.00341177 -0.00341177 -0.34854686 0.47058824 0.47058824 0.58431373
v -0.00341177 -0.00710016 -0.33776468 0.38431373 0.38431373 0.53725490
v -0.00341177 -0.00466144 -0.32411760 0.54509804 0.57254902 0.64313725
v -0.00341177 -0.00341177 -0.32202762 0.49411765 0.52941176 0.60784314
v -0.00539583 -0.00341177 -0.31729412 0.42352941 0.47058824 0.54117647
v -0.00663739 -0.00341177 -0.31047058 0.40784314 0.46274510 0.52156863
v -0.00341177 -0.00884998 -0.30364704 0.55294118 0.58823529 0.63921569
v -0.00341177 -0.00341177 -0.30590498 0.44705882 0.48627451 0.56470588
v -0.00341177 0.00341183 -0.49308261 0.23529412 0.23921569 0.28235294
v -0.00982654 0.00341183 -0.41282350 0.36862745 0.39215686 0.55686275
v -0.00947064 0.00341183 -0.40599999 0.38823529 0.39215686 0.54901961
v -0.00881124 0.00341183 -0.39917645 0.38431373 0.37254902 0.51764706
v -0.00884557 0.00341183 -0.39235291 0.36470588 0.34901961 0.48235294
v -0.00793356 0.00341183 -0.38552940 0.39607843 0.39607843 0.51764706
v -0.00811702 0.00341183 -0.37870586 0.40392157 0.43529412 0.54509804
v -0.00949305 0.00341183 -0.37188232 0.36862745 0.43921569 0.54509804
v -0.00949657 0.00341183 -0.36505878 0.36470588 0.45490196 0.55686275
v -0.00689286 0.00341183 -0.35823530 0.38039216 0.42745098 0.54117647
v -0.00545847 0.00341183 -0.35141176 0.39215686 0.40000000 0.52941176
v -0.00341177 -0.00020254 -0.34458822 0.39607843 0.38823529 0.52156863
v -0.00527579 0.00341183 -0.34458822 0.39607843 0.38823529 0.52156863
v -0.00341177 -0.00281209 -0.33776468 0.38431373 0.38039216 0.52549020
v -0.00547189 0.00341183 -0.33776468 0.40392157 0.38823529 0.52549020
v -0.00341177 0.00229484 -0.33094114 0.38823529 0.39607843 0.52156863
v -0.00398374 0.00341183 -0.33094114 0.38823529 0.39215686 0.51764706
v -0.00341177 -0.00045389 -0.32411760 0.44705882 0.47058824 0.56862745
v -0.00471711 0.00341183 -0.32411760 0.38039216 0.41568627 0.53333333
v -0.00579298 0.00341183 -0.31729412 0.36862745 0.44313725 0.54509804
v -0.00603670 0.00341183 -0.31047058 0.36862745 0.45882353 0.55686275
v -0.00341177 0.00324816 -0.30364704 0.38823529 0.42745098 0.53725490
v -0.00348103 0.00341183 -0.30364704 0.38431373 0.42745098 0.53725490
v -0.00341177 0.00341183 -0.30344045 0.38431373 0.42745098 0.53725490
v -0.00341177 0.01023537 -0.49259388 0.30980392 0.32549020 0.38823529
v -0.00982898 0.01023537 -0.39917645 0.37647059 0.37647059 0.51372549
v -0.00973862 0.01023537 -0.39235291 0.38039216 0.38431373 0.51764706
v -0.00875145 0.01023537 -0.38552940 0.32156863 0.35294118 0.49411765
v -0.00970209 0.01023537 -0.37870586 0.31764706 0.40000000 0.53725490
v -0.00812173 0.01023537 -0.37188232 0.30588235 0.45098039 0.58823529
v -0.00785518 0.01023537 -0.36505878 0.33725490 0.50196078 0.62745098
v -0.00794989 0.01023537 -0.35823530 0.32549020 0.42745098 0.56470588
v -0.00728428 0.01023537 -0.35141176 0.34117647 0.39215686 0.53333333
v -0.00797373 0.01023537 -0.34458822 0.42745098 0.45882353 0.58039216
v -0.00985283 0.01023537 -0.33776468 0.57254902 0.61176471 0.68627451
v -0.00619578 0.01023537 -0.33094114 0.35294118 0.38823529 0.52549020
v -0.00663358 0.01023537 -0.32411760 0.33333333 0.41568627 0.54509804
v -0.00457889 0.01023537 -0.31729412 0.31764706 0.44705882 0.58039216
v -0.00345170 0.01023537 -0.31047058 0.33333333 0.47843137 0.60784314
v -0.00409758 0.01023537 -0.30364704 0.33333333 0.41960784 0.55294118
v -0.00341177 0.01023537 -0.29806030 0.34901961 0.40000000 0.52941176
v -0.00341177 0.00661218 -0.28317648 0.43921569 0.43529412 0.55294118
v -0.00559866 0.01023537 -0.28317648 0.53333333 0.56470588 0.64705882
v -0.00341177 0.01023537 -0.28903878 0.45490196 0.47450980 0.58039216
v -0.00341177 0.01023537 -0.27941328 0.40392157 0.42745098 0.54509804
v -0.00341177 0.01649666 -0.48788235 0.20784314 0.21176471 0.25882353
v -0.00341177 0.01705885 -0.48778480 0.20392157 0.20784314 0.25490196
v -0.01015449 0.01705885 -0.39917645 0.36862745 0.36470588 0.52156863
v -0.00924504 0.01705885 -0.38552940 0.32156863 0.34509804 0.49411765
v -0.01006305 0.01705885 -0.37870586 0.31372549 0.39607843 0.53725490
v -0.00885725 0.01705885 -0.37188232 0.30588235 0.45490196 0.59607843
v -0.00853044 0.01705885 -0.36505878 0.33333333 0.50980392 0.63529412
v -0.00833148 0.01705885 -0.35823530 0.32156863 0.42352941 0.56862745
v -0.00761640 0.01705885 -0.35141176 0.34117647 0.38823529 0.53333333
v -0.00813669 0.01705885 -0.34458822 0.42745098 0.45882353 0.58823529
v -0.00982332 0.01705885 -0.33776468 0.57647059 0.61176471 0.69411765
v -0.00629133 0.01705885 -0.33094114 0.34901961 0.38039216 0.52549020
v -0.00691503 0.01705885 -0.32411760 0.33333333 0.41176471 0.54901961
v -0.00516373 0.01705885 -0.31729412 0.31764706 0.45098039 0.58823529
v -0.00429106 0.01705885 -0.31047058 0.32941176 0.47843137 0.61568627
v -0.00451869 0.01705885 -0.30364704 0.32941176 0.41960784 0.56078431
v -0.00341177 0.01332575 -0.29682350 0.33725490 0.39215686 0.52941176
v -0.00361180 0.01705885 -0.29682350 0.35294118 0.38823529 0.52941176
v -0.00341177 0.01705885 -0.29486650 0.36078431 0.38431373 0.52549020
v -0.00517225 0.01705885 -0.28317648 0.52941176 0.55686275 0.64705882
v -0.00341177 0.01705885 -0.28882205 0.46274510 0.48235294 0.59215686
v -0.00341177 0.01705885 -0.27992874 0.41960784 0.43137255 0.55686275
v -0.00341177 0.02388239 -0.48525289 0.14901961 0.15686275 0.20392157
v -0.00999051 0.02388239 -0.39917645 0.34509804 0.32549020 0.49411765
v -0.00955009 0.02388239 -0.39235291 0.35294118 0.32549020 0.48235294
v -0.00944823 0.02388239 -0.38552940 0.36470588 0.34509804 0.49803922
v -0.01020432 0.02388239 -0.37870586 0.35686275 0.38039216 0.51764706
v -0.00989825 0.02388239 -0.37188232 0.34117647 0.41960784 0.54509804
v -0.00928402 0.02388239 -0.36505878 0.33333333 0.43529412 0.56078431
v -0.00949723 0.02388239 -0.35823530 0.36470588 0.41176471 0.54117647
v -0.00781810 0.02388239 -0.35141176 0.37647059 0.37254902 0.52156863
v -0.00575298 0.02388239 -0.34458822 0.38431373 0.35686275 0.51764706
v -0.00486255 0.02388239 -0.33776468 0.38823529 0.36862745 0.52941176
v -0.00529897 0.02388239 -0.33094114 0.37254902 0.36470588 0.51764706
v -0.00687832 0.02388239 -0.32411760 0.36862745 0.40392157 0.53725490
v -0.00645590 0.02388239 -0.31729412 0.34901961 0.43137255 0.55686275
v -0.00595903 0.02388239 -0.31047058 0.34509804 0.44313725 0.56470588
v -0.00618201 0.02388239 -0.30364704 0.37647059 0.42352941 0.54901961
v -0.00396323 0.02388239 -0.29682350 0.39607843 0.38823529 0.52941176
v -0.00341177 0.02388239 -0.29566479 0.39215686 0.38431373 0.52941176
v -0.00341177 0.01971555 -0.28317648 0.44705882 0.44313725 0.57254902
v -0.00341177 0.02802092 -0.48105884 0.11372549 0.12156863 0.15686275
v -0.00341177 0.03070593 -0.47531298 0.18823529 0.20000000 0.22745098
v -0.00717098 0.03070593 -0.47423530 0.21176471 0.22352941 0.25490196
v -0.00983530 0.03070593 -0.39917645 0.32941176 0.32156863 0.50980392
v -0.01023531 0.03070593 -0.40430552 0.33725490 0.33725490 0.52156863
v -0.00931090 0.03070593 -0.39235291 0.32549020 0.31372549 0.50588235
v -0.00935960 0.03070593 -0.38552940 0.38431373 0.38823529 0.55294118
v -0.00924635 0.03070593 -0.37870586 0.37254902 0.38039216 0.52156863
v -0.00988799 0.03070593 -0.37188232 0.37647059 0.39215686 0.49803922
v -0.00710821 0.03070593 -0.35823530 0.38431373 0.38431373 0.51764706
v -0.00507128 0.03070593 -0.35141176 0.40392157 0.40392157 0.56862745
v -0.00341177 0.02804953 -0.34458822 0.35686275 0.35294118 0.53333333
v -0.00341177 0.03070593 -0.34789729 0.37647059 0.38039216 0.56078431
v -0.00341177 0.02693194 -0.33776468 0.36862745 0.36078431 0.53725490
v -0.00341177 0.02703130 -0.33094114 0.36078431 0.36470588 0.52941176
v -0.00341177 0.02931058 -0.32411760 0.38039216 0.40000000 0.54509804
v -0.00341177 0.03070593 -0.32106006 0.38823529 0.41568627 0.54901961
v -0.00503391 0.03070593 -0.31729412 0.38431373 0.41568627 0.52941176
v -0.00666499 0.03070593 -0.31047058 0.39607843 0.43921569 0.53725490
v -0.00341177 0.02825439 -0.30364704 0.40000000 0.40784314 0.54117647
v -0.00341177 0.03070593 -0.30580693 0.39215686 0.41176471 0.53725490
v -0.00341177 0.02466697 -0.29682350 0.39607843 0.38823529 0.53333333
v -0.00341177 0.03173131 -0.47423530 0.16470588 0.18039216 0.21176471
v -0.00341177 0.03221786 -0.46741176 0.12941176 0.14509804 0.20000000
v -0.00341177 0.03608453 -0.46058825 0.10980392 0.12156863 0.19607843
v -0.00341177 0.03734028 -0.45376471 0.45098039 0.47058824 0.58039216
v -0.00341177 0.03752947 -0.45316434 0.47058824 0.49019608 0.59607843
v -0.00978446 0.03752947 -0.44694117 0.32941176 0.29803922 0.42745098
v -0.01016408 0.03752947 -0.44011766 0.23137255 0.21960784 0.33725490
v -0.01003927 0.03752947 -0.41964704 0.19215686 0.21960784 0.34117647
v -0.00935423 0.03752947 -0.41282350 0.25098039 0.27450980 0.43921569
v -0.00951260 0.03752947 -0.40599999 0.26666667 0.28627451 0.47450980
v -0.00972724 0.03752947 -0.39917645 0.29019608 0.29803922 0.50980392
v -0.00936240 0.03752947 -0.39235291 0.29411765 0.29803922 0.52549020
v -0.00871140 0.03752947 -0.38552940 0.36862745 0.40000000 0.58431373
v -0.00886875 0.03752947 -0.37870586 0.40784314 0.44313725 0.58431373
v -0.00797337 0.03752947 -0.37188232 0.32549020 0.35294118 0.45098039
v -0.00693315 0.03752947 -0.36505878 0.32156863 0.34901961 0.42352941
v -0.00618440 0.03752947 -0.35823530 0.45882353 0.48235294 0.60000000
v -0.00469667 0.03752947 -0.35141176 0.50980392 0.53725490 0.67450980
v -0.00341177 0.03752947 -0.34910458 0.46274510 0.49803922 0.65882353
v -0.00341177 0.03319544 -0.31729412 0.38431373 0.41960784 0.53333333
v -0.00341177 0.03513694 -0.31047058 0.37647059 0.41960784 0.51372549
v -0.00341177 0.04322451 -0.44694117 0.26274510 0.25098039 0.36078431
v -0.00341177 0.04381460 -0.44011766 0.25490196 0.24705882 0.33725490
v -0.00341177 0.04435301 -0.43606508 0.30588235 0.29803922 0.38039216
v -0.00594169 0.04435301 -0.43329409 0.32941176 0.31372549 0.38431373
v -0.00677264 0.04435301 -0.42647058 0.32156863 0.30196078 0.36470588
v -0.00585961 0.04435301 -0.41964704 0.27450980 0.27058824 0.34509804
v -0.00682896 0.04435301 -0.41282350 0.31764706 0.31764706 0.43529412
v -0.00710189 0.04435301 -0.40599999 0.29803922 0.31372549 0.46274510
v -0.00793624 0.04435301 -0.39917645 0.31764706 0.32941176 0.50980392
v -0.00760311 0.04435301 -0.39235291 0.32156863 0.33725490 0.53333333
v -0.00557262 0.04435301 -0.38552940 0.35294118 0.40000000 0.56862745
v -0.00660229 0.04435301 -0.37870586 0.39215686 0.43921569 0.57254902
v -0.00517839 0.04435301 -0.37188232 0.31764706 0.36078431 0.45882353
v -0.00341177 0.04428649 -0.36505878 0.31372549 0.35686275 0.43529412
v -0.00341177 0.04435301 -0.36522949 0.31372549 0.35686275 0.43529412
v -0.00341177 0.04340786 -0.35823530 0.47058824 0.52941176 0.63529412
v -0.00341177 0.03978384 -0.35141176 0.52549020 0.56862745 0.69803922
v -0.00341177 0.04641956 -0.43329409 0.38039216 0.35686275 0.41568627
v -0.00341177 0.04748720 -0.42647058 0.39215686 0.37254902 0.42352941
v -0.00341177 0.04715717 -0.41964704 0.38431373 0.36470588 0.41960784
v -0.00341177 0.04822081 -0.41282350 0.40784314 0.38431373 0.45882353
v -0.00341177 0.04847485 -0.40599999 0.37254902 0.36470588 0.46666667
v -0.00341177 0.04980910 -0.39917645 0.36862745 0.37647059 0.49019608
v -0.00341177 0.05009872 -0.39235291 0.36078431 0.38039216 0.50980392
v -0.00341177 0.04722071 -0.38552940 0.34117647 0.38039216 0.53333333
v -0.00341177 0.04840887 -0.37870586 0.34509804 0.38823529 0.51764706
v -0.00341177 0.04743999 -0.37188232 0.31372549 0.35686275 0.45490196
v -0.00163138 -0.10576469 -0.40599999 0.34901961 0.35686275 0.46666667
v 0.00315386 -0.10576469 -0.39917645 0.30980392 0.31372549 0.41176471
v 0.00145209 -0.10576469 -0.38552940 0.32549020 0.33725490 0.44313725
v -0.00113904 -0.10576469 -0.37870586 0.34509804 0.38039216 0.49411765
v -0.00237727 -0.10576469 -0.37188232 0.35294118 0.41176471 0.52549020
v -0.00208920 -0.10576469 -0.36505878 0.35294118 0.41960784 0.53725490
v -0.00155818 -0.10576469 -0.35823530 0.35294118 0.40392157 0.52156863
v -0.00036716 -0.10576469 -0.35141176 0.35294118 0.38431373 0.50196078
v 0.00147426 -0.10576469 -0.34458822 0.33725490 0.36078431 0.47843137
v 0.00270462 -0.10576469 -0.33776468 0.32156863 0.35686275 0.47058824
v 0.00158161 -0.10576469 -0.33094114 0.34117647 0.37254902 0.49411765
v 0.00105488 -0.10576469 -0.32411760 0.34117647 0.38823529 0.51764706
v 0.00096005 -0.10576469 -0.31729412 0.34117647 0.40392157 0.53333333
v 0.00141174 -0.10576469 -0.31047058 0.33725490 0.40784314 0.53725490
v 0.00272161 -0.10576469 -0.30364704 0.33725490 0.38823529 0.52156863
v -0.00291681 -0.09894115 -0.39235291 0.25098039 0.27843137 0.43137255
v -0.00331920 -0.09894115 -0.35141176 0.30980392 0.38039216 0.52941176
v -0.00289339 -0.09894115 -0.34458822 0.34509804 0.40784314 0.56078431
v -0.00166816 -0.09894115 -0.33094114 0.30588235 0.37254902 0.52156863
v -0.00178677 -0.09894115 -0.32411760 0.30588235 0.39215686 0.54117647
v -0.00068361 -0.09894115 -0.31729412 0.28627451 0.40392157 0.56470588
v -0.00010723 -0.09894115 -0.31047058 0.29019608 0.41568627 0.58039216
v -0.00024807 -0.09894115 -0.30364704 0.30196078 0.39607843 0.54901961
v 0.00056493 -0.09894115 -0.29682350 0.30980392 0.37254902 0.52941176
v 0.00117308 -0.09894115 -0.28999996 0.34117647 0.40000000 0.56470588
v -0.00019234 -0.09894115 -0.28317648 0.47058824 0.53725490 0.65490196
v 0.00340515 -0.09894115 -0.27635294 0.30980392 0.36078431 0.51764706
v 0.00320244 -0.09894115 -0.26952940 0.30980392 0.38039216 0.53725490
v 0.00225282 -0.09211767 -0.45376471 0.18431373 0.24705882 0.39607843
v -0.00240016 -0.09211767 -0.33094114 0.29411765 0.35686275 0.52941176
v -0.00249541 -0.09211767 -0.32411760 0.28627451 0.38039216 0.54509804
v -0.00147486 -0.09211767 -0.31729412 0.27058824 0.39607843 0.57254902
v -0.00139332 -0.09211767 -0.31047058 0.27843137 0.41568627 0.59215686
v -0.00106686 -0.09211767 -0.30364704 0.28627451 0.38039216 0.55686275
v -0.00042570 -0.09211767 -0.29682350 0.30196078 0.36470588 0.53725490
v 0.00012249 -0.09211767 -0.28999996 0.33725490 0.38431373 0.56862745
v -0.00082839 -0.09211767 -0.28317648 0.43921569 0.50588235 0.65098039
v 0.00175333 -0.09211767 -0.27635294 0.30588235 0.35294118 0.52549020
v 0.00138038 -0.09211767 -0.26952940 0.30196078 0.37647059 0.54509804
v -0.00303072 -0.08529413 -0.35141176 0.31764706 0.33333333 0.51372549
v -0.00244844 -0.08529413 -0.34458822 0.32156863 0.33725490 0.51372549
v -0.00255919 -0.08529413 -0.33776468 0.32941176 0.34509804 0.51764706
v -0.00085992 -0.08529413 -0.33094114 0.30588235 0.32941176 0.50196078
v -0.00126159 -0.08529413 -0.32411760 0.31372549 0.34901961 0.51372549
v -0.00244445 -0.08529413 -0.31729412 0.31764706 0.38039216 0.52549020
v -0.00277430 -0.08529413 -0.31047058 0.32941176 0.39607843 0.53333333
v -0.00004059 -0.08529413 -0.30364704 0.32549020 0.36078431 0.52156863
v 0.00204128 -0.08529413 -0.29682350 0.32549020 0.34509804 0.51764706
v 0.00178200 -0.08529413 -0.28999996 0.32549020 0.34117647 0.51764706
v 0.00096637 -0.08529413 -0.28317648 0.34117647 0.34901961 0.52941176
v 0.00220597 -0.08529413 -0.26270586 0.34117647 0.37647059 0.52156863
v 0.00097936 -0.08529413 -0.25588232 0.34509804 0.39607843 0.52941176
v -0.00253195 -0.07847059 -0.35141176 0.45882353 0.48627451 0.62352941
v -0.00203371 -0.07847059 -0.34458822 0.32941176 0.34901961 0.52549020
v -0.00256240 -0.07847059 -0.33776468 0.31372549 0.32941176 0.50980392
v -0.00009817 -0.07847059 -0.33094114 0.35686275 0.39215686 0.54509804
v -0.00032949 -0.07847059 -0.32411760 0.45882353 0.49411765 0.61568627
v -0.00176710 -0.07847059 -0.31729412 0.33725490 0.36862745 0.48235294
v -0.00244993 -0.07847059 -0.31047058 0.33725490 0.37254902 0.47843137
v 0.00148171 -0.07847059 -0.30364704 0.43529412 0.46274510 0.58431373
v 0.00177926 -0.07847059 -0.28999996 0.32156863 0.34117647 0.52156863
v 0.00131071 -0.07847059 -0.28317648 0.32941176 0.34509804 0.53333333
v 0.00234628 -0.07847059 -0.25588232 0.35686275 0.38823529 0.49411765
v -0.00255662 -0.07164705 -0.34458822 0.39607843 0.41960784 0.59215686
v -0.00280613 -0.07164705 -0.33776468 0.33333333 0.34901961 0.54117647
v -0.00159770 -0.07164705 -0.33094114 0.40784314 0.44705882 0.58431373
v -0.00215185 -0.07164705 -0.32411760 0.58431373 0.61568627 0.67450980
v -0.00205493 -0.07164705 -0.31729412 0.40000000 0.44705882 0.50980392
v -0.00195557 -0.07164705 -0.31047058 0.35294118 0.39607843 0.45490196
v -0.00108296 -0.07164705 -0.30364704 0.54901961 0.58039216 0.64313725
v 0.00127554 -0.07164705 -0.29682350 0.55686275 0.58823529 0.68235294
v 0.00154853 -0.07164705 -0.28999996 0.36470588 0.39607843 0.57254902
v 0.00197953 -0.07164705 -0.28317648 0.35294118 0.38431373 0.57647059
v 0.00171560 -0.07164705 -0.26952940 0.59607843 0.62745098 0.68235294
v 0.00164455 -0.07164705 -0.26270586 0.42745098 0.47843137 0.54117647
v 0.00137842 -0.07164705 -0.25588232 0.37254902 0.41960784 0.47843137
v -0.00254679 -0.06482351 -0.34458822 0.43137255 0.45490196 0.61960784
v -0.00267994 -0.06482351 -0.33776468 0.35686275 0.37647059 0.56470588
v -0.00148249 -0.06482351 -0.33094114 0.44705882 0.48235294 0.60784314
v -0.00226319 -0.06482351 -0.32411760 0.59607843 0.62352941 0.67843137
v -0.00201857 -0.06482351 -0.31729412 0.41176471 0.45882353 0.51764706
v -0.00202221 -0.06482351 -0.31047058 0.37254902 0.41568627 0.46666667
v -0.00114983 -0.06482351 -0.30364704 0.56078431 0.59215686 0.65098039
v 0.00118303 -0.06482351 -0.29682350 0.58431373 0.61176471 0.69411765
v 0.00259703 -0.06482351 -0.28999996 0.38431373 0.42352941 0.59215686
v 0.00283426 -0.06482351 -0.28317648 0.36470588 0.40784314 0.59215686
v 0.00148660 -0.06482351 -0.26952940 0.60784314 0.63529412 0.69019608
v 0.00122184 -0.06482351 -0.26270586 0.42745098 0.47843137 0.53725490
v 0.00091845 -0.06482351 -0.25588232 0.38039216 0.43137255 0.48235294
v 0.00307167 -0.06482351 -0.20129412 0.42352941 0.46274510 0.51372549
v -0.00104773 -0.05799997 -0.46058825 0.18431373 0.18431373 0.21176471
v -0.00328958 -0.05799997 -0.35141176 0.48235294 0.49411765 0.61960784
v -0.00277138 -0.05799997 -0.34458822 0.39607843 0.41176471 0.56862745
v -0.00266337 -0.05799997 -0.33776468 0.37254902 0.38431373 0.55294118
v -0.00123924 -0.05799997 -0.33094114 0.40000000 0.41960784 0.56078431
v -0.00120419 -0.05799997 -0.32411760 0.46274510 0.48627451 0.59215686
v -0.00279921 -0.05799997 -0.31729412 0.37254902 0.40784314 0.50588235
v 0.00045055 -0.05799997 -0.30364704 0.44313725 0.46274510 0.57254902
v 0.00207484 -0.05799997 -0.29682350 0.48235294 0.50588235 0.62352941
v 0.00236982 -0.05799997 -0.28999996 0.39607843 0.42745098 0.58039216
v 0.00222480 -0.05799997 -0.28317648 0.38431373 0.41176471 0.58039216
v 0.00120234 -0.05799997 -0.26270586 0.37647059 0.41176471 0.51372549
v -0.00026971 -0.05799997 -0.25588232 0.36862745 0.40784314 0.49803922
v 0.00295496 -0.05799997 -0.20811766 0.40784314 0.43529412 0.53333333
v 0.00206959 -0.05799997 -0.20129412 0.40392157 0.43529412 0.52549020
v 0.00341183 -0.05117649 -0.46931696 0.22745098 0.21960784 0.23921569
v -0.00319064 -0.05117649 -0.30364704 0.38823529 0.40784314 0.53333333
v -0.00173980 -0.05117649 -0.29682350 0.38431373 0.38431373 0.52941176
v -0.00095600 -0.05117649 -0.28999996 0.39607843 0.38823529 0.54901961
v -0.00040627 -0.05117649 -0.28317648 0.40784314 0.41176471 0.56862745
v -0.00053239 -0.05117649 -0.27635294 0.38039216 0.38431373 0.53333333
v -0.00064087 -0.05117649 -0.26952940 0.38431373 0.39215686 0.52549020
v -0.00143248 -0.05117649 -0.26270586 0.36862745 0.41568627 0.53333333
v -0.00162107 -0.05117649 -0.25588232 0.36078431 0.42745098 0.54117647
v 0.00017291 -0.05117649 -0.24905878 0.38823529 0.39607843 0.51764706
v 0.00072628 -0.05117649 -0.24223530 0.37647059 0.37647059 0.51372549
v 0.00132120 -0.05117649 -0.23541176 0.38823529 0.39215686 0.53725490
v 0.00167775 -0.05117649 -0.22858822 0.40392157 0.41568627 0.55294118
v 0.00170004 -0.05117649 -0.22176468 0.37647059 0.38039216 0.51764706
v 0.00179404 -0.05117649 -0.21494114 0.38823529 0.39215686 0.51764706
v 0.00014913 -0.05117649 -0.20811766 0.38823529 0.42745098 0.54117647
v 0.00000745 -0.05117649 -0.20129412 0.38431373 0.43529412 0.55294118
v 0.00286400 -0.05117649 -0.19447058 0.39607843 0.40000000 0.52549020
v 0.00327152 -0.05117649 -0.14670587 0.41176471 0.44313725 0.55294118
v -0.00328785 -0.04435295 -0.31047058 0.36862745 0.50980392 0.64705882
v -0.00331819 -0.04435295 -0.30364704 0.34509804 0.41176471 0.56078431
v -0.00277078 -0.04435295 -0.29682350 0.36862745 0.38039216 0.53725490
v -0.00282949 -0.04435295 -0.28999996 0.45882353 0.47450980 0.59607843
v -0.00173634 -0.04435295 -0.27635294 0.38431373 0.37647059 0.52941176
v -0.00206208 -0.04435295 -0.26952940 0.34901961 0.39215686 0.54117647
v -0.00061810 -0.04435295 -0.26270586 0.32941176 0.43529412 0.58823529
v -0.00085181 -0.04435295 -0.25588232 0.34509804 0.47450980 0.61960784
v -0.00141376 -0.04435295 -0.24905878 0.34117647 0.39607843 0.54117647
v -0.00074357 -0.04435295 -0.24223530 0.37254902 0.36862745 0.51764706
v -0.00127101 -0.04435295 -0.23541176 0.45882353 0.47450980 0.58823529
v -0.00203532 -0.04435295 -0.22858822 0.53333333 0.56470588 0.64705882
v 0.00024974 -0.04435295 -0.22176468 0.38039216 0.36862745 0.51764706
v -0.00047952 -0.04435295 -0.21494114 0.36078431 0.39607843 0.53725490
v 0.00137365 -0.04435295 -0.20811766 0.34509804 0.44313725 0.59607843
v 0.00087118 -0.04435295 -0.20129412 0.36470588 0.48235294 0.62352941
v 0.00023514 -0.04435295 -0.19447058 0.35686275 0.40784314 0.54901961
v 0.00149167 -0.04435295 -0.18764704 0.38039216 0.37647059 0.51764706
v 0.00102043 -0.04435295 -0.18082350 0.45098039 0.46274510 0.58039216
v 0.00086164 -0.04435295 -0.17399997 0.47843137 0.50196078 0.60000000
v 0.00301546 -0.04435295 -0.16717649 0.38431373 0.37647059 0.50980392
v 0.00226790 -0.04435295 -0.16035295 0.36862745 0.39607843 0.52941176
v -0.00335914 -0.03752941 -0.31047058 0.37254902 0.51764706 0.65098039
v -0.00336605 -0.03752941 -0.30364704 0.34901961 0.41568627 0.56470588
v -0.00295997 -0.03752941 -0.29682350 0.36862745 0.38431373 0.53725490
v -0.00318944 -0.03752941 -0.28999996 0.46274510 0.47843137 0.60000000
v -0.00210708 -0.03752941 -0.27635294 0.38039216 0.38039216 0.53333333
v -0.00230050 -0.03752941 -0.26952940 0.34901961 0.39607843 0.54117647
v -0.00082630 -0.03752941 -0.26270586 0.33333333 0.44313725 0.59215686
v -0.00112194 -0.03752941 -0.25588232 0.34901961 0.47843137 0.62352941
v -0.00156856 -0.03752941 -0.24905878 0.34117647 0.40000000 0.54509804
v -0.00114679 -0.03752941 -0.24223530 0.36862745 0.37254902 0.51764706
v -0.00165159 -0.03752941 -0.23541176 0.45882353 0.47450980 0.58823529
v -0.00241983 -0.03752941 -0.22858822 0.53333333 0.56470588 0.64705882
v -0.00025725 -0.03752941 -0.22176468 0.38039216 0.37254902 0.51764706
v -0.00082392 -0.03752941 -0.21494114 0.36078431 0.40000000 0.54509804
v 0.00094503 -0.03752941 -0.20811766 0.34901961 0.45098039 0.60000000
v 0.00041246 -0.03752941 -0.20129412 0.36470588 0.48627451 0.62745098
v 0.00001931 -0.03752941 -0.19447058 0.35686275 0.41176471 0.55294118
v 0.00089067 -0.03752941 -0.18764704 0.38039216 0.38039216 0.52549020
v 0.00032210 -0.03752941 -0.18082350 0.45490196 0.46666667 0.58039216
v 0.00006855 -0.03752941 -0.17399997 0.48627451 0.50588235 0.60392157
v 0.00230896 -0.03752941 -0.16717649 0.38823529 0.38039216 0.51372549
v 0.00186497 -0.03752941 -0.16035295 0.36862745 0.40000000 0.53333333
v -0.00303537 -0.03070587 -0.29682350 0.40392157 0.40392157 0.53725490
v -0.00246423 -0.03070587 -0.28999996 0.40784314 0.39607843 0.54509804
v -0.00220120 -0.03070587 -0.28317648 0.42352941 0.41960784 0.56470588
v -0.00207853 -0.03070587 -0.27635294 0.39607843 0.39607843 0.53725490
v -0.00199729 -0.03070587 -0.26952940 0.39215686 0.40784314 0.52941176
v -0.00232732 -0.03070587 -0.26270586 0.37647059 0.43137255 0.54509804
v -0.00251395 -0.03070587 -0.25588232 0.37254902 0.44313725 0.54901961
v -0.00116557 -0.03070587 -0.24905878 0.39607843 0.41568627 0.52941176
v -0.00085574 -0.03070587 -0.24223530 0.38823529 0.39215686 0.52156863
v -0.00050831 -0.03070587 -0.23541176 0.40000000 0.39607843 0.53333333
v -0.00019252 -0.03070587 -0.22858822 0.41568627 0.41176471 0.55294118
v -0.00016725 -0.03070587 -0.22176468 0.39607843 0.39607843 0.52941176
v -0.00006032 -0.03070587 -0.21494114 0.40784314 0.41568627 0.53725490
v -0.00125283 -0.03070587 -0.20811766 0.39215686 0.44705882 0.55686275
v -0.00137448 -0.03070587 -0.20129412 0.38823529 0.45882353 0.56470588
v 0.00088000 -0.03070587 -0.19447058 0.41568627 0.43137255 0.54117647
v 0.00128073 -0.03070587 -0.18764704 0.40784314 0.40784314 0.53333333
v 0.00236672 -0.03070587 -0.18082350 0.40392157 0.40392157 0.53725490
v 0.00297636 -0.03070587 -0.17399997 0.40392157 0.40784314 0.54117647
v 0.00312352 -0.03070587 -0.16717649 0.40784314 0.40392157 0.52549020
v 0.00204456 -0.03070587 -0.15352941 0.41568627 0.45098039 0.54901961
v 0.00167662 -0.03070587 -0.14670587 0.41960784 0.46274510 0.56078431
v 0.00266147 -0.02388233 -0.48788235 0.28235294 0.27058824 0.28235294
v -0.00274581 -0.02388233 -0.33094114 0.41960784 0.43137255 0.55686275
v -0.00312424 -0.02388233 -0.32411760 0.49411765 0.52156863 0.60784314
v -0.00223678 -0.02388233 -0.30364704 0.47450980 0.50196078 0.58823529
v -0.00034547 -0.02388233 -0.29682350 0.49019608 0.49803922 0.60784314
v -0.00054455 -0.02388233 -0.28999996 0.41960784 0.42745098 0.57254902
v -0.00114661 -0.02388233 -0.28317648 0.41960784 0.42352941 0.57647059
v 0.00119466 -0.02388233 -0.27635294 0.41176471 0.42745098 0.55686275
v 0.00083709 -0.02388233 -0.26952940 0.48235294 0.50588235 0.59607843
v -0.00200874 -0.02388233 -0.26270586 0.41176471 0.45490196 0.53333333
v -0.00287133 -0.02388233 -0.25588232 0.40784314 0.45490196 0.52549020
v 0.00102055 -0.02388233 -0.24905878 0.45098039 0.47843137 0.56862745
v 0.00253719 -0.02388233 -0.24223530 0.43137255 0.45098039 0.56470588
v 0.00148493 -0.02388233 -0.23541176 0.40000000 0.41176471 0.55686275
v 0.00131422 -0.02388233 -0.22858822 0.40392157 0.41568627 0.56470588
v 0.00219733 -0.02388233 -0.21494114 0.47843137 0.50196078 0.59607843
v -0.00130320 -0.02388233 -0.20811766 0.42745098 0.46666667 0.54117647
v -0.00179529 -0.02388233 -0.20129412 0.42352941 0.47058824 0.54117647
v 0.00179321 -0.02388233 -0.19447058 0.47058824 0.49803922 0.58431373
v 0.00132233 -0.02388233 -0.15352941 0.46666667 0.49411765 0.56078431
v 0.00030023 -0.02388233 -0.14670587 0.45490196 0.48627451 0.54901961
v -0.00299770 -0.01705885 -0.34458822 0.41568627 0.42352941 0.57254902
v -0.00242162 -0.01705885 -0.33094114 0.55294118 0.57254902 0.66274510
v -0.00108188 -0.01705885 -0.29682350 0.61568627 0.62352941 0.69019608
v 0.00098360 -0.01705885 -0.28999996 0.43137255 0.44705882 0.60000000
v -0.00124204 -0.01705885 -0.28317648 0.45882353 0.46274510 0.61960784
v 0.00328434 -0.01705885 -0.27635294 0.48627451 0.52941176 0.63137255
v -0.00149620 -0.01705885 -0.26952940 0.58823529 0.61176471 0.66274510
v -0.00265402 -0.01705885 -0.26270586 0.46274510 0.51372549 0.55294118
v -0.00299913 -0.01705885 -0.25588232 0.42745098 0.47843137 0.51372549
v -0.00127536 -0.01705885 -0.24905878 0.54509804 0.57647059 0.62745098
v 0.00233132 -0.01705885 -0.22858822 0.40392157 0.42745098 0.58431373
v -0.00068408 -0.01705885 -0.21494114 0.55686275 0.58039216 0.63921569
v -0.00198555 -0.01705885 -0.20811766 0.45490196 0.50196078 0.54509804
v -0.00221765 -0.01705885 -0.20129412 0.43921569 0.48627451 0.52549020
v -0.00076401 -0.01705885 -0.19447058 0.53725490 0.56862745 0.61960784
v 0.00240630 -0.01705885 -0.16035295 0.59215686 0.61176471 0.65490196
v -0.00056922 -0.01705885 -0.15352941 0.48235294 0.52156863 0.55686275
v -0.00075173 -0.01705885 -0.14670587 0.46666667 0.50588235 0.53333333
v 0.00184548 -0.01705885 -0.13988233 0.55686275 0.57647059 0.61568627
v 0.00310308 -0.01705885 -0.01705885 0.60392157 0.57647059 0.55294118
v 0.00341046 -0.01705885 -0.01023531 0.60392157 0.58431373 0.56470588
v -0.00291526 -0.01023531 -0.34458822 0.41960784 0.42352941 0.56862745
v -0.00246334 -0.01023531 -0.33094114 0.56470588 0.58039216 0.66274510
v -0.00105011 -0.01023531 -0.29682350 0.62352941 0.62745098 0.69019608
v 0.00042540 -0.01023531 -0.28999996 0.43137255 0.43921569 0.58431373
v -0.00152189 -0.01023531 -0.28317648 0.46666667 0.45882353 0.61568627
v 0.00309694 -0.01023531 -0.27635294 0.48627451 0.52156863 0.61960784
v -0.00151759 -0.01023531 -0.26952940 0.58823529 0.61176471 0.66274510
v -0.00273824 -0.01023531 -0.26270586 0.46274510 0.51372549 0.55686275
v -0.00306368 -0.01023531 -0.25588232 0.42745098 0.48235294 0.51764706
v -0.00134170 -0.01023531 -0.24905878 0.54509804 0.58039216 0.62745098
v 0.00223178 -0.01023531 -0.22858822 0.41568627 0.43137255 0.58431373
v -0.00088215 -0.01023531 -0.21494114 0.56078431 0.58823529 0.63921569
v -0.00212371 -0.01023531 -0.20811766 0.45882353 0.50588235 0.54509804
v -0.00231498 -0.01023531 -0.20129412 0.43921569 0.49019608 0.52549020
v -0.00079840 -0.01023531 -0.19447058 0.54117647 0.57254902 0.61960784
v 0.00231940 -0.01023531 -0.16035295 0.59215686 0.61176471 0.65490196
v -0.00050420 -0.01023531 -0.15352941 0.48627451 0.52549020 0.55686275
v -0.00059813 -0.01023531 -0.14670587 0.47058824 0.50588235 0.53333333
v 0.00201243 -0.01023531 -0.13988233 0.56078431 0.58431373 0.61960784
v -0.00288403 -0.00341177 -0.34458822 0.40392157 0.40000000 0.53725490
v -0.00336194 -0.00341177 -0.33776468 0.38431373 0.38039216 0.52549020
v -0.00208628 -0.00341177 -0.33094114 0.43921569 0.44313725 0.56078431
v -0.00305456 -0.00341177 -0.32411760 0.51764706 0.54901961 0.62352941
v -0.00216109 -0.00341177 -0.30364704 0.48627451 0.51764706 0.59607843
v 0.00021356 -0.00341177 -0.29682350 0.47843137 0.48627451 0.58823529
v 0.00009865 -0.00341177 -0.28999996 0.40392157 0.40000000 0.52941176
v -0.00115204 -0.00341177 -0.28317648 0.41568627 0.40392157 0.54509804
v 0.00305837 -0.00341177 -0.27635294 0.41960784 0.43137255 0.54901961
v 0.00088167 -0.00341177 -0.26952940 0.51372549 0.54117647 0.61960784
v -0.00174201 -0.00341177 -0.26270586 0.42352941 0.47058824 0.54509804
v -0.00273383 -0.00341177 -0.25588232 0.41568627 0.46666667 0.53333333
v 0.00123894 -0.00341177 -0.24905878 0.47843137 0.50980392 0.59215686
v 0.00240529 -0.00341177 -0.22858822 0.40392157 0.40784314 0.54509804
v 0.00254458 -0.00341177 -0.21494114 0.51764706 0.54509804 0.62352941
v -0.00105989 -0.00341177 -0.20811766 0.43529412 0.48235294 0.54901961
v -0.00169295 -0.00341177 -0.20129412 0.43137255 0.47843137 0.54509804
v 0.00248069 -0.00341177 -0.19447058 0.49803922 0.52549020 0.60392157
v 0.00224984 -0.00341177 -0.15352941 0.47058824 0.50196078 0.56470588
v 0.00106502 -0.00341177 -0.14670587 0.45882353 0.49411765 0.54509804
v -0.00196826 0.00341183 -0.29682350 0.39607843 0.40392157 0.52549020
v -0.00219733 0.00341183 -0.28999996 0.40784314 0.39607843 0.52156863
v -0.00206447 0.00341183 -0.28317648 0.41176471 0.40000000 0.52549020
v -0.00069141 0.00341183 -0.27635294 0.39607843 0.40000000 0.52156863
v -0.00045145 0.00341183 -0.26952940 0.39607843 0.42352941 0.53725490
v -0.00221366 0.00341183 -0.26270586 0.38431373 0.44705882 0.55294118
v -0.00265324 0.00341183 -0.25588232 0.38039216 0.45882353 0.56078431
v -0.00009543 0.00341183 -0.24905878 0.40000000 0.43529412 0.54509804
v 0.00052249 0.00341183 -0.24223530 0.40784314 0.41568627 0.53333333
v 0.00019413 0.00341183 -0.23541176 0.41568627 0.41568627 0.53333333
v 0.00047761 0.00341183 -0.22858822 0.41960784 0.41568627 0.53725490
v 0.00195640 0.00341183 -0.22176468 0.41176471 0.41960784 0.53725490
v 0.00205410 0.00341183 -0.21494114 0.42352941 0.43921569 0.54901961
v -0.00058657 0.00341183 -0.20811766 0.40000000 0.46274510 0.56470588
v -0.00086045 0.00341183 -0.20129412 0.40000000 0.47058824 0.56862745
v 0.00264788 0.00341183 -0.19447058 0.42745098 0.44313725 0.55294118
v 0.00305617 0.00341183 -0.18764704 0.41568627 0.42352941 0.53725490
v 0.00302416 0.00341183 -0.18082350 0.41176471 0.41176471 0.53333333
v 0.00321257 0.00341183 -0.17399997 0.41568627 0.41176471 0.52941176
v 0.00241297 0.01023537 -0.48788235 0.28235294 0.27843137 0.31372549
v -0.00334299 0.01023537 -0.29682350 0.35294118 0.39215686 0.52549020
v -0.00322509 0.01023537 -0.28999996 0.42745098 0.44705882 0.56078431
v -0.00207812 0.01023537 -0.27635294 0.36470588 0.39215686 0.52549020
v -0.00236297 0.01023537 -0.26952940 0.34509804 0.41568627 0.54901961
v -0.00077945 0.01023537 -0.26270586 0.32941176 0.45098039 0.59215686
v -0.00064659 0.01023537 -0.25588232 0.34117647 0.47450980 0.61568627
v -0.00123405 0.01023537 -0.24905878 0.34509804 0.42745098 0.56470588
v -0.00051910 0.01023537 -0.24223530 0.36078431 0.40392157 0.53333333
v -0.00075400 0.01023537 -0.23541176 0.43921569 0.45490196 0.56078431
v -0.00110495 0.01023537 -0.22858822 0.47450980 0.49803922 0.59215686
v 0.00082535 0.01023537 -0.22176468 0.37254902 0.39607843 0.52549020
v 0.00051916 0.01023537 -0.21494114 0.36078431 0.42352941 0.55294118
v 0.00223053 0.01023537 -0.20811766 0.35686275 0.46666667 0.60784314
v 0.00186223 0.01023537 -0.20129412 0.36862745 0.49019608 0.62352941
v 0.00151503 0.01023537 -0.19447058 0.36078431 0.42352941 0.56078431
v 0.00210732 0.01023537 -0.18764704 0.37647059 0.39607843 0.52549020
v 0.00126094 0.01023537 -0.18082350 0.43921569 0.45490196 0.55686275
v 0.00095332 0.01023537 -0.17399997 0.46274510 0.48627451 0.57647059
v -0.00323445 0.01705885 -0.28999996 0.43529412 0.44313725 0.56470588
v -0.00202918 0.01705885 -0.27635294 0.36470588 0.38823529 0.52549020
v -0.00242466 0.01705885 -0.26952940 0.34509804 0.41176471 0.55686275
v -0.00093347 0.01705885 -0.26270586 0.32549020 0.45098039 0.60000000
v -0.00053948 0.01705885 -0.25588232 0.33725490 0.47843137 0.62352941
v -0.00123638 0.01705885 -0.24905878 0.34117647 0.42352941 0.56862745
v -0.00047725 0.01705885 -0.24223530 0.36078431 0.40000000 0.53725490
v -0.00069457 0.01705885 -0.23541176 0.44313725 0.45490196 0.56862745
v -0.00101978 0.01705885 -0.22858822 0.47450980 0.49803922 0.59607843
v 0.00095189 0.01705885 -0.22176468 0.37254902 0.39215686 0.52549020
v 0.00057477 0.01705885 -0.21494114 0.35686275 0.41960784 0.55686275
v 0.00249696 0.01705885 -0.20811766 0.35686275 0.46666667 0.61568627
v 0.00213307 0.01705885 -0.20129412 0.36862745 0.49019608 0.63137255
v 0.00151098 0.01705885 -0.19447058 0.35686275 0.42352941 0.56078431
v 0.00203359 0.01705885 -0.18764704 0.37647059 0.39607843 0.52941176
v 0.00120699 0.01705885 -0.18082350 0.44313725 0.45882353 0.56078431
v 0.00094151 0.01705885 -0.17399997 0.46666667 0.48627451 0.58431373
v 0.00221765 0.02388239 -0.48105884 0.30980392 0.30980392 0.34509804
v 0.00259674 0.02388239 -0.47423530 0.12549020 0.10980392 0.13725490
v -0.00191504 0.02388239 -0.28999996 0.39607843 0.37254902 0.52549020
v -0.00135726 0.02388239 -0.28317648 0.40392157 0.37647059 0.52941176
v -0.00125575 0.02388239 -0.27635294 0.38823529 0.38039216 0.52941176
v -0.00177783 0.02388239 -0.26952940 0.38823529 0.40784314 0.54901961
v -0.00177139 0.02388239 -0.26270586 0.36862745 0.43529412 0.56862745
v -0.00183678 0.02388239 -0.25588232 0.36078431 0.44705882 0.58039216
v -0.00070912 0.02388239 -0.24905878 0.39215686 0.41960784 0.55686275
v 0.00027537 0.02388239 -0.24223530 0.40000000 0.40000000 0.54509804
v 0.00174206 0.02388239 -0.23541176 0.40000000 0.39215686 0.53725490
v 0.00248337 0.02388239 -0.22858822 0.40784314 0.40000000 0.54117647
v 0.00189596 0.02388239 -0.22176468 0.40392157 0.40392157 0.54117647
v 0.00201815 0.02388239 -0.21494114 0.41176471 0.41960784 0.55294118
v 0.00059521 0.02388239 -0.20811766 0.39215686 0.44705882 0.57254902
v 0.00046164 0.02388239 -0.20129412 0.38431373 0.45490196 0.58039216
v 0.00274539 0.02388239 -0.19447058 0.41568627 0.42352941 0.55294118
v 0.00314784 0.02388239 -0.18764704 0.40784314 0.41176471 0.54117647
v -0.00234038 0.03070593 -0.47423530 0.21176471 0.22352941 0.25882353
v -0.00184107 0.03070593 -0.46741176 0.11764706 0.12941176 0.18431373
v -0.00287390 0.03070593 -0.34458822 0.34117647 0.34509804 0.53725490
v -0.00281364 0.03070593 -0.33776468 0.33725490 0.33725490 0.53725490
v -0.00245458 0.03070593 -0.33094114 0.36862745 0.38823529 0.55686275
v -0.00294882 0.03070593 -0.32411760 0.39607843 0.42352941 0.56862745
v -0.00240177 0.03070593 -0.30364704 0.40392157 0.41568627 0.55294118
v -0.00139976 0.03070593 -0.29682350 0.41176471 0.41568627 0.57254902
v 0.00059694 0.03070593 -0.28999996 0.36470588 0.36862745 0.55294118
v 0.00076127 0.03070593 -0.28317648 0.34901961 0.34901961 0.54509804
v 0.00147170 0.03070593 -0.27635294 0.40392157 0.42745098 0.59607843
v 0.00128901 0.03070593 -0.26952940 0.42745098 0.45882353 0.60392157
v -0.00088990 0.03070593 -0.26270586 0.38431373 0.43137255 0.55686275
v -0.00140518 0.03070593 -0.25588232 0.38823529 0.43921569 0.55686275
v 0.00217462 0.03070593 -0.24905878 0.41960784 0.45490196 0.59215686
v 0.00106770 0.03070593 -0.20811766 0.41960784 0.45490196 0.56078431
v 0.00061387 0.03070593 -0.20129412 0.41568627 0.45490196 0.55686275
v -0.00282043 0.03752947 -0.34458822 0.33725490 0.35686275 0.57647059
v -0.00262737 0.03752947 -0.33776468 0.28235294 0.29411765 0.53333333
v -0.00249207 0.03752947 -0.33094114 0.44705882 0.49019608 0.65490196
v -0.00282991 0.03752947 -0.32411760 0.50196078 0.55294118 0.66666667
v -0.00255311 0.03752947 -0.31729412 0.38823529 0.44313725 0.54117647
v -0.00256646 0.03752947 -0.31047058 0.36862745 0.41568627 0.50196078
v -0.00210202 0.03752947 -0.30364704 0.46666667 0.50588235 0.61960784
v -0.00175595 0.03752947 -0.29682350 0.53333333 0.55686275 0.69019608
v 0.00003278 0.03752947 -0.28999996 0.39607843 0.41176471 0.63137255
v 0.00064468 0.03752947 -0.28317648 0.33725490 0.34901961 0.59607843
v 0.00105029 0.03752947 -0.27635294 0.47843137 0.52549020 0.68235294
v -0.00001353 0.03752947 -0.26952940 0.49411765 0.54901961 0.67450980
v 0.00036889 0.03752947 -0.26270586 0.39215686 0.46274510 0.57647059
v 0.00035012 0.03752947 -0.25588232 0.38039216 0.44705882 0.54901961
v 0.00135094 0.03752947 -0.24905878 0.47450980 0.53725490 0.65098039
v 0.00257474 0.03752947 -0.24223530 0.52549020 0.57647059 0.69803922
v 0.00226426 0.03752947 -0.21494114 0.50980392 0.55686275 0.65882353
v 0.00142503 0.03752947 -0.20811766 0.42745098 0.47843137 0.56078431
v 0.00130397 0.03752947 -0.20129412 0.42352941 0.47450980 0.54509804
v -0.00340301 0.04435301 -0.36505878 0.31372549 0.35294118 0.43137255
v -0.00328773 0.04435301 -0.35823530 0.45490196 0.51372549 0.62352941
v -0.00285631 0.04435301 -0.35141176 0.47058824 0.52156863 0.67058824
v -0.00219780 0.04435301 -0.34458822 0.28235294 0.31372549 0.54117647
v -0.00235552 0.04435301 -0.33776468 0.27843137 0.30196078 0.54509804
v -0.00126183 0.04435301 -0.33094114 0.39215686 0.45490196 0.63921569
v -0.00213629 0.04435301 -0.32411760 0.47058824 0.53725490 0.66666667
v -0.00150561 0.04435301 -0.31729412 0.34509804 0.41176471 0.52156863
v -0.00142556 0.04435301 -0.31047058 0.33725490 0.39607843 0.49019608
v -0.00100392 0.04435301 -0.30364704 0.42745098 0.48627451 0.61568627
v -0.00018811 0.04435301 -0.29682350 0.50980392 0.55686275 0.69803922
v 0.00212270 0.04435301 -0.28999996 0.33725490 0.38039216 0.61176471
v 0.00234890 0.04435301 -0.28317648 0.29803922 0.33333333 0.58823529
v 0.00190252 0.04435301 -0.26952940 0.47843137 0.55294118 0.67843137
v 0.00264001 0.04435301 -0.26270586 0.37647059 0.45882353 0.57254902
v 0.00264001 0.04435301 -0.25588232 0.36470588 0.43921569 0.54509804
v 0.00102258 0.05117655 -0.41282350 0.47058824 0.45098039 0.50196078
v -0.00067729 0.05117655 -0.40599999 0.41960784 0.39607843 0.47058824
v -0.00220770 0.05117655 -0.39917645 0.38039216 0.38039216 0.48235294
v -0.00278318 0.05117655 -0.39235291 0.36470588 0.38431373 0.50196078
v -0.00108832 0.05117655 -0.38552940 0.33725490 0.36470588 0.49019608
v -0.00139958 0.05117655 -0.37870586 0.32156863 0.35294118 0.47058824
v -0.00192410 0.05117655 -0.37188232 0.30196078 0.33333333 0.43921569
v -0.00185305 0.05117655 -0.36505878 0.28627451 0.32549020 0.42745098
v -0.00021839 0.05117655 -0.35823530 0.29803922 0.34117647 0.49019608
v 0.00127721 0.05117655 -0.35141176 0.30196078 0.36078431 0.54117647
v -0.00043440 0.05117655 -0.34458822 0.27450980 0.31764706 0.51764706
v -0.00109339 0.05117655 -0.33776468 0.29803922 0.33725490 0.54509804
v 0.00117868 0.05117655 -0.31729412 0.30980392 0.37254902 0.51764706
v 0.00118303 0.05117655 -0.31047058 0.32156863 0.37647059 0.51372549
v 0.00279325 0.05800003 -0.34458822 0.27843137 0.33725490 0.51372549
v 0.00239825 0.05800003 -0.33776468 0.28627451 0.34901961 0.52941176
f 1 2 3
f 4 1 3
f 5 4 3
f 5 6 7
f 5 7 4
f 4 7 8
f 9 8 10
f 10 8 7
f 11 9 12
f 12 9 10
f 13 11 14
f 14 11 12
f 15 16 13
f 15 13 17
f 17 13 14
f 18 15 17
f 18 17 19
f 19 17 20
f 21 19 22
f 22 19 20
f 23 21 24
f 24 21 22
f 25 23 26
f 26 23 24
f 27 25 28
f 28 25 26
f 29 27 30
f 30 27 28
f 31 29 32
f 32 29 30
f 33 31 34
f 34 31 32
f 35 33 36
f 36 33 34
f 37 35 38
f 38 35 36
f 39 37 40
f 40 37 38
f 41 39 42
f 42 39 40
f 43 41 44
f 44 41 42
f 45 46 43
f 45 43 47
f 47 43 44
f 47 48 49
f 45 47 49
f 48 50 51
f 49 48 51
f 50 52 53
f 51 50 53
f 52 54 55
f 53 52 55
f 54 56 57
f 55 54 57
f 57 56 58
f 59 60 61
f 62 59 61
f 63 62 61
f 64 63 65
f 3 63 64
f 3 62 63
f 3 2 62
f 3 66 5
f 64 66 3
f 5 66 6
f 16 15 67
f 18 67 15
f 46 45 68
f 49 68 45
f 69 68 49
f 51 69 49
f 70 69 51
f 53 70 51
f 71 70 53
f 55 71 53
f 72 71 55
f 72 73 74
f 72 55 73
f 55 57 73
f 58 75 76
f 58 76 57
f 57 76 73
f 75 77 78
f 76 75 78
f 77 79 80
f 78 77 80
f 79 81 82
f 80 79 82
f 81 83 84
f 82 81 84
f 83 85 86
f 84 83 86
f 85 87 88
f 86 85 88
f 87 89 90
f 88 87 90
f 89 91 92
f 90 89 92
f 91 93 94
f 92 91 94
f 93 95 96
f 94 93 96
f 96 95 97
f 60 98 99
f 61 60 99
f 100 99 101
f 100 63 99
f 63 61 99
f 63 100 65
f 74 102 103
f 73 102 74
f 76 104 73
f 73 104 102
f 78 105 76
f 76 105 104
f 80 106 78
f 78 106 105
f 82 107 80
f 80 107 106
f 84 108 82
f 82 108 107
f 86 109 84
f 84 109 108
f 88 110 86
f 86 110 109
f 90 111 88
f 88 111 110
f 92 112 90
f 90 112 111
f 94 113 92
f 92 113 112
f 96 114 94
f 94 114 113
f 97 115 116
f 97 116 96
f 96 116 114
f 115 117 118
f 116 115 118
f 117 119 120
f 118 117 120
f 119 121 122
f 120 119 122
f 121 123 124
f 122 121 124
f 123 125 126
f 124 123 126
f 125 127 128
f 126 125 128
f 127 129 130
f 128 127 130
f 129 131 132
f 130 129 132
f 132 131 133
f 134 135 136
f 98 134 136
f 98 136 99
f 99 136 137
f 137 101 99
f 138 101 137
f 139 140 141
f 142 140 139
f 143 140 142
f 103 102 144
f 142 145 143
f 104 144 102
f 146 144 104
f 146 147 148
f 146 104 147
f 104 105 147
f 106 149 105
f 105 149 147
f 107 150 106
f 106 150 149
f 108 151 107
f 107 151 150
f 109 152 108
f 108 152 151
f 110 153 109
f 109 153 152
f 111 154 110
f 110 154 153
f 112 155 111
f 111 155 154
f 113 156 112
f 112 156 155
f 114 157 113
f 113 157 156
f 116 158 114
f 114 158 157
f 118 159 116
f 116 159 158
f 160 161 159
f 160 159 120
f 120 159 118
f 120 122 162
f 160 120 162
f 163 162 122
f 163 122 164
f 164 122 124
f 126 165 124
f 124 165 164
f 166 167 165
f 166 165 128
f 128 165 126
f 128 130 168
f 166 128 168
f 130 132 169
f 168 130 169
f 132 133 169
f 135 170 171
f 136 135 171
f 172 171 173
f 172 137 171
f 137 136 171
f 137 172 138
f 174 175 176
f 177 175 174
f 141 178 179
f 140 178 141
f 143 180 140
f 140 180 178
f 181 143 145
f 181 182 143
f 182 180 143
f 183 182 181
f 148 184 185
f 147 184 148
f 149 186 147
f 147 186 184
f 150 187 149
f 149 187 186
f 151 188 150
f 150 188 187
f 152 189 151
f 151 189 188
f 153 190 152
f 152 190 189
f 154 191 153
f 153 191 190
f 155 192 154
f 154 192 191
f 156 193 155
f 155 193 192
f 157 194 156
f 156 194 193
f 158 195 157
f 157 195 194
f 159 196 158
f 158 196 195
f 161 197 198
f 161 198 159
f 159 198 196
f 197 199 200
f 198 197 200
f 199 163 164
f 199 164 200
f 200 164 201
f 165 202 164
f 164 202 201
f 167 203 204
f 167 204 165
f 165 204 202
f 203 205 206
f 204 203 206
f 205 207 208
f 206 205 208
f 207 209 210
f 208 207 210
f 209 211 212
f 210 209 212
f 211 213 214
f 212 211 214
f 213 215 216
f 214 213 216
f 215 217 218
f 216 215 218
f 217 219 220
f 218 217 220
f 219 221 222
f 220 219 222
f 221 223 224
f 222 221 224
f 223 225 226
f 224 223 226
f 226 225 227
f 228 229 230
f 228 231 232
f 229 228 232
f 232 231 233
f 170 234 171
f 234 173 171
f 234 235 173
f 235 236 173
f 176 175 237
f 177 237 175
f 179 238 239
f 178 238 179
f 240 180 241
f 240 238 180
f 238 178 180
f 182 241 180
f 242 241 182
f 183 242 182
f 185 243 244
f 184 243 185
f 186 245 184
f 184 245 243
f 187 246 186
f 186 246 245
f 188 247 187
f 187 247 246
f 189 248 188
f 188 248 247
f 190 249 189
f 189 249 248
f 191 250 190
f 190 250 249
f 192 251 191
f 191 251 250
f 193 252 192
f 192 252 251
f 194 253 193
f 193 253 252
f 195 254 194
f 194 254 253
f 196 255 195
f 195 255 254
f 198 256 196
f 196 256 255
f 200 257 198
f 198 257 256
f 201 258 200
f 200 258 257
f 202 259 201
f 201 259 258
f 204 260 202
f 202 260 259
f 206 261 204
f 204 261 260
f 208 262 206
f 206 262 261
f 210 263 208
f 208 263 262
f 212 264 210
f 210 264 263
f 214 265 212
f 212 265 264
f 216 266 214
f 214 266 265
f 218 267 216
f 216 267 266
f 220 268 218
f 218 268 267
f 222 269 220
f 220 269 268
f 224 270 222
f 222 270 269
f 226 271 224
f 224 271 270
f 227 272 273
f 227 273 226
f 226 273 271
f 272 274 275
f 273 272 275
f 275 274 276
f 277 278 279
f 277 280 281
f 278 277 281
f 280 282 283
f 281 280 283
f 282 284 285
f 283 282 285
f 284 230 229
f 284 229 285
f 285 229 286
f 232 287 229
f 229 287 286
f 233 288 289
f 233 289 232
f 232 289 287
f 289 288 290
f 235 291 236
f 291 292 236
f 239 293 294
f 238 293 239
f 295 238 240
f 293 238 295
f 244 296 297
f 243 296 244
f 245 298 243
f 243 298 296
f 246 299 245
f 245 299 298
f 247 300 246
f 246 300 299
f 248 301 247
f 247 301 300
f 249 302 248
f 248 302 301
f 250 303 249
f 249 303 302
f 304 251 305
f 304 303 251
f 303 250 251
f 305 306 307
f 305 251 306
f 251 252 306
f 253 308 252
f 252 308 306
f 254 309 253
f 253 309 308
f 255 310 254
f 254 310 309
f 256 311 255
f 255 311 310
f 257 312 256
f 256 312 311
f 258 313 257
f 257 313 312
f 259 314 258
f 258 314 313
f 260 315 259
f 259 315 314
f 261 316 260
f 260 316 315
f 262 317 261
f 261 317 316
f 263 318 262
f 262 318 317
f 264 319 263
f 263 319 318
f 265 320 264
f 264 320 319
f 266 321 265
f 265 321 320
f 267 322 266
f 266 322 321
f 268 323 267
f 267 323 322
f 269 324 268
f 268 324 323
f 270 325 269
f 269 325 324
f 271 326 270
f 270 326 325
f 273 327 271
f 271 327 326
f 275 328 273
f 273 328 327
f 328 275 276
f 329 328 276
f 330 331 332
f 330 279 278
f 330 278 331
f 331 278 333
f 281 334 278
f 278 334 333
f 283 335 281
f 281 335 334
f 285 336 283
f 283 336 335
f 286 337 285
f 285 337 336
f 287 338 286
f 286 338 337
f 289 339 287
f 287 339 338
f 339 289 290
f 340 339 290
f 341 342 343
f 343 291 341
f 343 344 291
f 344 292 291
f 294 345 346
f 293 345 294
f 347 293 295
f 347 348 293
f 348 345 293
f 349 348 347
f 297 350 351
f 296 350 297
f 298 352 296
f 296 352 350
f 299 353 298
f 298 353 352
f 300 354 299
f 299 354 353
f 301 355 300
f 300 355 354
f 302 356 301
f 301 356 355
f 357 303 358
f 357 356 303
f 356 302 303
f 304 358 303
f 307 359 360
f 306 359 307
f 308 361 306
f 306 361 359
f 309 362 308
f 308 362 361
f 310 363 309
f 309 363 362
f 311 364 310
f 310 364 363
f 312 365 311
f 311 365 364
f 313 366 312
f 312 366 365
f 314 367 313
f 313 367 366
f 315 368 314
f 314 368 367
f 316 369 315
f 315 369 368
f 317 370 316
f 316 370 369
f 318 371 317
f 317 371 370
f 319 372 318
f 318 372 371
f 320 373 319
f 319 373 372
f 321 374 320
f 320 374 373
f 322 375 321
f 321 375 374
f 323 376 322
f 322 376 375
f 324 377 323
f 323 377 376
f 325 378 324
f 324 378 377
f 326 379 325
f 325 379 378
f 327 380 326
f 326 380 379
f 381 382 380
f 381 380 328
f 328 380 327
f 328 329 381
f 331 383 332
f 384 383 331
f 384 331 385
f 385 331 333
f 334 386 333
f 333 386 385
f 335 387 334
f 334 387 386
f 336 388 335
f 335 388 387
f 337 389 336
f 336 389 388
f 338 390 337
f 337 390 389
f 391 392 390
f 391 390 339
f 339 390 338
f 339 340 391
f 393 394 395
f 396 393 395
f 397 396 395
f 398 397 399
f 343 397 398
f 343 396 397
f 343 342 396
f 343 398 344
f 346 345 400
f 348 400 345
f 401 400 348
f 349 401 348
f 351 350 402
f 352 402 350
f 403 402 352
f 353 403 352
f 404 403 353
f 354 404 353
f 405 404 354
f 355 405 354
f 406 405 355
f 356 406 355
f 407 406 356
f 357 407 356
f 360 359 408
f 408 409 410
f 408 359 409
f 359 361 409
f 362 411 361
f 361 411 409
f 363 412 362
f 362 412 411
f 364 413 363
f 363 413 412
f 365 414 364
f 364 414 413
f 366 415 365
f 365 415 414
f 416 367 417
f 416 415 367
f 415 366 367
f 417 418 419
f 417 367 418
f 367 368 418
f 369 420 368
f 368 420 418
f 370 421 369
f 369 421 420
f 371 422 370
f 370 422 421
f 372 423 371
f 371 423 422
f 373 424 372
f 372 424 423
f 374 425 373
f 373 425 424
f 375 426 374
f 374 426 425
f 376 427 375
f 375 427 426
f 377 428 376
f 376 428 427
f 378 429 377
f 377 429 428
f 379 430 378
f 378 430 429
f 431 432 430
f 431 430 380
f 380 430 379
f 380 382 431
f 385 433 434
f 384 385 434
f 386 435 385
f 385 435 433
f 387 436 386
f 386 436 435
f 388 437 387
f 387 437 436
f 438 439 437
f 438 437 389
f 389 437 388
f 389 390 440
f 438 389 440
f 390 392 440
f 441 442 443
f 394 441 443
f 394 443 395
f 395 443 444
f 397 395 445
f 395 444 445
f 445 399 397
f 446 399 445
f 410 409 447
f 411 447 409
f 448 447 411
f 412 448 411
f 449 448 412
f 413 449 412
f 450 449 413
f 414 450 413
f 451 450 414
f 451 452 453
f 451 414 452
f 414 415 452
f 454 415 416
f 454 455 415
f 455 452 415
f 419 455 454
f 419 418 455
f 418 456 455
f 420 457 418
f 418 457 456
f 421 458 420
f 420 458 457
f 422 459 421
f 421 459 458
f 423 460 422
f 422 460 459
f 424 461 423
f 423 461 460
f 425 462 424
f 424 462 461
f 426 463 425
f 425 463 462
f 427 464 426
f 426 464 463
f 465 466 464
f 465 464 428
f 428 464 427
f 428 429 467
f 465 428 467
f 429 430 468
f 467 429 468
f 430 432 468
f 433 469 470
f 434 433 470
f 435 471 433
f 433 471 469
f 472 473 471
f 472 471 436
f 436 471 435
f 436 437 474
f 472 436 474
f 475 474 437
f 475 437 476
f 439 477 437
f 477 476 437
f 476 477 478
f 479 480 481
f 442 479 481
f 442 481 443
f 443 481 482
f 444 443 483
f 443 482 483
f 484 483 485
f 484 445 483
f 445 444 483
f 445 484 446
f 453 486 487
f 452 486 453
f 455 488 452
f 452 488 486
f 456 489 455
f 455 489 488
f 457 490 456
f 456 490 489
f 458 491 457
f 457 491 490
f 459 492 458
f 458 492 491
f 460 493 459
f 459 493 492
f 461 494 460
f 460 494 493
f 462 495 461
f 461 495 494
f 463 496 462
f 462 496 495
f 464 497 463
f 463 497 496
f 497 464 466
f 498 497 466
f 469 499 500
f 470 469 500
f 471 501 469
f 469 501 499
f 501 471 473
f 502 501 473
f 476 503 475
f 476 478 503
f 480 504 505
f 481 480 505
f 482 481 506
f 481 505 506
f 483 482 507
f 482 506 507
f 507 485 483
f 508 485 507
f 509 510 511
f 487 486 512
f 509 513 510
f 488 512 486
f 514 512 488
f 514 515 516
f 514 488 515
f 488 489 515
f 490 517 489
f 489 517 515
f 491 518 490
f 490 518 517
f 492 519 491
f 491 519 518
f 493 520 492
f 492 520 519
f 494 521 493
f 493 521 520
f 495 522 494
f 494 522 521
f 496 523 495
f 495 523 522
f 497 524 496
f 496 524 523
f 498 525 526
f 498 526 497
f 497 526 524
f 526 525 527
f 528 529 530
f 528 500 499
f 528 499 529
f 529 499 531
f 501 532 499
f 499 532 531
f 502 533 534
f 502 534 501
f 501 534 532
f 533 535 536
f 534 533 536
f 536 535 537
f 504 538 539
f 505 504 539
f 506 505 540
f 505 539 540
f 541 540 542
f 541 507 540
f 507 506 540
f 507 541 508
f 543 544 545
f 546 544 543
f 547 548 549
f 550 548 547
f 551 548 550
f 552 551 550
f 553 551 552
f 554 553 552
f 555 553 554
f 511 555 554
f 511 510 555
f 510 556 555
f 557 510 513
f 556 510 557
f 516 558 559
f 515 558 516
f 517 560 515
f 515 560 558
f 518 561 517
f 517 561 560
f 519 562 518
f 518 562 561
f 520 563 519
f 519 563 562
f 521 564 520
f 520 564 563
f 522 565 521
f 521 565 564
f 523 566 522
f 522 566 565
f 524 567 523
f 523 567 566
f 526 568 524
f 524 568 567
f 527 569 570
f 527 570 526
f 526 570 568
f 570 569 571
f 572 573 574
f 572 530 529
f 572 529 573
f 573 529 575
f 531 576 529
f 529 576 575
f 532 577 531
f 531 577 576
f 534 578 532
f 532 578 577
f 536 579 534
f 534 579 578
f 537 580 581
f 537 581 536
f 536 581 579
f 580 582 583
f 581 580 583
f 583 582 584
f 585 586 587
f 538 585 587
f 538 587 539
f 539 587 588
f 540 539 589
f 539 588 589
f 589 542 540
f 590 542 589
f 591 592 593
f 594 592 591
f 595 592 594
f 596 595 594
f 545 597 598
f 544 597 545
f 599 544 546
f 597 544 599
f 549 600 601
f 548 600 549
f 551 602 548
f 548 602 600
f 553 603 551
f 551 603 602
f 555 604 553
f 553 604 603
f 605 556 606
f 605 604 556
f 604 555 556
f 557 606 556
f 559 558 607
f 607 608 609
f 607 558 608
f 558 560 608
f 561 610 560
f 560 610 608
f 562 611 561
f 561 611 610
f 563 612 562
f 562 612 611
f 564 613 563
f 563 613 612
f 565 614 564
f 564 614 613
f 566 615 565
f 565 615 614
f 567 616 566
f 566 616 615
f 568 617 567
f 567 617 616
f 570 618 568
f 568 618 617
f 618 570 571
f 619 618 571
f 620 621 622
f 621 620 623
f 573 624 625
f 574 573 625
f 575 626 573
f 573 626 624
f 627 576 628
f 627 626 576
f 626 575 576
f 577 628 576
f 629 628 577
f 629 630 631
f 629 577 630
f 577 578 630
f 579 632 578
f 578 632 630
f 581 633 579
f 579 633 632
f 583 634 581
f 581 634 633
f 634 583 584
f 635 634 584
f 586 636 637
f 587 586 637
f 588 587 638
f 587 637 638
f 589 588 639
f 588 638 639
f 639 590 589
f 640 590 639
f 593 641 642
f 592 641 593
f 595 643 592
f 592 643 641
f 644 595 596
f 643 595 644
f 598 645 646
f 597 645 598
f 647 597 599
f 645 597 647
f 601 648 649
f 600 648 601
f 602 650 600
f 600 650 648
f 603 651 602
f 602 651 650
f 604 652 603
f 603 652 651
f 653 604 605
f 652 604 653
f 609 654 655
f 608 654 609
f 610 656 608
f 608 656 654
f 611 657 610
f 610 657 656
f 612 658 611
f 611 658 657
f 613 659 612
f 612 659 658
f 614 660 613
f 613 660 659
f 615 661 614
f 614 661 660
f 616 662 615
f 615 662 661
f 617 663 616
f 616 663 662
f 618 664 617
f 617 664 663
f 664 618 619
f 665 664 619
f 621 666 622
f 621 623 666
f 624 667 668
f 625 624 668
f 626 669 624
f 624 669 667
f 670 626 627
f 670 671 626
f 671 669 626
f 672 671 670
f 673 671 672
f 631 673 672
f 631 630 673
f 630 674 673
f 632 675 630
f 630 675 674
f 633 676 632
f 632 676 675
f 634 677 633
f 633 677 676
f 677 634 635
f 678 677 635
f 636 679 680
f 637 636 680
f 638 637 681
f 637 680 681
f 639 638 682
f 638 681 682
f 682 640 639
f 683 640 682
f 642 684 685
f 641 684 642
f 643 686 641
f 641 686 684
f 687 643 644
f 686 643 687
f 646 688 689
f 645 688 646
f 690 645 647
f 688 645 690
f 649 691 692
f 648 691 649
f 650 693 648
f 648 693 691
f 651 694 650
f 650 694 693
f 652 695 651
f 651 695 694
f 696 652 653
f 696 697 652
f 697 695 652
f 698 697 696
f 699 700 701
f 655 700 699
f 655 654 700
f 654 702 700
f 656 703 654
f 654 703 702
f 657 704 656
f 656 704 703
f 658 705 657
f 657 705 704
f 659 706 658
f 658 706 705
f 660 707 659
f 659 707 706
f 661 708 660
f 660 708 707
f 662 709 661
f 661 709 708
f 663 710 662
f 662 710 709
f 664 711 663
f 663 711 710
f 665 712 713
f 665 713 664
f 664 713 711
f 713 712 714
f 667 715 716
f 668 667 716
f 669 717 667
f 667 717 715
f 671 718 669
f 669 718 717
f 673 719 671
f 671 719 718
f 674 720 673
f 673 720 719
f 675 721 674
f 674 721 720
f 676 722 675
f 675 722 721
f 677 723 676
f 676 723 722
f 723 677 678
f 724 723 678
f 679 725 726
f 680 679 726
f 681 680 727
f 680 726 727
f 682 681 728
f 681 727 728
f 728 683 682
f 729 683 728
f 685 684 730
f 686 730 684
f 731 730 686
f 687 731 686
f 689 688 732
f 690 732 688
f 692 691 733
f 693 733 691
f 734 733 693
f 694 734 693
f 735 734 694
f 735 736 737
f 735 694 736
f 694 695 736
f 697 738 695
f 695 738 736
f 739 697 698
f 739 740 697
f 740 738 697
f 741 740 739
f 742 740 741
f 701 742 741
f 701 700 742
f 700 743 742
f 702 744 700
f 700 744 743
f 703 745 702
f 702 745 744
f 704 746 703
f 703 746 745
f 705 747 704
f 704 747 746
f 706 748 705
f 705 748 747
f 707 749 706
f 706 749 748
f 708 750 707
f 707 750 749
f 709 751 708
f 708 751 750
f 710 752 709
f 709 752 751
f 711 753 710
f 710 753 752
f 713 754 711
f 711 754 753
f 714 755 756
f 714 756 713
f 713 756 754
f 756 755 757
f 715 758 716
f 759 758 715
f 759 715 760
f 760 715 717
f 718 761 717
f 717 761 760
f 719 762 718
f 718 762 761
f 720 763 719
f 719 763 762
f 721 764 720
f 720 764 763
f 765 766 764
f 765 764 722
f 722 764 721
f 722 723 767
f 765 722 767
f 723 724 767
f 725 768 726
f 768 769 770
f 768 770 726
f 726 770 727
f 728 727 771
f 727 770 771
f 771 729 728
f 772 729 771
f 737 773 774
f 736 773 737
f 738 775 736
f 736 775 773
f 740 776 738
f 738 776 775
f 742 777 740
f 740 777 776
f 743 778 742
f 742 778 777
f 744 779 743
f 743 779 778
f 745 780 744
f 744 780 779
f 746 781 745
f 745 781 780
f 747 782 746
f 746 782 781
f 748 783 747
f 747 783 782
f 749 784 748
f 748 784 783
f 750 785 749
f 749 785 784
f 786 787 785
f 786 785 751
f 751 785 750
f 751 752 788
f 786 751 788
f 752 753 789
f 788 752 789
f 753 754 790
f 789 753 790
f 754 756 791
f 790 754 791
f 756 757 791
f 760 792 759
f 760 761 793
f 792 760 793
f 761 762 794
f 793 761 794
f 762 763 795
f 794 762 795
f 763 764 796
f 795 763 796
f 764 766 796
f 769 797 798
f 770 769 798
f 771 770 799
f 770 798 799
f 799 772 771
f 800 772 799
f 774 801 802
f 773 801 774
f 775 803 773
f 773 803 801
f 776 804 775
f 775 804 803
f 777 805 776
f 776 805 804
f 778 806 777
f 777 806 805
f 779 807 778
f 778 807 806
f 780 808 779
f 779 808 807
f 781 809 780
f 780 809 808
f 782 810 781
f 781 810 809
f 783 811 782
f 782 811 810
f 784 812 783
f 783 812 811
f 785 813 784
f 784 813 812
f 813 785 787
f 814 813 787
f 797 815 798
f 799 798 815
f 816 799 815
f 800 817 818
f 799 817 800
f 799 819 817
f 799 816 819
f 817 820 818
f 821 822 823
f 824 822 821
f 825 822 824
f 802 825 824
f 802 801 825
f 801 826 825
f 803 827 801
f 801 827 826
f 804 828 803
f 803 828 827
f 805 829 804
f 804 829 828
f 806 830 805
f 805 830 829
f 807 831 806
f 806 831 830
f 808 832 807
f 807 832 831
f 809 833 808
f 808 833 832
f 810 834 809
f 809 834 833
f 811 835 810
f 810 835 834
f 812 836 811
f 811 836 835
f 813 837 812
f 812 837 836
f 814 838 839
f 814 839 813
f 813 839 837
f 838 840 841
f 839 838 841
f 840 842 843
f 841 840 843
f 842 844 845
f 843 842 845
f 845 844 846
f 819 847 817
f 820 848 849
f 817 848 820
f 817 850 848
f 817 847 850
f 849 851 852
f 848 851 849
f 851 853 852
f 854 855 856
f 857 855 854
f 858 855 857
f 859 858 857
f 860 858 859
f 861 860 859
f 862 860 861
f 863 862 861
f 864 862 863
f 865 864 863
f 866 867 868
f 869 867 866
f 870 867 869
f 823 870 869
f 823 822 870
f 822 871 870
f 825 872 822
f 822 872 871
f 826 873 825
f 825 873 872
f 827 874 826
f 826 874 873
f 828 875 827
f 827 875 874
f 829 876 828
f 828 876 875
f 830 877 829
f 829 877 876
f 831 878 830
f 830 878 877
f 832 879 831
f 831 879 878
f 833 880 832
f 832 880 879
f 834 881 833
f 833 881 880
f 835 882 834
f 834 882 881
f 836 883 835
f 835 883 882
f 837 884 836
f 836 884 883
f 839 885 837
f 837 885 884
f 841 886 839
f 839 886 885
f 843 887 841
f 841 887 886
f 845 888 843
f 843 888 887
f 846 889 890
f 846 890 845
f 845 890 888
f 890 889 891
f 850 892 848
f 851 848 892
f 893 851 892
f 853 894 895
f 851 894 853
f 851 896 894
f 851 893 896
f 894 897 895
f 856 855 898
f 898 899 900
f 898 855 899
f 855 858 899
f 860 901 858
f 858 901 899
f 862 902 860
f 860 902 901
f 903 864 904
f 903 902 864
f 902 862 864
f 865 904 864
f 868 905 906
f 867 905 868
f 870 907 867
f 867 907 905
f 871 908 870
f 870 908 907
f 872 909 871
f 871 909 908
f 873 910 872
f 872 910 909
f 874 911 873
f 873 911 910
f 875 912 874
f 874 912 911
f 876 913 875
f 875 913 912
f 877 914 876
f 876 914 913
f 878 915 877
f 877 915 914
f 879 916 878
f 878 916 915
f 880 917 879
f 879 917 916
f 881 918 880
f 880 918 917
f 882 919 881
f 881 919 918
f 883 920 882
f 882 920 919
f 884 921 883
f 883 921 920
f 885 922 884
f 884 922 921
f 886 923 885
f 885 923 922
f 887 924 886
f 886 924 923
f 888 925 887
f 887 925 924
f 890 926 888
f 888 926 925
f 926 890 891
f 927 926 891
f 896 928 894
f 897 894 928
f 897 928 929
f 929 928 930
f 931 930 932
f 931 933 930
f 933 929 930
f 931 934 933
f 935 936 937
f 938 936 935
f 939 940 941
f 942 940 939
f 943 940 942
f 900 943 942
f 900 899 943
f 899 944 943
f 901 945 899
f 899 945 944
f 902 946 901
f 901 946 945
f 947 902 903
f 947 948 902
f 948 946 902
f 949 948 947
f 950 948 949
f 951 950 949
f 952 950 951
f 906 952 951
f 906 905 952
f 905 953 952
f 907 954 905
f 905 954 953
f 908 955 907
f 907 955 954
f 909 956 908
f 908 956 955
f 910 957 909
f 909 957 956
f 911 958 910
f 910 958 957
f 912 959 911
f 911 959 958
f 913 960 912
f 912 960 959
f 914 961 913
f 913 961 960
f 915 962 914
f 914 962 961
f 916 963 915
f 915 963 962
f 917 964 916
f 916 964 963
f 918 965 917
f 917 965 964
f 919 966 918
f 918 966 965
f 920 967 919
f 919 967 966
f 921 968 920
f 920 968 967
f 922 969 921
f 921 969 968
f 923 970 922
f 922 970 969
f 924 971 923
f 923 971 970
f 925 972 924
f 924 972 971
f 973 974 972
f 973 972 926
f 926 972 925
f 926 927 973
f 932 975 931
f 934 931 975
f 934 975 976
f 976 975 977
f 978 979 977
f 979 976 977
f 980 978 981
f 979 978 980
f 982 983 984
f 985 983 982
f 986 983 985
f 987 986 985
f 988 989 990
f 991 989 988
f 992 989 991
f 993 992 991
f 994 992 993
f 995 994 993
f 996 994 995
f 937 996 995
f 937 936 996
f 936 997 996
f 998 936 938
f 998 999 936
f 999 997 936
f 1000 999 998
f 1001 999 1000
f 1002 1001 1000
f 1003 1001 1002
f 941 1003 1002
f 941 940 1003
f 940 1004 1003
f 943 1005 940
f 940 1005 1004
f 944 1006 943
f 943 1006 1005
f 945 1007 944
f 944 1007 1006
f 946 1008 945
f 945 1008 1007
f 948 1009 946
f 946 1009 1008
f 950 1010 948
f 948 1010 1009
f 952 1011 950
f 950 1011 1010
f 953 1012 952
f 952 1012 1011
f 1013 1014 1012
f 1013 1012 954
f 954 1012 953
f 1015 1013 954
f 1015 954 1016
f 1016 954 955
f 956 1017 955
f 955 1017 1016
f 1018 1019 1017
f 1018 1017 957
f 957 1017 956
f 957 958 1020
f 1018 957 1020
f 1021 1020 958
f 1021 958 1022
f 1022 958 959
f 960 1023 959
f 959 1023 1022
f 1024 1025 1023
f 1024 1023 961
f 961 1023 960
f 961 962 1026
f 1024 961 1026
f 962 963 1027
f 1026 962 1027
f 963 964 1028
f 1027 963 1028
f 964 965 1029
f 1028 964 1029
f 965 966 1030
f 1029 965 1030
f 966 967 1031
f 1030 966 1031
f 967 968 1032
f 1031 967 1032
f 968 969 1033
f 1032 968 1033
f 969 970 1034
f 1033 969 1034
f 970 971 1035
f 1034 970 1035
f 971 972 1036
f 1035 971 1036
f 972 974 1036
f 1037 1038 980
f 981 1037 980
f 1039 1040 1037
f 1040 1038 1037
f 1041 1042 1039
f 1042 1040 1039
f 1043 1044 1045
f 1043 1042 1044
f 1042 1041 1044
f 1045 1046 1047
f 1045 1044 1046
f 1044 1048 1046
f 1049 1050 1048
f 1050 1046 1048
f 1051 1052 1049
f 1052 1050 1049
f 1053 1054 1055
f 1053 1052 1054
f 1052 1051 1054
f 1056 1055 1054
f 1057 1055 1056
f 1058 1057 1056
f 1059 1057 1058
f 1060 1059 1058
f 984 1061 1062
f 983 1061 984
f 986 1063 983
f 983 1063 1061
f 1064 986 987
f 1064 1065 986
f 1065 1063 986
f 1066 1065 1064
f 1067 1065 1066
f 990 1067 1066
f 990 989 1067
f 989 1068 1067
f 992 1069 989
f 989 1069 1068
f 994 1070 992
f 992 1070 1069
f 996 1071 994
f 994 1071 1070
f 1072 1073 1071
f 1072 1071 997
f 997 1071 996
f 997 999 1074
f 1072 997 1074
f 1075 1074 999
f 1075 999 1076
f 1076 999 1001
f 1003 1077 1001
f 1001 1077 1076
f 1078 1079 1077
f 1078 1077 1004
f 1004 1077 1003
f 1004 1005 1080
f 1078 1004 1080
f 1005 1006 1081
f 1080 1005 1081
f 1082 1081 1006
f 1082 1006 1083
f 1083 1006 1007
f 1084 1085 1083
f 1084 1083 1008
f 1008 1083 1007
f 1008 1009 1086
f 1084 1008 1086
f 1087 1086 1009
f 1087 1009 1088
f 1088 1009 1010
f 1011 1089 1010
f 1010 1089 1088
f 1090 1091 1089
f 1090 1089 1012
f 1012 1089 1011
f 1012 1014 1090
f 1016 1092 1015
f 1016 1017 1093
f 1092 1016 1093
f 1017 1019 1093
f 1022 1094 1021
f 1022 1023 1095
f 1094 1022 1095
f 1023 1025 1095
f 1045 1096 1043
f 1045 1047 1096
f 1055 1097 1053
f 1055 1057 1098
f 1097 1055 1098
f 1057 1059 1099
f 1098 1057 1099
f 1059 1060 1100
f 1059 1100 1099
f 1099 1100 1101
f 1102 1103 1100
f 1103 1101 1100
f 1062 1061 1104
f 1062 1104 1102
f 1102 1104 1103
f 1061 1063 1105
f 1104 1061 1105
f 1063 1065 1106
f 1105 1063 1106
f 1065 1067 1107
f 1106 1065 1107
f 1067 1068 1108
f 1107 1067 1108
f 1068 1069 1109
f 1108 1068 1109
f 1069 1070 1110
f 1109 1069 1110
f 1070 1071 1111
f 1110 1070 1111
f 1071 1073 1111
f 1076 1112 1075
f 1076 1077 1113
f 1112 1076 1113
f 1077 1079 1113
f 1083 1114 1082
f 1083 1085 1114
f 1088 1115 1087
f 1088 1089 1116
f 1115 1088 1116
f 1089 1091 1116
f 1117 1118 1119
f 1118 1117 1120
f 7 6 1121
f 10 7 1121
f 1122 10 1121
f 12 10 1122
f 1123 12 1122
f 14 12 1123
f 1124 14 1123
f 17 14 1124
f 1125 17 1124
f 20 17 1125
f 1126 20 1125
f 22 20 1126
f 1127 22 1126
f 1127 1128 1129
f 1127 1129 22
f 22 1129 24
f 26 24 1130
f 1130 24 1129
f 28 26 1131
f 1131 26 1130
f 30 28 1132
f 1132 28 1131
f 32 30 1133
f 1133 30 1132
f 34 32 1134
f 1134 32 1133
f 36 34 1135
f 1135 34 1134
f 38 36 1136
f 1136 36 1135
f 40 38 1137
f 1137 38 1136
f 42 40 1138
f 1138 40 1137
f 44 42 1139
f 1139 42 1138
f 47 44 1140
f 1140 44 1139
f 48 47 1141
f 1141 47 1140
f 50 48 1142
f 1142 48 1141
f 52 50 1143
f 1143 50 1142
f 54 52 1144
f 1144 52 1143
f 56 54 1145
f 1145 54 1144
f 1146 58 56
f 1146 56 1147
f 1147 56 1145
f 1147 1148 1149
f 1146 1147 1149
f 1148 1150 1151
f 1149 1148 1151
f 1150 1152 1153
f 1151 1150 1153
f 1152 1154 1155
f 1153 1152 1155
f 1154 1156 1157
f 1155 1154 1157
f 1156 1158 1159
f 1157 1156 1159
f 1158 1160 1161
f 1159 1158 1161
f 1160 1162 1163
f 1161 1160 1163
f 1163 1162 1164
f 1165 1166 1167
f 1165 1119 1118
f 1165 1118 1166
f 1166 1118 1168
f 1168 1118 1120
f 1169 1168 1120
f 64 65 1170
f 66 64 1170
f 1171 66 1170
f 1172 1171 1173
f 1121 1171 1172
f 1121 66 1171
f 1121 6 66
f 1121 1174 1122
f 1172 1174 1121
f 1122 1175 1123
f 1174 1175 1122
f 1123 1176 1124
f 1175 1176 1123
f 1124 1177 1125
f 1176 1177 1124
f 1125 1178 1126
f 1177 1178 1125
f 1126 1179 1127
f 1178 1179 1126
f 1127 1179 1128
f 58 1146 75
f 1149 75 1146
f 77 75 1149
f 1151 77 1149
f 79 77 1151
f 1153 79 1151
f 81 79 1153
f 1155 81 1153
f 83 81 1155
f 1157 83 1155
f 85 83 1157
f 1159 85 1157
f 87 85 1159
f 1161 87 1159
f 89 87 1161
f 1163 89 1161
f 91 89 1163
f 1164 91 1163
f 1164 1180 91
f 1180 93 91
f 95 93 1181
f 1181 93 1180
f 1182 97 95
f 1182 95 1183
f 1183 95 1181
f 1183 1184 1185
f 1182 1183 1185
f 1184 1186 1187
f 1185 1184 1187
f 1186 1188 1189
f 1187 1186 1189
f 1188 1190 1191
f 1189 1188 1191
f 1190 1192 1193
f 1191 1190 1193
f 1192 1194 1195
f 1193 1192 1195
f 1194 1196 1197
f 1195 1194 1197
f 1196 1198 1199
f 1197 1196 1199
f 1198 1200 1201
f 1199 1198 1201
f 1200 1202 1203
f 1201 1200 1203
f 1202 1204 1205
f 1203 1202 1205
f 1205 1204 1206
f 1207 1208 1209
f 1207 1210 1211
f 1208 1207 1211
f 1211 1210 1212
f 1166 1213 1167
f 1214 1213 1166
f 1214 1166 1215
f 1215 1166 1168
f 1169 1216 1217
f 1169 1217 1168
f 1168 1217 1215
f 1217 1216 1218
f 100 101 1219
f 65 100 1219
f 65 1219 1170
f 1170 1219 1220
f 1171 1170 1221
f 1170 1220 1221
f 1221 1173 1171
f 1222 1173 1221
f 97 1182 115
f 1185 115 1182
f 117 115 1185
f 1187 117 1185
f 119 117 1187
f 1189 119 1187
f 121 119 1189
f 1191 121 1189
f 123 121 1191
f 1193 123 1191
f 125 123 1193
f 1195 125 1193
f 127 125 1195
f 1197 127 1195
f 129 127 1197
f 1199 129 1197
f 131 129 1199
f 131 1223 133
f 131 1199 1223
f 1199 1201 1223
f 1203 1224 1201
f 1201 1224 1223
f 1205 1225 1203
f 1203 1225 1224
f 1206 1226 1227
f 1206 1227 1205
f 1205 1227 1225
f 1226 1228 1229
f 1227 1226 1229
f 1229 1228 1230
f 1208 1231 1232
f 1209 1208 1232
f 1211 1233 1208
f 1208 1233 1231
f 1233 1211 1212
f 1234 1233 1212
f 1235 1236 1237
f 1235 1214 1215
f 1235 1215 1236
f 1236 1215 1238
f 1217 1239 1215
f 1215 1239 1238
f 1239 1217 1218
f 1240 1239 1218
f 101 138 1241
f 1219 101 1241
f 1220 1219 1242
f 1219 1241 1242
f 1243 1242 1244
f 1243 1221 1242
f 1221 1220 1242
f 1221 1243 1222
f 160 1245 161
f 162 1245 160
f 1246 1245 162
f 163 1246 162
f 166 1247 167
f 168 1247 166
f 1248 1247 168
f 169 1248 168
f 1249 1248 169
f 133 1249 169
f 133 1223 1249
f 1223 1250 1249
f 1224 1251 1223
f 1223 1251 1250
f 1225 1252 1224
f 1224 1252 1251
f 1227 1253 1225
f 1225 1253 1252
f 1229 1254 1227
f 1227 1254 1253
f 1230 1255 1256
f 1230 1256 1229
f 1229 1256 1254
f 1255 1257 1258
f 1256 1255 1258
f 1257 1259 1260
f 1258 1257 1260
f 1259 1261 1262
f 1260 1259 1262
f 1262 1261 1263
f 1264 1265 1266
f 1264 1232 1231
f 1264 1231 1265
f 1265 1231 1267
f 1268 1269 1267
f 1268 1267 1233
f 1233 1267 1231
f 1270 1268 1233
f 1270 1233 1271
f 1234 1272 1233
f 1272 1271 1233
f 1272 1237 1236
f 1272 1236 1271
f 1271 1236 1273
f 1238 1274 1236
f 1236 1274 1273
f 1275 1276 1274
f 1275 1274 1239
f 1239 1274 1238
f 1239 1240 1275
f 172 173 1277
f 138 172 1277
f 138 1277 1241
f 1241 1277 1278
f 1279 1278 1280
f 1279 1242 1278
f 1242 1241 1278
f 1242 1279 1244
f 161 1245 197
f 1246 197 1245
f 199 197 1246
f 163 199 1246
f 167 1247 203
f 1248 203 1247
f 205 203 1248
f 1249 205 1248
f 207 205 1249
f 1250 207 1249
f 209 207 1250
f 1251 209 1250
f 211 209 1251
f 1252 211 1251
f 213 211 1252
f 1253 213 1252
f 215 213 1253
f 1254 215 1253
f 217 215 1254
f 1256 217 1254
f 219 217 1256
f 1258 219 1256
f 221 219 1258
f 1260 221 1258
f 223 221 1260
f 1262 223 1260
f 225 223 1262
f 1263 1281 1282
f 1262 1263 1282
f 1262 1282 227
f 1262 227 225
f 1281 1283 1284
f 1285 1281 1284
f 1284 1283 1286
f 1287 1288 1289
f 1287 1266 1265
f 1287 1265 1288
f 1288 1265 1290
f 1267 1291 1265
f 1265 1291 1290
f 1269 1292 1293
f 1269 1293 1267
f 1267 1293 1291
f 1292 1270 1271
f 1292 1271 1293
f 1293 1271 1294
f 230 1273 228
f 230 1294 1273
f 1294 1271 1273
f 1274 228 1273
f 231 228 1274
f 1276 1295 1296
f 1274 1276 1296
f 1274 1296 233
f 1274 233 231
f 1295 1297 1298
f 1296 1295 1298
f 1297 1299 1300
f 1298 1297 1300
f 1300 1299 1301
f 173 236 1302
f 1277 173 1302
f 1303 1302 1304
f 1303 1278 1302
f 1278 1277 1302
f 1278 1303 1280
f 227 1282 272
f 1284 272 1285
f 274 272 1284
f 1286 1305 1306
f 1284 1286 1306
f 1284 1306 276
f 1284 276 274
f 1305 1307 1308
f 1306 1305 1308
f 1307 1309 1310
f 1308 1307 1310
f 1309 1289 1288
f 1309 1288 1310
f 1310 1288 1311
f 279 1290 277
f 279 1311 1290
f 1311 1288 1290
f 1291 277 1290
f 280 277 1291
f 1293 280 1291
f 282 280 1293
f 1294 282 1293
f 284 282 1294
f 230 284 1294
f 233 1296 288
f 288 1312 290
f 288 1296 1312
f 1296 1298 1312
f 1300 1313 1298
f 1298 1313 1312
f 1301 1314 1315
f 1301 1315 1300
f 1300 1315 1313
f 1315 1314 1316
f 236 292 1317
f 1302 236 1317
f 1317 1304 1302
f 1318 1304 1317
f 276 1319 329
f 1306 1319 276
f 1308 1320 1306
f 1306 1320 1319
f 1310 1321 1308
f 1308 1321 1320
f 332 1311 330
f 332 1321 1311
f 1321 1310 1311
f 279 330 1311
f 290 1322 340
f 1312 1322 290
f 1313 1323 1312
f 1312 1323 1322
f 1315 1324 1313
f 1313 1324 1323
f 1324 1315 1316
f 1325 1324 1316
f 292 344 1326
f 1317 292 1326
f 1326 1318 1317
f 1327 1318 1326
f 381 1328 382
f 329 1328 381
f 329 1319 1328
f 1319 1329 1328
f 1320 1330 1319
f 1319 1330 1329
f 1321 1331 1320
f 1320 1331 1330
f 383 1321 332
f 383 1332 1321
f 1332 1331 1321
f 384 1332 383
f 391 1333 392
f 340 1333 391
f 340 1322 1333
f 1322 1334 1333
f 1323 1335 1322
f 1322 1335 1334
f 1324 1336 1323
f 1323 1336 1335
f 1336 1324 1325
f 1337 1336 1325
f 398 399 1338
f 344 398 1338
f 344 1338 1326
f 1326 1338 1339
f 1339 1327 1326
f 1340 1327 1339
f 431 1341 432
f 382 1341 431
f 382 1328 1341
f 1328 1342 1341
f 1329 1343 1328
f 1328 1343 1342
f 1330 1344 1329
f 1329 1344 1343
f 1331 1345 1330
f 1330 1345 1344
f 1332 1346 1331
f 1331 1346 1345
f 434 1332 384
f 1346 1332 434
f 438 1347 439
f 440 1347 438
f 1348 1347 440
f 392 1348 440
f 392 1333 1348
f 1333 1349 1348
f 1334 1350 1333
f 1333 1350 1349
f 1351 1352 1350
f 1351 1350 1335
f 1335 1350 1334
f 1335 1336 1353
f 1351 1335 1353
f 1336 1337 1353
f 399 446 1354
f 1338 399 1354
f 1339 1338 1355
f 1338 1354 1355
f 1340 1356 1357
f 1340 1339 1356
f 1339 1355 1356
f 1356 1358 1357
f 465 1359 466
f 467 1359 465
f 1360 1359 467
f 468 1360 467
f 1361 1360 468
f 432 1361 468
f 432 1341 1361
f 1341 1362 1361
f 1342 1363 1341
f 1341 1363 1362
f 1343 1364 1342
f 1342 1364 1363
f 1344 1365 1343
f 1343 1365 1364
f 1345 1366 1344
f 1344 1366 1365
f 1346 1367 1345
f 1345 1367 1366
f 470 1346 434
f 1367 1346 470
f 472 1368 473
f 474 1368 472
f 1369 1368 474
f 439 1347 477
f 474 475 1369
f 477 1370 478
f 477 1347 1370
f 1347 1348 1370
f 1349 1371 1348
f 1348 1371 1370
f 1350 1372 1349
f 1349 1372 1371
f 1352 1373 1374
f 1352 1374 1350
f 1350 1374 1372
f 1374 1373 1375
f 484 485 1376
f 446 484 1376
f 446 1376 1354
f 1354 1376 1377
f 1355 1354 1378
f 1354 1377 1378
f 1356 1355 1379
f 1355 1378 1379
f 1379 1358 1356
f 1380 1358 1379
f 466 1381 498
f 1359 1381 466
f 1360 1382 1359
f 1359 1382 1381
f 1361 1383 1360
f 1360 1383 1382
f 1362 1384 1361
f 1361 1384 1383
f 1363 1385 1362
f 1362 1385 1384
f 1364 1386 1363
f 1363 1386 1385
f 1365 1387 1364
f 1364 1387 1386
f 1366 1388 1365
f 1365 1388 1387
f 1367 1389 1366
f 1366 1389 1388
f 500 1367 470
f 1389 1367 500
f 473 1390 502
f 1368 1390 473
f 1369 1391 1368
f 1368 1391 1390
f 503 1369 475
f 503 1392 1369
f 1392 1391 1369
f 478 1392 503
f 478 1370 1392
f 1370 1393 1392
f 1371 1394 1370
f 1370 1394 1393
f 1372 1395 1371
f 1371 1395 1394
f 1374 1396 1372
f 1372 1396 1395
f 1396 1374 1375
f 1397 1396 1375
f 485 508 1398
f 1376 485 1398
f 1399 1398 1400
f 1399 1377 1398
f 1377 1376 1398
f 1377 1401 1378
f 1399 1401 1377
f 1378 1402 1379
f 1401 1402 1378
f 1379 1402 1380
f 498 1381 525
f 525 1403 527
f 525 1381 1403
f 1381 1382 1403
f 1383 1404 1382
f 1382 1404 1403
f 1384 1405 1383
f 1383 1405 1404
f 1385 1406 1384
f 1384 1406 1405
f 1386 1407 1385
f 1385 1407 1406
f 1387 1408 1386
f 1386 1408 1407
f 1388 1409 1387
f 1387 1409 1408
f 530 1389 528
f 530 1409 1389
f 1409 1388 1389
f 500 528 1389
f 502 1390 533
f 1391 533 1390
f 535 533 1391
f 535 1410 537
f 535 1391 1410
f 1391 1392 1410
f 1393 1411 1392
f 1392 1411 1410
f 1394 1412 1393
f 1393 1412 1411
f 1413 1414 1412
f 1413 1412 1395
f 1395 1412 1394
f 1395 1396 1415
f 1413 1395 1415
f 1396 1397 1415
f 541 542 1416
f 508 541 1416
f 508 1416 1398
f 1398 1416 1417
f 1417 1400 1398
f 1418 1400 1417
f 527 1403 569
f 569 1419 571
f 569 1403 1419
f 1403 1404 1419
f 1405 1420 1404
f 1404 1420 1419
f 1406 1421 1405
f 1405 1421 1420
f 1407 1422 1406
f 1406 1422 1421
f 1408 1423 1407
f 1407 1423 1422
f 574 1409 572
f 574 1423 1409
f 1423 1408 1409
f 530 572 1409
f 537 1410 580
f 1411 580 1410
f 582 580 1411
f 582 1424 584
f 582 1411 1424
f 1411 1412 1424
f 1414 1425 1426
f 1414 1426 1412
f 1412 1426 1424
f 1426 1425 1427
f 1428 1429 1430
f 1429 1428 1431
f 542 590 1432
f 1416 542 1432
f 1433 1432 1434
f 1433 1417 1432
f 1417 1416 1432
f 1418 1417 1433
f 1435 1436 1437
f 1435 1438 1439
f 1437 1438 1435
f 1438 1440 1439
f 571 1441 619
f 1419 1441 571
f 1420 1442 1419
f 1419 1442 1441
f 1421 1443 1420
f 1420 1443 1442
f 622 1422 620
f 622 1443 1422
f 1443 1421 1422
f 620 1444 623
f 620 1422 1444
f 1422 1423 1444
f 625 1423 574
f 1444 1423 625
f 584 1445 635
f 1424 1445 584
f 1426 1446 1424
f 1424 1446 1445
f 1446 1426 1427
f 1447 1446 1427
f 1429 1448 1449
f 1430 1429 1449
f 1448 1429 1431
f 1450 1448 1431
f 590 640 1451
f 1432 590 1451
f 1451 1434 1432
f 1452 1434 1451
f 1437 1453 1454
f 1436 1453 1437
f 1438 1437 1455
f 1437 1454 1455
f 1455 1440 1438
f 1456 1440 1455
f 619 1457 665
f 1441 1457 619
f 1442 1458 1441
f 1441 1458 1457
f 1443 1459 1442
f 1442 1459 1458
f 666 1443 622
f 666 1460 1443
f 1460 1459 1443
f 623 1460 666
f 623 1444 1460
f 1444 1461 1460
f 668 1444 625
f 1462 1444 668
f 635 1463 678
f 1445 1463 635
f 1446 1464 1445
f 1445 1464 1463
f 1464 1446 1447
f 1465 1464 1447
f 1448 1466 1449
f 1448 1450 1466
f 640 683 1467
f 1451 640 1467
f 1452 1468 1469
f 1452 1451 1468
f 1451 1467 1468
f 1469 1454 1453
f 1469 1468 1454
f 1468 1470 1454
f 1455 1454 1471
f 1454 1470 1471
f 1471 1456 1455
f 1472 1456 1471
f 665 1457 712
f 712 1473 714
f 712 1457 1473
f 1457 1458 1473
f 1459 1474 1458
f 1458 1474 1473
f 1460 1475 1459
f 1459 1475 1474
f 1461 1476 1460
f 1460 1476 1475
f 716 1462 668
f 1476 1462 716
f 678 1477 724
f 1463 1477 678
f 1478 1479 1477
f 1478 1477 1464
f 1464 1477 1463
f 1464 1465 1478
f 683 729 1480
f 1467 683 1480
f 1468 1467 1481
f 1467 1480 1481
f 1470 1468 1482
f 1468 1481 1482
f 1471 1470 1483
f 1470 1482 1483
f 1472 1484 1485
f 1472 1471 1484
f 1471 1483 1484
f 1484 1486 1485
f 714 1473 755
f 755 1487 757
f 755 1473 1487
f 1473 1474 1487
f 1475 1488 1474
f 1474 1488 1487
f 1476 1489 1475
f 1475 1489 1488
f 758 1476 716
f 758 1490 1476
f 1490 1489 1476
f 759 1490 758
f 765 1491 766
f 767 1491 765
f 1492 1491 767
f 724 1492 767
f 724 1477 1492
f 1477 1493 1492
f 1493 1477 1479
f 1494 1493 1479
f 729 772 1495
f 1480 729 1495
f 1481 1480 1496
f 1480 1495 1496
f 1482 1481 1497
f 1481 1496 1497
f 1483 1482 1498
f 1482 1497 1498
f 1499 1498 1500
f 1499 1484 1498
f 1484 1483 1498
f 1484 1499 1486
f 786 1501 787
f 788 1501 786
f 1502 1501 788
f 789 1502 788
f 1503 1502 789
f 790 1503 789
f 1504 1503 790
f 791 1504 790
f 1505 1504 791
f 757 1505 791
f 757 1487 1505
f 1487 1506 1505
f 1488 1507 1487
f 1487 1507 1506
f 1489 1508 1488
f 1488 1508 1507
f 1490 1509 1489
f 1489 1509 1508
f 792 1490 759
f 792 1510 1490
f 1510 1509 1490
f 793 1510 792
f 1511 1510 793
f 794 1511 793
f 1512 1511 794
f 795 1512 794
f 1513 1512 795
f 1513 1514 1515
f 1513 795 1514
f 795 796 1514
f 766 1491 1516
f 766 1516 796
f 796 1516 1514
f 1491 1492 1517
f 1516 1491 1517
f 1492 1493 1518
f 1517 1492 1518
f 1493 1494 1518
f 772 800 1519
f 1495 772 1519
f 1496 1495 1520
f 1495 1519 1520
f 1497 1496 1521
f 1496 1520 1521
f 1498 1497 1522
f 1497 1521 1522
f 1522 1500 1498
f 1523 1500 1522
f 787 1524 814
f 1501 1524 787
f 1502 1525 1501
f 1501 1525 1524
f 1503 1526 1502
f 1502 1526 1525
f 1504 1527 1503
f 1503 1527 1526
f 1505 1528 1504
f 1504 1528 1527
f 1506 1529 1505
f 1505 1529 1528
f 1507 1530 1506
f 1506 1530 1529
f 1508 1531 1507
f 1507 1531 1530
f 1509 1532 1508
f 1508 1532 1531
f 1510 1533 1509
f 1509 1533 1532
f 1511 1534 1510
f 1510 1534 1533
f 1512 1535 1511
f 1511 1535 1534
f 1536 1537 1535
f 1536 1535 1513
f 1513 1535 1512
f 1513 1515 1536
f 800 818 1519
f 818 820 1538
f 818 1538 1519
f 1519 1538 1520
f 1521 1520 1539
f 1520 1538 1539
f 1522 1521 1540
f 1521 1539 1540
f 1523 1541 1542
f 1523 1522 1541
f 1522 1540 1541
f 1541 1543 1542
f 814 1524 838
f 1525 838 1524
f 840 838 1525
f 1526 840 1525
f 842 840 1526
f 1527 842 1526
f 844 842 1527
f 844 1544 846
f 844 1527 1544
f 1527 1528 1544
f 1529 1545 1528
f 1528 1545 1544
f 1530 1546 1529
f 1529 1546 1545
f 1531 1547 1530
f 1530 1547 1546
f 1532 1548 1531
f 1531 1548 1547
f 1533 1549 1532
f 1532 1549 1548
f 1550 1551 1549
f 1550 1549 1534
f 1534 1549 1533
f 1534 1535 1552
f 1550 1534 1552
f 1535 1537 1552
f 1553 1554 1555
f 1554 1553 1556
f 820 849 1538
f 1539 1538 849
f 852 1539 849
f 852 853 1557
f 852 1557 1539
f 1539 1557 1540
f 1541 1540 1558
f 1540 1557 1558
f 1543 1559 1560
f 1543 1541 1559
f 1541 1558 1559
f 1559 1561 1560
f 846 1544 889
f 889 1562 891
f 889 1544 1562
f 1544 1545 1562
f 1563 1564 1562
f 1563 1562 1546
f 1546 1562 1545
f 1565 1563 1546
f 1565 1546 1566
f 1566 1546 1547
f 1548 1567 1547
f 1547 1567 1566
f 1568 1569 1567
f 1568 1567 1549
f 1549 1567 1548
f 1549 1551 1568
f 1570 1571 1572
f 1570 1573 1574
f 1571 1570 1574
f 1573 1575 1576
f 1574 1573 1576
f 1575 1555 1554
f 1575 1554 1576
f 1577 1578 1554
f 1578 1576 1554
f 1554 1556 1577
f 853 895 1557
f 895 897 1579
f 895 1579 1557
f 1557 1579 1558
f 1559 1558 1580
f 1558 1579 1580
f 1580 1561 1559
f 1581 1561 1580
f 891 1582 927
f 1562 1582 891
f 1582 1562 1564
f 1583 1582 1564
f 1566 1584 1585
f 1565 1566 1585
f 1567 1586 1566
f 1566 1586 1584
f 1586 1567 1569
f 1587 1586 1569
f 1588 1589 1590
f 1588 1572 1571
f 1588 1571 1589
f 1589 1571 1591
f 1592 1593 1591
f 1592 1591 1574
f 1574 1591 1571
f 1574 1576 1594
f 1592 1574 1594
f 1576 1578 1594
f 897 929 1579
f 1580 1579 929
f 933 1580 929
f 933 1581 1580
f 933 934 1581
f 934 1595 1581
f 973 1596 974
f 927 1596 973
f 927 1582 1596
f 1582 1597 1596
f 1597 1582 1583
f 1598 1597 1583
f 1584 1599 1585
f 1600 1599 1584
f 1600 1584 1601
f 1601 1584 1586
f 1601 1586 1587
f 1602 1601 1587
f 1589 1603 1604
f 1590 1589 1604
f 1591 1605 1589
f 1589 1605 1603
f 1605 1591 1593
f 1606 1605 1593
f 976 1607 1595
f 934 976 1595
f 979 1608 976
f 1608 1607 976
f 1609 979 980
f 1609 1610 979
f 1610 1608 979
f 1610 1611 1612
f 1609 1611 1610
f 1611 1613 1612
f 1013 1614 1014
f 1015 1614 1013
f 1018 1615 1019
f 1020 1615 1018
f 1616 1615 1020
f 1021 1616 1020
f 1024 1617 1025
f 1026 1617 1024
f 1618 1617 1026
f 1027 1618 1026
f 1619 1618 1027
f 1028 1619 1027
f 1620 1619 1028
f 1029 1620 1028
f 1621 1620 1029
f 1030 1621 1029
f 1622 1621 1030
f 1031 1622 1030
f 1623 1622 1031
f 1032 1623 1031
f 1624 1623 1032
f 1033 1624 1032
f 1625 1624 1033
f 1034 1625 1033
f 1626 1625 1034
f 1035 1626 1034
f 1627 1626 1035
f 1627 1628 1629
f 1627 1035 1628
f 1035 1036 1628
f 974 1596 1630
f 974 1630 1036
f 1036 1630 1628
f 1596 1597 1631
f 1630 1596 1631
f 1597 1598 1631
f 1601 1632 1600
f 1601 1602 1632
f 1603 1633 1634
f 1604 1603 1634
f 1635 1636 1633
f 1635 1633 1605
f 1605 1633 1603
f 1605 1606 1635
f 980 1038 1609
f 1611 1609 1038
f 1040 1611 1038
f 1613 1611 1040
f 1613 1040 1637
f 1637 1040 1042
f 1638 1042 1043
f 1638 1639 1042
f 1639 1637 1042
f 1047 1639 1638
f 1047 1046 1639
f 1046 1640 1639
f 1050 1641 1046
f 1641 1640 1046
f 1052 1642 1050
f 1642 1641 1050
f 1643 1052 1053
f 1643 1644 1052
f 1644 1642 1052
f 1643 1645 1644
f 1072 1646 1073
f 1074 1646 1072
f 1647 1646 1074
f 1075 1647 1074
f 1078 1648 1079
f 1080 1648 1078
f 1649 1648 1080
f 1081 1649 1080
f 1650 1649 1081
f 1082 1650 1081
f 1084 1651 1085
f 1086 1651 1084
f 1652 1651 1086
f 1087 1652 1086
f 1090 1653 1091
f 1014 1653 1090
f 1014 1614 1653
f 1614 1654 1653
f 1092 1614 1015
f 1092 1655 1614
f 1655 1654 1614
f 1093 1655 1092
f 1656 1655 1093
f 1657 1658 1656
f 1615 1657 1656
f 1615 1656 1093
f 1615 1093 1019
f 1615 1616 1659
f 1657 1615 1659
f 1616 1660 1659
f 1021 1660 1616
f 1021 1661 1660
f 1021 1094 1661
f 1095 1661 1094
f 1662 1661 1095
f 1663 1664 1662
f 1617 1663 1662
f 1617 1662 1095
f 1617 1095 1025
f 1617 1618 1665
f 1663 1617 1665
f 1618 1619 1666
f 1665 1618 1666
f 1619 1620 1667
f 1666 1619 1667
f 1620 1621 1668
f 1667 1620 1668
f 1621 1622 1669
f 1668 1621 1669
f 1622 1623 1670
f 1669 1622 1670
f 1623 1624 1671
f 1670 1623 1671
f 1624 1625 1672
f 1671 1624 1672
f 1625 1626 1673
f 1672 1625 1673
f 1626 1627 1674
f 1673 1626 1674
f 1627 1629 1674
f 1633 1675 1634
f 1633 1636 1675
f 1043 1096 1638
f 1047 1638 1096
f 1053 1097 1643
f 1645 1643 1097
f 1645 1097 1676
f 1676 1097 1098
f 1099 1677 1098
f 1677 1676 1098
f 1101 1678 1099
f 1678 1677 1099
f 1103 1679 1101
f 1679 1678 1101
f 1104 1680 1103
f 1680 1679 1103
f 1105 1681 1104
f 1681 1680 1104
f 1106 1682 1105
f 1682 1681 1105
f 1107 1683 1106
f 1683 1682 1106
f 1108 1684 1107
f 1684 1683 1107
f 1109 1685 1108
f 1685 1684 1108
f 1110 1686 1109
f 1686 1685 1109
f 1111 1687 1110
f 1687 1686 1110
f 1073 1646 1688
f 1073 1688 1111
f 1111 1688 1687
f 1646 1647 1689
f 1688 1646 1689
f 1647 1690 1689
f 1075 1690 1647
f 1075 1691 1690
f 1075 1112 1691
f 1113 1691 1112
f 1692 1691 1113
f 1079 1692 1113
f 1079 1648 1692
f 1648 1693 1692
f 1649 1694 1648
f 1648 1694 1693
f 1650 1695 1649
f 1649 1695 1694
f 1114 1650 1082
f 1114 1696 1650
f 1696 1695 1650
f 1085 1696 1114
f 1085 1651 1696
f 1651 1697 1696
f 1652 1698 1651
f 1651 1698 1697
f 1115 1652 1087
f 1115 1699 1652
f 1699 1698 1652
f 1116 1699 1115
f 1700 1699 1116
f 1701 1702 1700
f 1653 1701 1700
f 1653 1700 1116
f 1653 1116 1091
f 1653 1654 1703
f 1701 1653 1703
f 1654 1655 1704
f 1703 1654 1704
f 1655 1656 1705
f 1704 1655 1705
f 1656 1658 1705
f 1661 1706 1660
f 1661 1662 1707
f 1706 1661 1707
f 1662 1664 1707
f 1691 1708 1690
f 1691 1692 1709
f 1708 1691 1709
f 1692 1693 1710
f 1709 1692 1710
f 1693 1694 1711
f 1710 1693 1711
f 1694 1695 1712
f 1711 1694 1712
f 1695 1696 1713
f 1712 1695 1713
f 1696 1697 1714
f 1713 1696 1714
f 1697 1698 1715
f 1714 1697 1715
f 1698 1699 1716
f 1715 1698 1716
f 1699 1700 1717
f 1716 1699 1717
f 1700 1702 1717
f 1718 1719 1720
f 1718 1721 1722
f 1719 1718 1722
f 1722 1721 1723
f 1719 1724 1725
f 1720 1719 1725
f 1722 1726 1719
f 1719 1726 1724
f 1723 1727 1728
f 1723 1728 1722
f 1722 1728 1726
f 1727 1729 1730
f 1728 1727 1730
f 1730 1729 1731
f 1724 1732 1733
f 1725 1724 1733
f 1726 1734 1724
f 1724 1734 1732
f 1735 1736 1734
f 1735 1734 1728
f 1728 1734 1726
f 1728 1730 1737
f 1735 1728 1737
f 1730 1731 1737
f 1732 1738 1739
f 1733 1732 1739
f 1740 1741 1738
f 1740 1738 1734
f 1734 1738 1732
f 1742 1740 1734
f 1742 1734 1743
f 1736 1744 1734
f 1744 1743 1734
f 1744 1745 1746
f 1743 1744 1746
f 1745 1747 1748
f 1746 1745 1748
f 1747 1749 1750
f 1748 1747 1750
f 1749 1751 1752
f 1750 1749 1752
f 1751 1753 1754
f 1752 1751 1754
f 1753 1755 1756
f 1754 1753 1756
f 1755 1757 1758
f 1756 1755 1758
f 1757 1759 1760
f 1758 1757 1760
f 1760 1759 1761
f 1738 1762 1739
f 1738 1741 1762
f 1743 1763 1764
f 1742 1743 1764
f 1746 1765 1743
f 1743 1765 1763
f 1748 1766 1746
f 1746 1766 1765
f 1750 1767 1748
f 1748 1767 1766
f 1752 1768 1750
f 1750 1768 1767
f 1754 1769 1752
f 1752 1769 1768
f 1756 1770 1754
f 1754 1770 1769
f 1758 1771 1756
f 1756 1771 1770
f 1760 1772 1758
f 1758 1772 1771
f 1761 1773 1774
f 1761 1774 1760
f 1760 1774 1772
f 1773 1775 1776
f 1774 1773 1776
f 1775 1777 1778
f 1776 1775 1778
f 1777 1779 1780
f 1778 1777 1780
f 1780 1779 1781
f 1763 1782 1783
f 1764 1763 1783
f 1765 1784 1763
f 1763 1784 1782
f 1766 1785 1765
f 1765 1785 1784
f 1767 1786 1766
f 1766 1786 1785
f 1768 1787 1767
f 1767 1787 1786
f 1769 1788 1768
f 1768 1788 1787
f 1770 1789 1769
f 1769 1789 1788
f 1771 1790 1770
f 1770 1790 1789
f 1772 1791 1771
f 1771 1791 1790
f 1774 1792 1772
f 1772 1792 1791
f 1776 1793 1774
f 1774 1793 1792
f 1778 1794 1776
f 1776 1794 1793
f 1780 1795 1778
f 1778 1795 1794
f 1781 1796 1797
f 1781 1797 1780
f 1780 1797 1795
f 1797 1796 1798
f 1782 1799 1783
f 1782 1784 1800
f 1799 1782 1800
f 1784 1785 1801
f 1800 1784 1801
f 1802 1801 1785
f 1802 1785 1803
f 1803 1785 1786
f 1787 1804 1786
f 1786 1804 1803
f 1788 1805 1787
f 1787 1805 1804
f 1789 1806 1788
f 1788 1806 1805
f 1790 1807 1789
f 1789 1807 1806
f 1791 1808 1790
f 1790 1808 1807
f 1119 1792 1117
f 1119 1808 1792
f 1808 1791 1792
f 1117 1809 1120
f 1117 1792 1809
f 1792 1793 1809
f 1794 1810 1793
f 1793 1810 1809
f 1795 1811 1794
f 1794 1811 1810
f 1797 1812 1795
f 1795 1812 1811
f 1812 1797 1798
f 1813 1812 1798
f 1129 1128 1814
f 1130 1129 1814
f 1815 1130 1814
f 1131 1130 1815
f 1816 1131 1815
f 1132 1131 1816
f 1817 1132 1816
f 1133 1132 1817
f 1818 1133 1817
f 1818 1819 1820
f 1818 1820 1133
f 1133 1820 1134
f 1135 1134 1821
f 1821 1134 1820
f 1136 1135 1822
f 1822 1135 1821
f 1137 1136 1823
f 1823 1136 1822
f 1138 1137 1824
f 1824 1137 1823
f 1139 1138 1825
f 1825 1138 1824
f 1140 1139 1826
f 1826 1139 1825
f 1141 1140 1827
f 1827 1140 1826
f 1142 1141 1828
f 1828 1141 1827
f 1143 1142 1829
f 1829 1142 1828
f 1144 1143 1830
f 1830 1143 1829
f 1145 1144 1831
f 1831 1144 1830
f 1147 1145 1832
f 1832 1145 1831
f 1148 1147 1833
f 1833 1147 1832
f 1150 1148 1834
f 1834 1148 1833
f 1152 1150 1835
f 1835 1150 1834
f 1154 1152 1836
f 1836 1152 1835
f 1156 1154 1837
f 1837 1154 1836
f 1158 1156 1838
f 1838 1156 1837
f 1160 1158 1839
f 1839 1158 1838
f 1162 1160 1840
f 1840 1160 1839
f 1841 1164 1162
f 1841 1162 1842
f 1842 1162 1840
f 1842 1843 1844
f 1841 1842 1844
f 1843 1845 1846
f 1844 1843 1846
f 1845 1847 1848
f 1846 1845 1848
f 1847 1849 1850
f 1848 1847 1850
f 1849 1851 1852
f 1850 1849 1852
f 1851 1853 1854
f 1852 1851 1854
f 1853 1855 1856
f 1854 1853 1856
f 1855 1857 1858
f 1856 1855 1858
f 1857 1859 1860
f 1858 1857 1860
f 1859 1861 1862
f 1860 1859 1862
f 1862 1861 1863
f 1803 1864 1865
f 1802 1803 1865
f 1804 1866 1803
f 1803 1866 1864
f 1805 1867 1804
f 1804 1867 1866
f 1806 1868 1805
f 1805 1868 1867
f 1807 1869 1806
f 1806 1869 1868
f 1167 1808 1165
f 1167 1869 1808
f 1869 1807 1808
f 1119 1165 1808
f 1120 1870 1169
f 1809 1870 1120
f 1810 1871 1809
f 1809 1871 1870
f 1811 1872 1810
f 1810 1872 1871
f 1812 1873 1811
f 1811 1873 1872
f 1873 1812 1813
f 1874 1873 1813
f 1172 1173 1875
f 1174 1172 1875
f 1876 1174 1875
f 1175 1174 1876
f 1877 1175 1876
f 1176 1175 1877
f 1878 1176 1877
f 1177 1176 1878
f 1879 1177 1878
f 1178 1177 1879
f 1880 1178 1879
f 1880 1881 1882
f 1880 1882 1178
f 1178 1882 1179
f 1128 1883 1814
f 1128 1179 1883
f 1179 1882 1883
f 1814 1884 1815
f 1883 1884 1814
f 1815 1885 1816
f 1884 1885 1815
f 1816 1886 1817
f 1885 1886 1816
f 1817 1887 1818
f 1886 1887 1817
f 1818 1887 1819
f 1164 1841 1180
f 1844 1180 1841
f 1181 1180 1844
f 1846 1181 1844
f 1183 1181 1846
f 1848 1183 1846
f 1184 1183 1848
f 1850 1184 1848
f 1186 1184 1850
f 1852 1186 1850
f 1188 1186 1852
f 1854 1188 1852
f 1190 1188 1854
f 1856 1190 1854
f 1192 1190 1856
f 1858 1192 1856
f 1194 1192 1858
f 1860 1194 1858
f 1196 1194 1860
f 1862 1196 1860
f 1198 1196 1862
f 1863 1198 1862
f 1863 1888 1198
f 1888 1200 1198
f 1202 1200 1889
f 1889 1200 1888
f 1204 1202 1890
f 1890 1202 1889
f 1891 1206 1204
f 1891 1204 1892
f 1892 1204 1890
f 1892 1893 1894
f 1891 1892 1894
f 1893 1895 1896
f 1894 1893 1896
f 1896 1895 1897
f 1864 1898 1899
f 1865 1864 1899
f 1866 1900 1864
f 1864 1900 1898
f 1209 1867 1207
f 1209 1900 1867
f 1900 1866 1867
f 1868 1207 1867
f 1210 1207 1868
f 1210 1901 1212
f 1210 1868 1901
f 1868 1869 1901
f 1213 1869 1167
f 1213 1902 1869
f 1902 1901 1869
f 1214 1902 1213
f 1169 1870 1216
f 1216 1903 1218
f 1216 1870 1903
f 1870 1871 1903
f 1872 1904 1871
f 1871 1904 1903
f 1873 1905 1872
f 1872 1905 1904
f 1874 1906 1907
f 1874 1907 1873
f 1873 1907 1905
f 1907 1906 1908
f 1173 1222 1909
f 1875 1173 1909
f 1876 1875 1910
f 1875 1909 1910
f 1877 1876 1911
f 1876 1910 1911
f 1878 1877 1912
f 1877 1911 1912
f 1879 1878 1913
f 1878 1912 1913
f 1914 1913 1915
f 1914 1880 1913
f 1880 1879 1913
f 1880 1914 1881
f 1206 1891 1226
f 1894 1226 1891
f 1228 1226 1894
f 1228 1916 1230
f 1228 1894 1916
f 1894 1896 1916
f 1897 1917 1918
f 1897 1918 1896
f 1896 1918 1916
f 1917 1919 1920
f 1918 1917 1920
f 1920 1919 1921
f 1898 1922 1923
f 1899 1898 1923
f 1900 1924 1898
f 1898 1924 1922
f 1232 1900 1209
f 1924 1900 1232
f 1212 1925 1234
f 1901 1925 1212
f 1237 1902 1235
f 1237 1925 1902
f 1925 1901 1902
f 1214 1235 1902
f 1218 1926 1240
f 1903 1926 1218
f 1904 1927 1903
f 1903 1927 1926
f 1905 1928 1904
f 1904 1928 1927
f 1907 1929 1905
f 1905 1929 1928
f 1929 1907 1908
f 1930 1929 1908
f 1243 1244 1931
f 1222 1243 1931
f 1222 1931 1909
f 1909 1931 1932
f 1910 1909 1933
f 1909 1932 1933
f 1911 1910 1934
f 1910 1933 1934
f 1912 1911 1935
f 1911 1934 1935
f 1936 1935 1937
f 1936 1913 1935
f 1913 1912 1935
f 1913 1936 1915
f 1230 1916 1255
f 1918 1255 1916
f 1257 1255 1918
f 1920 1257 1918
f 1259 1257 1920
f 1921 1259 1920
f 1921 1938 1259
f 1938 1261 1259
f 1939 1263 1261
f 1939 1261 1940
f 1940 1261 1938
f 1939 1940 1941
f 1922 1942 1943
f 1923 1922 1943
f 1266 1924 1264
f 1266 1942 1924
f 1942 1922 1924
f 1232 1264 1924
f 1268 1944 1269
f 1234 1925 1272
f 1268 1270 1944
f 1237 1272 1925
f 1275 1945 1276
f 1240 1945 1275
f 1240 1926 1945
f 1926 1946 1945
f 1927 1947 1926
f 1926 1947 1946
f 1928 1948 1927
f 1927 1948 1947
f 1929 1949 1928
f 1928 1949 1948
f 1949 1929 1930
f 1950 1949 1930
f 1279 1280 1951
f 1244 1279 1951
f 1244 1951 1931
f 1931 1951 1952
f 1932 1931 1953
f 1931 1952 1953
f 1933 1932 1954
f 1932 1953 1954
f 1955 1954 1956
f 1955 1934 1954
f 1934 1933 1954
f 1934 1957 1935
f 1955 1957 1934
f 1935 1957 1937
f 1263 1939 1281
f 1941 1281 1939
f 1941 1958 1281
f 1958 1283 1281
f 1959 1286 1283
f 1958 1959 1283
f 1960 1961 1962
f 1289 1961 1960
f 1287 1289 1960
f 1287 1960 1943
f 1287 1943 1942
f 1266 1287 1942
f 1269 1944 1292
f 1270 1292 1944
f 1276 1945 1295
f 1946 1295 1945
f 1297 1295 1946
f 1947 1297 1946
f 1299 1297 1947
f 1299 1963 1301
f 1299 1947 1963
f 1947 1948 1963
f 1949 1964 1948
f 1948 1964 1963
f 1964 1949 1950
f 1965 1964 1950
f 1303 1304 1966
f 1280 1303 1966
f 1280 1966 1951
f 1951 1966 1967
f 1952 1951 1968
f 1951 1967 1968
f 1969 1968 1970
f 1969 1953 1968
f 1953 1952 1968
f 1953 1971 1954
f 1969 1971 1953
f 1954 1971 1956
f 1305 1959 1972
f 1286 1959 1305
f 1307 1305 1973
f 1973 1305 1972
f 1961 1973 1962
f 1961 1309 1973
f 1309 1307 1973
f 1289 1309 1961
f 1301 1963 1314
f 1314 1974 1316
f 1314 1963 1974
f 1963 1964 1974
f 1974 1964 1965
f 1975 1974 1965
f 1304 1318 1976
f 1966 1304 1976
f 1967 1966 1977
f 1966 1976 1977
f 1968 1967 1978
f 1967 1977 1978
f 1978 1970 1968
f 1979 1970 1978
f 1316 1980 1325
f 1974 1980 1316
f 1980 1974 1975
f 1981 1980 1975
f 1318 1327 1982
f 1976 1318 1982
f 1977 1976 1983
f 1976 1982 1983
f 1978 1977 1984
f 1977 1983 1984
f 1984 1979 1978
f 1985 1979 1984
f 1325 1986 1337
f 1980 1986 1325
f 1986 1980 1981
f 1987 1986 1981
f 1327 1340 1988
f 1982 1327 1988
f 1983 1982 1989
f 1982 1988 1989
f 1984 1983 1990
f 1983 1989 1990
f 1990 1985 1984
f 1991 1985 1990
f 1351 1992 1352
f 1353 1992 1351
f 1993 1992 1353
f 1337 1993 1353
f 1337 1986 1993
f 1986 1994 1993
f 1994 1986 1987
f 1995 1994 1987
f 1340 1357 1988
f 1357 1358 1996
f 1357 1996 1988
f 1988 1996 1989
f 1997 1996 1998
f 1997 1990 1996
f 1990 1989 1996
f 1990 1997 1991
f 1352 1992 1373
f 1373 1999 1375
f 1373 1992 1999
f 1992 1993 1999
f 1994 2000 1993
f 1993 2000 1999
f 1995 2001 2002
f 1995 2002 1994
f 1994 2002 2003
f 2002 2001 2004
f 1358 1380 2005
f 1996 1358 2005
f 2005 1998 1996
f 2006 1998 2005
f 1375 2007 1397
f 1999 2007 1375
f 2000 2008 1999
f 1999 2008 2007
f 2002 2009 2003
f 2003 2009 2008
f 2009 2002 2004
f 2010 2009 2004
f 1399 1400 2011
f 1401 1399 2011
f 2012 1401 2011
f 1402 1401 2012
f 2013 1402 2012
f 1380 1402 2013
f 1380 2013 2005
f 2005 2013 2014
f 2014 2006 2005
f 2015 2006 2014
f 1413 2016 1414
f 1415 2016 1413
f 2017 2016 1415
f 1397 2017 1415
f 1397 2007 2017
f 2007 2018 2017
f 2008 2019 2007
f 2007 2019 2018
f 2020 2021 2019
f 2020 2019 2009
f 2009 2019 2008
f 2009 2010 2020
f 1400 1418 2022
f 2011 1400 2022
f 2012 2011 2023
f 2011 2022 2023
f 2013 2012 2024
f 2012 2023 2024
f 2014 2013 2025
f 2013 2024 2025
f 2025 2015 2014
f 2026 2015 2025
f 1414 2016 1425
f 1425 2027 1427
f 1425 2016 2027
f 2016 2017 2027
f 2018 2028 2017
f 2017 2028 2027
f 1430 2019 1428
f 1430 2028 2019
f 2028 2018 2019
f 1428 2019 2021
f 1428 2021 1431
f 1431 2021 2029
f 2030 2031 2032
f 2031 2030 2033
f 1433 1434 2034
f 1436 1435 2022
f 1436 2022 2034
f 1418 1433 2022
f 1433 2034 2022
f 2023 2022 1435
f 1439 2023 1435
f 1439 1440 2035
f 1439 2035 2023
f 2023 2035 2024
f 2025 2024 2036
f 2024 2035 2036
f 2037 2026 2025
f 2038 2026 2037
f 1427 2039 1447
f 2027 2039 1427
f 2028 2040 2027
f 2027 2040 2039
f 1449 2028 1430
f 2040 2028 1449
f 1431 2029 1450
f 1450 2029 2041
f 2031 2042 2043
f 2032 2031 2043
f 2042 2031 2033
f 2044 2042 2033
f 1434 1452 2045
f 2034 1434 2045
f 1453 1436 2034
f 2045 1453 2034
f 1440 1456 2046
f 2035 1440 2046
f 2036 2035 2047
f 2035 2046 2047
f 2047 2038 2037
f 2048 2038 2047
f 1447 2049 1465
f 2039 2049 1447
f 2040 2050 2039
f 2039 2050 2049
f 1466 2040 1449
f 1466 2051 2040
f 2051 2050 2040
f 2051 1466 1450
f 2051 1450 2052
f 2052 1450 2041
f 2042 2053 2054
f 2043 2042 2054
f 2053 2042 2044
f 2055 2053 2044
f 1452 1469 2045
f 1453 2045 1469
f 1456 1472 2056
f 2046 1456 2056
f 2047 2046 2057
f 2046 2056 2057
f 2048 2058 2059
f 2048 2047 2058
f 2047 2057 2058
f 2058 2060 2059
f 1478 2061 1479
f 1465 2061 1478
f 1465 2049 2061
f 2049 2062 2061
f 2050 2063 2049
f 2049 2063 2062
f 2064 2065 2063
f 2064 2063 2051
f 2051 2063 2050
f 2051 2052 2064
f 2053 2066 2067
f 2054 2053 2067
f 2066 2053 2055
f 2068 2066 2055
f 1472 1485 2056
f 1485 1486 2069
f 1485 2069 2056
f 2056 2069 2057
f 2058 2057 2070
f 2057 2069 2070
f 2070 2060 2058
f 2071 2060 2070
f 1479 2072 1494
f 2061 2072 1479
f 2062 2073 2061
f 2061 2073 2072
f 2063 2074 2062
f 2062 2074 2073
f 2074 2063 2065
f 2075 2074 2065
f 2076 2077 2078
f 2076 2067 2066
f 2076 2066 2077
f 2077 2066 2079
f 2079 2066 2068
f 2080 2079 2068
f 1499 1500 2081
f 1486 1499 2081
f 1486 2081 2069
f 2069 2081 2082
f 2083 2082 2084
f 2083 2070 2082
f 2070 2069 2082
f 2070 2083 2071
f 1514 2085 1515
f 1516 2085 1514
f 2086 2085 1516
f 1517 2086 1516
f 2087 2086 1517
f 1518 2087 1517
f 2088 2087 1518
f 1494 2088 1518
f 1494 2072 2088
f 2072 2089 2088
f 2073 2090 2072
f 2072 2090 2089
f 2074 2091 2073
f 2073 2091 2090
f 2091 2074 2075
f 2092 2091 2075
f 2077 2093 2094
f 2078 2077 2094
f 2079 2095 2077
f 2077 2095 2093
f 2095 2079 2080
f 2096 2095 2080
f 1500 1523 2097
f 2081 1500 2097
f 2082 2081 2098
f 2081 2097 2098
f 2098 2084 2082
f 2099 2084 2098
f 1536 2100 1537
f 1515 2100 1536
f 1515 2085 2100
f 2085 2101 2100
f 2086 2102 2085
f 2085 2102 2101
f 2087 2103 2086
f 2086 2103 2102
f 2088 2104 2087
f 2087 2104 2103
f 2089 2105 2088
f 2088 2105 2104
f 2090 2106 2089
f 2089 2106 2105
f 2091 2107 2090
f 2090 2107 2106
f 2107 2091 2092
f 2108 2107 2092
f 2093 2109 2094
f 2110 2109 2093
f 2110 2093 2111
f 2111 2093 2095
f 2111 2095 2096
f 2112 2111 2096
f 1523 1542 2097
f 1542 1543 2113
f 1542 2113 2097
f 2097 2113 2098
f 2099 2114 2115
f 2099 2098 2114
f 2098 2113 2114
f 2115 2116 2117
f 2114 2116 2115
f 2116 2118 2117
f 1550 2119 1551
f 1552 2119 1550
f 2120 2119 1552
f 1537 2120 1552
f 1537 2100 2120
f 2100 2121 2120
f 2101 2122 2100
f 2100 2122 2121
f 1555 2102 1553
f 1555 2122 2102
f 2122 2101 2102
f 1553 2123 1556
f 1553 2102 2123
f 2102 2103 2123
f 2104 2124 2103
f 2103 2124 2123
f 2105 2125 2104
f 2104 2125 2124
f 2106 2126 2105
f 2105 2126 2125
f 2107 2127 2106
f 2106 2127 2126
f 2108 2128 2129
f 2108 2129 2107
f 2107 2129 2127
f 2129 2128 2130
f 2111 2131 2110
f 2111 2112 2131
f 1543 1560 2113
f 1560 1561 2132
f 1560 2132 2113
f 2113 2132 2114
f 2116 2114 2133
f 2114 2132 2133
f 2118 2134 2135
f 2118 2116 2134
f 2116 2133 2134
f 2135 2136 2137
f 2134 2136 2135
f 2136 2138 2137
f 1563 2139 1564
f 1565 2139 1563
f 1568 2140 1569
f 1551 2140 1568
f 1551 2119 2140
f 2119 2141 2140
f 1572 2120 1570
f 1572 2141 2120
f 2141 2119 2120
f 2121 1570 2120
f 1573 1570 2121
f 2122 1573 2121
f 1575 1573 2122
f 1577 2142 1578
f 1555 1575 2122
f 1556 2142 1577
f 1556 2123 2142
f 2123 2143 2142
f 2124 2144 2123
f 2123 2144 2143
f 2125 2145 2124
f 2124 2145 2144
f 2126 2146 2125
f 2125 2146 2145
f 2127 2147 2126
f 2126 2147 2146
f 2129 2148 2127
f 2127 2148 2147
f 2148 2129 2130
f 2149 2148 2130
f 1561 1581 2150
f 2132 1561 2150
f 2133 2132 2151
f 2132 2150 2151
f 2134 2133 2152
f 2133 2151 2152
f 2136 2134 2153
f 2134 2152 2153
f 2153 2138 2136
f 2154 2138 2153
f 1564 2155 1583
f 2139 2155 1564
f 1585 2139 1565
f 2155 2139 1585
f 1569 2156 1587
f 2140 2156 1569
f 1590 2141 1588
f 1590 2156 2141
f 2156 2140 2141
f 1572 1588 2141
f 2157 1593 1592
f 2158 1593 2157
f 1594 2159 1592
f 2159 2157 1592
f 1578 2159 1594
f 1578 2160 2159
f 1578 2142 2160
f 2160 2161 2159
f 2143 2162 2142
f 2142 2162 2160
f 2144 2163 2143
f 2143 2163 2162
f 2145 2164 2144
f 2144 2164 2163
f 2146 2165 2145
f 2145 2165 2164
f 2147 2166 2146
f 2146 2166 2165
f 2167 2168 2166
f 2167 2166 2148
f 2148 2166 2147
f 2148 2149 2167
f 1581 1595 2169
f 2150 1581 2169
f 2151 2150 2170
f 2150 2169 2170
f 2152 2151 2171
f 2151 2170 2171
f 2153 2152 2172
f 2152 2171 2172
f 2154 2173 2174
f 2154 2153 2173
f 2153 2172 2173
f 2174 2175 2176
f 2173 2175 2174
f 2175 2177 2176
f 2178 1583 2155
f 2178 2179 1583
f 2179 1598 1583
f 2155 2180 2178
f 1585 2180 2155
f 1585 2181 2180
f 1585 1599 2181
f 1600 2181 1599
f 2182 1587 2156
f 2182 2183 1587
f 2183 1602 1587
f 2156 2184 2182
f 2156 1590 2184
f 1590 1604 2184
f 1593 2158 1606
f 1606 2158 2185
f 2160 2186 2187
f 2161 2160 2187
f 2162 2188 2160
f 2160 2188 2186
f 2163 2189 2162
f 2162 2189 2188
f 2164 2190 2163
f 2163 2190 2189
f 2165 2191 2164
f 2164 2191 2190
f 2192 2193 2191
f 2192 2191 2166
f 2166 2191 2165
f 2166 2168 2192
f 1595 1607 2169
f 2170 2169 1607
f 1608 2170 1607
f 2171 2170 1608
f 1610 2171 1608
f 2172 2171 1610
f 1612 2172 1610
f 1612 1613 2194
f 1612 2194 2172
f 2172 2194 2173
f 2175 2173 2195
f 2173 2194 2195
f 2177 2196 2197
f 2177 2175 2196
f 2175 2195 2196
f 2197 2198 2199
f 2196 2198 2197
f 2199 2200 2201
f 2198 2200 2199
f 2200 2202 2201
f 1628 2203 1629
f 1630 2203 1628
f 2204 2203 1630
f 2204 2205 2206
f 2204 1630 2205
f 1630 1631 2205
f 1598 2179 2205
f 1631 1598 2205
f 2181 2207 2180
f 2181 2208 2207
f 1600 2208 2181
f 1600 2209 2208
f 1600 1632 2209
f 2209 1632 1602
f 2209 1602 2210
f 2210 1602 2183
f 1604 1634 2184
f 1634 2211 2184
f 2212 1636 1635
f 2213 1636 2212
f 1606 2185 2212
f 1635 1606 2212
f 2186 2214 2215
f 2187 2186 2215
f 2188 2216 2186
f 2186 2216 2214
f 2189 2217 2188
f 2188 2217 2216
f 2218 2219 2217
f 2218 2217 2190
f 2190 2217 2189
f 2190 2191 2220
f 2218 2190 2220
f 2191 2193 2220
f 1613 1637 2194
f 2195 2194 1637
f 1639 2195 1637
f 2196 2195 1639
f 1640 2196 1639
f 2198 2196 1640
f 1641 2198 1640
f 2200 2198 1641
f 1642 2200 1641
f 2202 2200 1642
f 2202 1642 2221
f 2221 1642 1644
f 2222 1644 1645
f 2222 2223 1644
f 2223 2221 1644
f 2223 2224 2225
f 2222 2224 2223
f 2225 2226 2227
f 2224 2226 2225
f 2227 2228 2229
f 2226 2228 2227
f 2229 2230 2231
f 2228 2230 2229
f 2230 2232 2231
f 1657 2233 1658
f 1659 2233 1657
f 2234 2233 1659
f 1660 2234 1659
f 1663 2235 1664
f 1665 2235 1663
f 2236 2235 1665
f 1666 2236 1665
f 2237 2236 1666
f 1667 2237 1666
f 2238 2237 1667
f 1668 2238 1667
f 2239 2238 1668
f 1669 2239 1668
f 2240 2239 1669
f 1670 2240 1669
f 2241 2240 1670
f 1671 2241 1670
f 2242 2241 1671
f 2242 2243 2244
f 2242 1671 2243
f 1671 1672 2243
f 1673 2245 1672
f 2245 2243 1672
f 1674 2246 1673
f 2246 2245 1673
f 1629 2203 2247
f 1629 2247 1674
f 1674 2247 2246
f 2203 2204 2248
f 2247 2203 2248
f 2204 2206 2248
f 2209 2249 2208
f 2209 2210 2249
f 1675 2250 2251
f 1675 2251 1634
f 1634 2251 2211
f 2250 1675 1636
f 2250 1636 2252
f 2252 1636 2213
f 2253 2254 2255
f 2253 2215 2214
f 2253 2214 2254
f 2254 2214 2256
f 2257 2258 2256
f 2257 2256 2216
f 2216 2256 2214
f 2216 2217 2259
f 2257 2216 2259
f 2217 2219 2259
f 1645 1676 2222
f 2224 2222 1676
f 1677 2224 1676
f 2226 2224 1677
f 1678 2226 1677
f 2228 2226 1678
f 1679 2228 1678
f 2230 2228 1679
f 1680 2230 1679
f 2232 2230 1680
f 2232 1680 2260
f 2260 1680 1681
f 1682 2261 1681
f 2261 2260 1681
f 1683 2262 1682
f 2262 2261 1682
f 1684 2263 1683
f 2263 2262 1683
f 1685 2264 1684
f 2264 2263 1684
f 2265 1686 2266
f 2265 2264 1686
f 2264 1685 1686
f 1687 2266 1686
f 2267 2266 1687
f 1688 2267 1687
f 2268 2267 1688
f 1689 2268 1688
f 2269 2268 1689
f 1690 2269 1689
f 1701 2270 1702
f 1703 2270 1701
f 2271 2270 1703
f 1704 2271 1703
f 2272 2271 1704
f 1705 2272 1704
f 2273 2272 1705
f 1658 2273 1705
f 1658 2233 2273
f 2233 2274 2273
f 2234 2275 2233
f 2233 2275 2274
f 1706 2234 1660
f 1706 2276 2234
f 2276 2275 2234
f 1707 2276 1706
f 2277 2276 1707
f 1664 2277 1707
f 1664 2235 2277
f 2235 2278 2277
f 2279 2280 2278
f 2279 2278 2236
f 2236 2278 2235
f 2236 2237 2281
f 2279 2236 2281
f 2237 2238 2282
f 2281 2237 2282
f 2238 2239 2283
f 2282 2238 2283
f 2239 2240 2284
f 2283 2239 2284
f 2240 2241 2285
f 2284 2240 2285
f 2241 2242 2286
f 2285 2241 2286
f 2242 2244 2286
f 2250 2287 2251
f 2250 2252 2287
f 2254 2288 2255
f 2254 2256 2289
f 2288 2254 2289
f 2256 2258 2289
f 2266 2290 2265
f 2266 2267 2291
f 2290 2266 2291
f 2267 2268 2292
f 2291 2267 2292
f 2268 2269 2293
f 2292 2268 2293
f 2269 1690 1708
f 2269 1708 2293
f 2293 1708 2294
f 1709 2295 1708
f 2295 2294 1708
f 1710 2296 1709
f 2296 2295 1709
f 1711 2297 1710
f 2297 2296 1710
f 1712 2298 1711
f 2298 2297 1711
f 1713 2299 1712
f 2299 2298 1712
f 1714 2300 1713
f 2300 2299 1713
f 1715 2301 1714
f 2301 2300 1714
f 1716 2302 1715
f 2302 2301 1715
f 1717 2303 1716
f 2303 2302 1716
f 1702 2270 2304
f 1702 2304 1717
f 1717 2304 2303
f 2270 2271 2305
f 2304 2270 2305
f 2271 2272 2306
f 2305 2271 2306
f 2272 2273 2307
f 2306 2272 2307
f 2273 2274 2308
f 2307 2273 2308
f 2274 2275 2309
f 2308 2274 2309
f 2275 2276 2310
f 2309 2275 2310
f 2276 2277 2311
f 2310 2276 2311
f 2277 2278 2312
f 2311 2277 2312
f 2278 2280 2312
f 2313 2314 2315
f 2314 2313 2316
f 2317 2318 2319
f 2317 2315 2314
f 2317 2314 2318
f 2318 2314 2320
f 2320 2314 2316
f 2321 2320 2316
f 2318 2322 2319
f 2318 2320 2323
f 2322 2318 2323
f 2320 2321 2323
f 2324 2325 2326
f 2324 2327 2328
f 2325 2324 2328
f 2327 2329 2330
f 2328 2327 2330
f 2330 2329 2331
f 2332 2333 2334
f 1720 2333 2332
f 1720 2332 1718
f 1718 2332 2335
f 2325 2335 2326
f 2325 1721 2335
f 1721 1718 2335
f 1721 2336 1723
f 1721 2325 2336
f 2325 2328 2336
f 2330 2337 2328
f 2328 2337 2336
f 2331 2338 2339
f 2331 2339 2330
f 2330 2339 2337
f 2339 2338 2340
f 2333 2341 2342
f 2334 2333 2342
f 1725 2333 1720
f 2341 2333 1725
f 1723 2336 1727
f 2337 1727 2336
f 1729 1727 2337
f 1729 2343 1731
f 1729 2337 2343
f 2337 2339 2343
f 2340 2344 2345
f 2340 2345 2339
f 2339 2345 2343
f 2344 2346 2347
f 2345 2344 2347
f 2346 2348 2349
f 2347 2346 2349
f 2349 2348 2350
f 2341 2351 2352
f 2342 2341 2352
f 1733 2341 1725
f 2351 2341 1733
f 1735 2353 1736
f 1737 2353 1735
f 2354 2353 1737
f 1731 2354 1737
f 1731 2343 2354
f 2343 2355 2354
f 2345 2356 2343
f 2343 2356 2355
f 2347 2357 2345
f 2345 2357 2356
f 2349 2358 2347
f 2347 2358 2357
f 2350 2359 2360
f 2350 2360 2349
f 2349 2360 2358
f 2359 2361 2362
f 2360 2359 2362
f 2361 2363 2364
f 2362 2361 2364
f 2363 2365 2366
f 2364 2363 2366
f 2365 2367 2368
f 2366 2365 2368
f 2367 2369 2370
f 2368 2367 2370
f 2370 2369 2371
f 2351 2372 2352
f 2351 2373 2372
f 2351 1733 2373
f 1733 1739 2373
f 1740 2374 1741
f 1736 2353 1744
f 1740 1742 2374
f 2354 1744 2353
f 1745 1744 2354
f 2355 1745 2354
f 1747 1745 2355
f 2356 1747 2355
f 1749 1747 2356
f 2357 1749 2356
f 1751 1749 2357
f 2358 1751 2357
f 1753 1751 2358
f 2360 1753 2358
f 1755 1753 2360
f 2362 1755 2360
f 1757 1755 2362
f 2364 1757 2362
f 1759 1757 2364
f 1759 2375 1761
f 1759 2364 2375
f 2364 2366 2375
f 2368 2376 2366
f 2366 2376 2375
f 2370 2377 2368
f 2368 2377 2376
f 2371 2378 2379
f 2371 2379 2370
f 2370 2379 2377
f 2378 2380 2381
f 2379 2378 2381
f 2380 2382 2383
f 2381 2380 2383
f 2382 2384 2385
f 2383 2382 2385
f 2384 2386 2387
f 2385 2384 2387
f 2387 2386 2388
f 1762 2389 2390
f 1762 2390 1739
f 1739 2390 2373
f 1741 2389 1762
f 1741 2374 2389
f 2374 2391 2389
f 1764 2374 1742
f 2391 2374 1764
f 1761 2375 1773
f 2376 1773 2375
f 1775 1773 2376
f 2377 1775 2376
f 1777 1775 2377
f 2379 1777 2377
f 1779 1777 2379
f 1779 2392 1781
f 1779 2379 2392
f 2379 2381 2392
f 2383 2393 2381
f 2381 2393 2392
f 2385 2394 2383
f 2383 2394 2393
f 2387 2395 2385
f 2385 2395 2394
f 2395 2387 2388
f 2396 2395 2388
f 2389 2397 2398
f 2390 2389 2398
f 2391 2399 2389
f 2389 2399 2397
f 1783 2391 1764
f 2399 2391 1783
f 1781 2392 1796
f 1796 2400 1798
f 1796 2392 2400
f 2392 2393 2400
f 2394 2401 2393
f 2393 2401 2400
f 2395 2402 2394
f 2394 2402 2401
f 2402 2395 2396
f 2403 2402 2396
f 2397 2404 2398
f 2397 2399 2405
f 2404 2397 2405
f 2399 2406 2405
f 1783 2406 2399
f 1783 2407 2406
f 1783 1799 2407
f 1800 2407 1799
f 2408 2407 1800
f 1801 2408 1800
f 2409 2408 1801
f 1802 2409 1801
f 1798 2410 1813
f 2400 2410 1798
f 2401 2411 2400
f 2400 2411 2410
f 2402 2412 2401
f 2401 2412 2411
f 2412 2402 2403
f 2413 2412 2403
f 1820 1819 2414
f 1821 1820 2414
f 2415 1821 2414
f 1822 1821 2415
f 2416 1822 2415
f 1823 1822 2416
f 2417 1823 2416
f 1824 1823 2417
f 2418 1824 2417
f 1825 1824 2418
f 2419 1825 2418
f 1826 1825 2419
f 2420 1826 2419
f 1827 1826 2420
f 2421 1827 2420
f 2421 2422 2423
f 2421 2423 1827
f 1827 2423 1828
f 1829 1828 2424
f 2424 1828 2423
f 1830 1829 2425
f 2425 1829 2424
f 1831 1830 2426
f 2426 1830 2425
f 1832 1831 2427
f 2427 1831 2426
f 1833 1832 2428
f 2428 1832 2427
f 1834 1833 2429
f 2429 1833 2428
f 1835 1834 2430
f 2430 1834 2429
f 1836 1835 2431
f 2431 1835 2430
f 1837 1836 2432
f 2432 1836 2431
f 1838 1837 2433
f 2433 1837 2432
f 1839 1838 2434
f 2434 1838 2433
f 1840 1839 2435
f 2435 1839 2434
f 1842 1840 2436
f 2436 1840 2435
f 1843 1842 2437
f 2437 1842 2436
f 1845 1843 2438
f 2438 1843 2437
f 1847 1845 2439
f 2439 1845 2438
f 1849 1847 2440
f 2440 1847 2439
f 1851 1849 2441
f 2441 1849 2440
f 1853 1851 2442
f 2442 1851 2441
f 1855 1853 2443
f 2443 1853 2442
f 1857 1855 2444
f 2444 1855 2443
f 1859 1857 2445
f 2445 1857 2444
f 1861 1859 2446
f 2446 1859 2445
f 2447 1863 1861
f 2447 1861 2448
f 2448 1861 2446
f 2448 2449 2450
f 2447 2448 2450
f 2449 2451 2452
f 2450 2449 2452
f 2451 2453 2454
f 2452 2451 2454
f 2454 2453 2455
f 2407 2456 2457
f 2406 2407 2457
f 2408 2458 2407
f 2407 2458 2456
f 2409 2459 2408
f 2408 2459 2458
f 1865 2409 1802
f 2459 2409 1865
f 1813 2460 1874
f 2410 2460 1813
f 2411 2461 2410
f 2410 2461 2460
f 2412 2462 2411
f 2411 2462 2461
f 2462 2412 2413
f 2463 2462 2413
f 1882 1881 2464
f 1883 1882 2464
f 2465 1883 2464
f 1884 1883 2465
f 2466 1884 2465
f 1885 1884 2466
f 2467 1885 2466
f 1886 1885 2467
f 2468 1886 2467
f 2468 2469 2470
f 2468 2470 1886
f 1886 2470 1887
f 1819 2471 2414
f 1819 1887 2471
f 1887 2470 2471
f 2414 2472 2415
f 2471 2472 2414
f 2415 2473 2416
f 2472 2473 2415
f 2416 2474 2417
f 2473 2474 2416
f 2417 2475 2418
f 2474 2475 2417
f 2418 2476 2419
f 2475 2476 2418
f 2419 2477 2420
f 2476 2477 2419
f 2420 2478 2421
f 2477 2478 2420
f 2421 2478 2422
f 1863 2447 1888
f 2450 1888 2447
f 1889 1888 2450
f 2452 1889 2450
f 1890 1889 2452
f 2454 1890 2452
f 1892 1890 2454
f 2455 1892 2454
f 2455 2479 1892
f 2479 1893 1892
f 1895 1893 2480
f 2480 1893 2479
f 2481 1897 1895
f 2481 1895 2482
f 2482 1895 2480
f 2481 2482 2483
f 2456 2484 2485
f 2457 2456 2485
f 2458 2486 2456
f 2456 2486 2484
f 2459 2487 2458
f 2458 2487 2486
f 1899 2459 1865
f 2487 2459 1899
f 1874 2460 1906
f 1906 2488 1908
f 1906 2460 2488
f 2460 2461 2488
f 2462 2489 2461
f 2461 2489 2488
f 2489 2462 2463
f 2490 2489 2463
f 1914 1915 2491
f 1881 1914 2491
f 1881 2491 2464
f 2464 2491 2492
f 2465 2464 2493
f 2464 2492 2493
f 2494 2493 2495
f 2494 2466 2493
f 2466 2465 2493
f 2466 2496 2467
f 2494 2496 2466
f 2467 2497 2468
f 2496 2497 2467
f 2468 2497 2469
f 1897 2481 1917
f 2483 1917 2481
f 2483 2498 1917
f 2498 1919 1917
f 2499 1921 1919
f 2499 1919 2500
f 2500 1919 2498
f 2500 2501 2502
f 2499 2500 2502
f 2501 2503 2504
f 2502 2501 2504
f 2503 2485 2484
f 2503 2484 2504
f 2504 2484 2505
f 2486 2506 2484
f 2484 2506 2505
f 2487 2507 2486
f 2486 2507 2506
f 1923 2487 1899
f 2507 2487 1923
f 1908 2508 1930
f 2488 2508 1908
f 2509 2510 2508
f 2509 2508 2489
f 2489 2508 2488
f 2489 2490 2509
f 1936 1937 2511
f 1915 1936 2511
f 1915 2511 2491
f 2491 2511 2512
f 2492 2491 2513
f 2491 2512 2513
f 2493 2492 2514
f 2492 2513 2514
f 2514 2495 2493
f 2515 2495 2514
f 1921 2499 1938
f 2502 1938 2499
f 1940 1938 2502
f 1940 2516 1941
f 1940 2502 2516
f 2502 2504 2516
f 2505 2517 2504
f 2504 2517 2516
f 2506 2518 2505
f 2505 2518 2517
f 2507 2519 2506
f 2506 2519 2518
f 1943 2507 1923
f 2519 2507 1943
f 1930 2520 1950
f 2508 2520 1930
f 2520 2508 2510
f 2521 2520 2510
f 1955 1956 2522
f 1957 1955 2522
f 2523 1957 2522
f 1937 1957 2523
f 1937 2523 2511
f 2511 2523 2524
f 2512 2511 2525
f 2511 2524 2525
f 2513 2512 2526
f 2512 2525 2526
f 2514 2513 2527
f 2513 2526 2527
f 2527 2515 2514
f 2528 2515 2527
f 1941 2516 1958
f 1958 2529 1959
f 1958 2516 2529
f 2516 2517 2529
f 2518 2530 2517
f 2517 2530 2529
f 1962 2519 1960
f 1962 2530 2519
f 2530 2518 2519
f 1943 1960 2519
f 1950 2531 1965
f 2520 2531 1950
f 2531 2520 2521
f 2532 2531 2521
f 1969 1970 2533
f 1971 1969 2533
f 2534 1971 2533
f 1956 1971 2534
f 1956 2534 2522
f 2522 2534 2535
f 2523 2522 2536
f 2522 2535 2536
f 2524 2523 2537
f 2523 2536 2537
f 2525 2524 2538
f 2524 2537 2538
f 2526 2525 2539
f 2525 2538 2539
f 2527 2526 2540
f 2526 2539 2540
f 2540 2528 2527
f 2541 2528 2540
f 1959 2529 1972
f 2530 1972 2529
f 1973 1972 2530
f 1962 1973 2530
f 1965 2542 1975
f 2531 2542 1965
f 2542 2531 2532
f 2543 2542 2532
f 1970 1979 2544
f 2533 1970 2544
f 2534 2533 2545
f 2533 2544 2545
f 2535 2534 2546
f 2534 2545 2546
f 2536 2535 2547
f 2535 2546 2547
f 2537 2536 2548
f 2536 2547 2548
f 2538 2537 2549
f 2537 2548 2549
f 2539 2538 2550
f 2538 2549 2550
f 2551 2550 2552
f 2551 2540 2550
f 2540 2539 2550
f 2540 2551 2541
f 1975 2553 1981
f 2542 2553 1975
f 2553 2542 2543
f 2554 2553 2543
f 1979 1985 2555
f 2544 1979 2555
f 2545 2544 2556
f 2544 2555 2556
f 2546 2545 2557
f 2545 2556 2557
f 2547 2546 2558
f 2546 2557 2558
f 2548 2547 2559
f 2547 2558 2559
f 2549 2548 2560
f 2548 2559 2560
f 2550 2549 2561
f 2549 2560 2561
f 2561 2552 2550
f 2562 2552 2561
f 1981 2563 1987
f 2553 2563 1981
f 2554 2564 2565
f 2554 2565 2553
f 2553 2565 2563
f 2564 2566 2567
f 2565 2564 2567
f 2567 2566 2568
f 1985 1991 2569
f 2555 1985 2569
f 2556 2555 2570
f 2555 2569 2570
f 2557 2556 2571
f 2556 2570 2571
f 2558 2557 2572
f 2557 2571 2572
f 2559 2558 2573
f 2558 2572 2573
f 2560 2559 2574
f 2559 2573 2574
f 2561 2560 2575
f 2560 2574 2575
f 2575 2562 2561
f 2576 2562 2575
f 1987 2577 1995
f 2563 2577 1987
f 2565 2578 2563
f 2563 2578 2577
f 2567 2579 2565
f 2565 2579 2578
f 2579 2567 2568
f 2580 2579 2568
f 1997 1998 2581
f 1991 1997 2581
f 1991 2581 2569
f 2569 2581 2582
f 2570 2569 2583
f 2569 2582 2583
f 2571 2570 2584
f 2570 2583 2584
f 2572 2571 2585
f 2571 2584 2585
f 2586 2585 2587
f 2586 2573 2585
f 2573 2572 2585
f 2573 2588 2574
f 2586 2588 2573
f 2574 2589 2575
f 2588 2589 2574
f 2575 2589 2576
f 1995 2577 2001
f 2001 2590 2004
f 2001 2577 2590
f 2577 2578 2590
f 2579 2591 2578
f 2578 2591 2590
f 2591 2579 2580
f 2592 2591 2580
f 2593 2594 2595
f 2593 2596 2597
f 2594 2593 2597
f 2597 2596 2598
f 1998 2006 2599
f 2581 1998 2599
f 2582 2581 2600
f 2581 2599 2600
f 2583 2582 2601
f 2582 2600 2601
f 2584 2583 2602
f 2583 2601 2602
f 2603 2602 2604
f 2603 2585 2602
f 2585 2584 2602
f 2585 2603 2587
f 2004 2605 2010
f 2590 2605 2004
f 2591 2606 2590
f 2590 2606 2605
f 2606 2591 2592
f 2607 2606 2592
f 2594 2608 2609
f 2595 2594 2609
f 2597 2610 2594
f 2594 2610 2608
f 2610 2597 2598
f 2611 2610 2598
f 2006 2015 2612
f 2599 2006 2612
f 2600 2599 2613
f 2599 2612 2613
f 2601 2600 2614
f 2600 2613 2614
f 2602 2601 2615
f 2601 2614 2615
f 2604 2616 2617
f 2604 2602 2616
f 2602 2615 2616
f 2617 2618 2619
f 2616 2618 2617
f 2618 2620 2619
f 2020 2621 2021
f 2010 2621 2020
f 2010 2605 2621
f 2605 2622 2621
f 2606 2623 2605
f 2605 2623 2622
f 2623 2606 2607
f 2624 2623 2607
f 2608 2625 2626
f 2609 2608 2626
f 2610 2627 2608
f 2608 2627 2625
f 2627 2610 2611
f 2628 2627 2611
f 2015 2026 2629
f 2612 2015 2629
f 2613 2612 2630
f 2612 2629 2630
f 2614 2613 2631
f 2613 2630 2631
f 2615 2614 2632
f 2614 2631 2632
f 2616 2615 2633
f 2615 2632 2633
f 2634 2633 2635
f 2634 2618 2633
f 2618 2616 2633
f 2620 2618 2634
f 2636 2637 2638
f 2636 2639 2640
f 2638 2639 2636
f 2639 2641 2640
f 2021 2642 2029
f 2621 2642 2021
f 2032 2622 2030
f 2032 2642 2622
f 2642 2621 2622
f 2030 2643 2033
f 2030 2622 2643
f 2622 2623 2643
f 2643 2623 2624
f 2644 2643 2624
f 2625 2645 2626
f 2625 2627 2646
f 2645 2625 2646
f 2627 2628 2646
f 2026 2038 2647
f 2629 2026 2647
f 2630 2629 2648
f 2629 2647 2648
f 2631 2630 2649
f 2630 2648 2649
f 2632 2631 2650
f 2631 2649 2650
f 2633 2632 2651
f 2632 2650 2651
f 2651 2635 2633
f 2652 2635 2651
f 2638 2653 2654
f 2637 2653 2638
f 2655 2654 2656
f 2655 2639 2654
f 2639 2638 2654
f 2639 2655 2641
f 2029 2657 2041
f 2642 2657 2029
f 2043 2642 2032
f 2657 2642 2043
f 2033 2658 2044
f 2643 2658 2033
f 2658 2643 2644
f 2659 2658 2644
f 2038 2048 2660
f 2647 2038 2660
f 2648 2647 2661
f 2647 2660 2661
f 2649 2648 2662
f 2648 2661 2662
f 2650 2649 2663
f 2649 2662 2663
f 2651 2650 2664
f 2650 2663 2664
f 2664 2652 2651
f 2665 2652 2664
f 2654 2666 2667
f 2653 2666 2654
f 2667 2656 2654
f 2668 2656 2667
f 2041 2669 2052
f 2657 2669 2041
f 2054 2657 2043
f 2669 2657 2054
f 2044 2670 2055
f 2658 2670 2044
f 2670 2658 2659
f 2671 2670 2659
f 2048 2059 2660
f 2059 2060 2672
f 2059 2672 2660
f 2660 2672 2661
f 2662 2661 2673
f 2661 2672 2673
f 2663 2662 2674
f 2662 2673 2674
f 2664 2663 2675
f 2663 2674 2675
f 2675 2665 2664
f 2676 2665 2675
f 2667 2677 2678
f 2666 2677 2667
f 2678 2668 2667
f 2679 2668 2678
f 2064 2680 2065
f 2052 2680 2064
f 2052 2669 2680
f 2669 2681 2680
f 2067 2669 2054
f 2681 2669 2067
f 2055 2682 2068
f 2670 2682 2055
f 2682 2670 2671
f 2683 2682 2671
f 2060 2071 2684
f 2672 2060 2684
f 2673 2672 2685
f 2672 2684 2685
f 2674 2673 2686
f 2673 2685 2686
f 2675 2674 2687
f 2674 2686 2687
f 2676 2688 2689
f 2676 2675 2688
f 2675 2687 2688
f 2689 2678 2677
f 2689 2688 2678
f 2688 2690 2678
f 2679 2691 2692
f 2679 2678 2691
f 2678 2690 2691
f 2691 2693 2692
f 2065 2694 2075
f 2680 2694 2065
f 2078 2681 2076
f 2078 2694 2681
f 2694 2680 2681
f 2067 2076 2681
f 2068 2695 2080
f 2682 2695 2068
f 2695 2682 2683
f 2696 2695 2683
f 2083 2084 2697
f 2071 2083 2697
f 2071 2697 2684
f 2684 2697 2698
f 2685 2684 2699
f 2684 2698 2699
f 2686 2685 2700
f 2685 2699 2700
f 2687 2686 2701
f 2686 2700 2701
f 2702 2701 2703
f 2702 2688 2701
f 2688 2687 2701
f 2688 2704 2690
f 2702 2704 2688
f 2690 2705 2691
f 2704 2705 2690
f 2691 2705 2693
f 2075 2706 2092
f 2694 2706 2075
f 2094 2694 2078
f 2706 2694 2094
f 2080 2707 2096
f 2695 2707 2080
f 2707 2695 2696
f 2708 2707 2696
f 2084 2099 2709
f 2697 2084 2709
f 2698 2697 2710
f 2697 2709 2710
f 2699 2698 2711
f 2698 2710 2711
f 2700 2699 2712
f 2699 2711 2712
f 2701 2700 2713
f 2700 2712 2713
f 2713 2703 2701
f 2714 2703 2713
f 2715 2716 2717
f 2717 2718 2715
f 2092 2719 2108
f 2706 2719 2092
f 2109 2706 2094
f 2109 2720 2706
f 2720 2719 2706
f 2110 2720 2109
f 2096 2721 2112
f 2707 2721 2096
f 2721 2707 2708
f 2722 2721 2708
f 2099 2115 2709
f 2710 2709 2115
f 2117 2710 2115
f 2117 2118 2723
f 2117 2723 2710
f 2710 2723 2711
f 2712 2711 2724
f 2711 2723 2724
f 2713 2712 2725
f 2712 2724 2725
f 2714 2726 2727
f 2714 2713 2726
f 2713 2725 2726
f 2727 2717 2716
f 2727 2726 2717
f 2726 2728 2717
f 2718 2729 2730
f 2718 2717 2729
f 2717 2728 2729
f 2729 2731 2730
f 2108 2719 2128
f 2128 2732 2130
f 2128 2719 2732
f 2719 2720 2732
f 2131 2720 2110
f 2131 2733 2720
f 2733 2732 2720
f 2112 2733 2131
f 2112 2721 2733
f 2721 2734 2733
f 2734 2721 2722
f 2735 2734 2722
f 2118 2135 2723
f 2724 2723 2135
f 2137 2724 2135
f 2137 2138 2736
f 2137 2736 2724
f 2724 2736 2725
f 2726 2725 2737
f 2725 2736 2737
f 2728 2726 2738
f 2726 2737 2738
f 2729 2728 2739
f 2728 2738 2739
f 2731 2740 2741
f 2731 2729 2740
f 2729 2739 2740
f 2740 2742 2741
f 2743 2744 2745
f 2745 2746 2743
f 2130 2747 2149
f 2732 2747 2130
f 2733 2748 2732
f 2732 2748 2747
f 2749 2750 2748
f 2749 2748 2734
f 2734 2748 2733
f 2734 2735 2749
f 2138 2154 2751
f 2736 2138 2751
f 2737 2736 2752
f 2736 2751 2752
f 2738 2737 2753
f 2737 2752 2753
f 2739 2738 2754
f 2738 2753 2754
f 2740 2739 2755
f 2739 2754 2755
f 2742 2756 2757
f 2742 2740 2756
f 2740 2755 2756
f 2758 2745 2744
f 2759 2757 2756
f 2745 2758 2746
f 2157 2760 2158
f 2159 2760 2157
f 2761 2760 2159
f 2161 2761 2159
f 2167 2762 2168
f 2149 2762 2167
f 2149 2747 2762
f 2747 2763 2762
f 2748 2764 2747
f 2747 2764 2763
f 2764 2748 2750
f 2765 2764 2750
f 2154 2174 2751
f 2752 2751 2174
f 2176 2752 2174
f 2176 2177 2766
f 2176 2766 2752
f 2752 2766 2753
f 2754 2753 2767
f 2753 2766 2767
f 2755 2754 2768
f 2754 2767 2768
f 2756 2755 2769
f 2755 2768 2769
f 2759 2770 2771
f 2759 2756 2770
f 2756 2769 2770
f 2770 2772 2771
f 2773 2774 2775
f 2775 2776 2773
f 2178 2777 2179
f 2180 2777 2178
f 2182 2778 2183
f 2184 2778 2182
f 2779 2158 2760
f 2779 2780 2158
f 2780 2185 2158
f 2781 2779 2760
f 2781 2760 2782
f 2782 2760 2761
f 2187 2761 2161
f 2782 2761 2187
f 2192 2783 2193
f 2168 2783 2192
f 2168 2762 2783
f 2762 2784 2783
f 2763 2785 2762
f 2762 2785 2784
f 2786 2787 2785
f 2786 2785 2764
f 2764 2785 2763
f 2764 2765 2786
f 2177 2197 2766
f 2767 2766 2197
f 2199 2767 2197
f 2768 2767 2199
f 2201 2768 2199
f 2201 2202 2788
f 2201 2788 2768
f 2768 2788 2769
f 2770 2769 2789
f 2769 2788 2789
f 2772 2790 2791
f 2772 2770 2790
f 2770 2789 2790
f 2791 2775 2774
f 2791 2790 2775
f 2790 2792 2775
f 2776 2793 2794
f 2776 2775 2793
f 2775 2792 2793
f 2794 2795 2796
f 2793 2795 2794
f 2796 2797 2798
f 2795 2797 2796
f 2797 2799 2798
f 2800 2206 2205
f 2801 2206 2800
f 2179 2777 2802
f 2179 2802 2205
f 2205 2802 2800
f 2777 2180 2207
f 2777 2207 2802
f 2802 2207 2803
f 2804 2207 2208
f 2803 2207 2804
f 2183 2805 2210
f 2778 2805 2183
f 2211 2778 2184
f 2805 2778 2211
f 2806 2213 2212
f 2807 2213 2806
f 2806 2212 2808
f 2806 2808 2809
f 2212 2185 2808
f 2810 2808 2780
f 2185 2780 2808
f 2810 2781 2782
f 2810 2782 2808
f 2808 2782 2811
f 2215 2782 2187
f 2811 2782 2215
f 2218 2812 2219
f 2220 2812 2218
f 2813 2812 2220
f 2193 2813 2220
f 2193 2783 2813
f 2783 2814 2813
f 2815 2816 2814
f 2815 2814 2784
f 2784 2814 2783
f 2784 2785 2817
f 2815 2784 2817
f 2785 2787 2817
f 2202 2221 2788
f 2789 2788 2221
f 2223 2789 2221
f 2790 2789 2223
f 2225 2790 2223
f 2792 2790 2225
f 2227 2792 2225
f 2793 2792 2227
f 2229 2793 2227
f 2795 2793 2229
f 2231 2795 2229
f 2231 2232 2818
f 2231 2818 2795
f 2795 2818 2797
f 2799 2819 2820
f 2799 2797 2819
f 2797 2818 2819
f 2820 2821 2822
f 2819 2821 2820
f 2822 2823 2824
f 2821 2823 2822
f 2824 2825 2826
f 2823 2825 2824
f 2825 2827 2826
f 2243 2828 2244
f 2245 2828 2243
f 2829 2828 2245
f 2829 2830 2831
f 2829 2245 2830
f 2245 2246 2830
f 2247 2832 2246
f 2832 2830 2246
f 2248 2833 2247
f 2833 2832 2247
f 2206 2801 2833
f 2248 2206 2833
f 2249 2834 2804
f 2208 2249 2804
f 2210 2834 2249
f 2210 2835 2834
f 2210 2805 2835
f 2835 2836 2834
f 2251 2805 2211
f 2835 2805 2251
f 2213 2807 2252
f 2252 2807 2837
f 2808 2838 2839
f 2809 2808 2839
f 2255 2811 2253
f 2255 2838 2811
f 2838 2808 2811
f 2215 2253 2811
f 2257 2840 2258
f 2259 2840 2257
f 2841 2840 2259
f 2219 2841 2259
f 2219 2812 2841
f 2812 2842 2841
f 2843 2844 2842
f 2843 2842 2813
f 2813 2842 2812
f 2813 2814 2845
f 2843 2813 2845
f 2814 2816 2845
f 2232 2260 2818
f 2819 2818 2260
f 2261 2819 2260
f 2821 2819 2261
f 2262 2821 2261
f 2823 2821 2262
f 2263 2823 2262
f 2825 2823 2263
f 2264 2825 2263
f 2264 2827 2825
f 2264 2265 2827
f 2265 2846 2827
f 2847 2848 2849
f 2847 2850 2851
f 2849 2850 2847
f 2850 2852 2851
f 2279 2853 2280
f 2281 2853 2279
f 2854 2853 2281
f 2282 2854 2281
f 2855 2854 2282
f 2855 2856 2857
f 2855 2282 2856
f 2282 2283 2856
f 2284 2858 2283
f 2858 2856 2283
f 2859 2285 2860
f 2859 2858 2285
f 2858 2284 2285
f 2860 2861 2862
f 2860 2285 2861
f 2285 2286 2861
f 2244 2828 2863
f 2244 2863 2286
f 2286 2863 2861
f 2828 2829 2864
f 2863 2828 2864
f 2829 2831 2864
f 2835 2865 2866
f 2836 2835 2866
f 2251 2865 2835
f 2251 2867 2865
f 2251 2287 2867
f 2868 2865 2867
f 2252 2837 2867
f 2287 2252 2867
f 2838 2869 2870
f 2839 2838 2870
f 2288 2838 2255
f 2288 2871 2838
f 2871 2869 2838
f 2289 2871 2288
f 2872 2871 2289
f 2873 2874 2872
f 2840 2873 2872
f 2840 2872 2289
f 2840 2289 2258
f 2840 2841 2875
f 2873 2840 2875
f 2841 2842 2876
f 2875 2841 2876
f 2842 2844 2876
f 2290 2877 2846
f 2265 2290 2846
f 2291 2878 2290
f 2878 2877 2290
f 2849 2848 2878
f 2849 2878 2292
f 2292 2878 2291
f 2850 2849 2292
f 2293 2850 2292
f 2852 2850 2293
f 2852 2293 2879
f 2879 2293 2294
f 2295 2880 2294
f 2880 2879 2294
f 2296 2881 2295
f 2881 2880 2295
f 2297 2882 2296
f 2882 2881 2296
f 2298 2883 2297
f 2883 2882 2297
f 2884 2299 2885
f 2884 2883 2299
f 2883 2298 2299
f 2885 2886 2887
f 2885 2299 2886
f 2299 2300 2886
f 2301 2888 2300
f 2888 2886 2300
f 2302 2889 2301
f 2889 2888 2301
f 2303 2890 2302
f 2890 2889 2302
f 2304 2891 2303
f 2891 2890 2303
f 2305 2892 2304
f 2892 2891 2304
f 2306 2893 2305
f 2893 2892 2305
f 2307 2894 2306
f 2894 2893 2306
f 2308 2895 2307
f 2895 2894 2307
f 2309 2896 2308
f 2896 2895 2308
f 2310 2897 2309
f 2897 2896 2309
f 2311 2898 2310
f 2898 2897 2310
f 2312 2899 2311
f 2899 2898 2311
f 2280 2853 2900
f 2280 2900 2312
f 2312 2900 2899
f 2853 2854 2901
f 2900 2853 2901
f 2854 2855 2902
f 2901 2854 2902
f 2855 2857 2902
f 2860 2903 2859
f 2860 2862 2903
f 2865 2904 2905
f 2866 2865 2905
f 2904 2865 2868
f 2906 2904 2868
f 2869 2907 2870
f 2869 2871 2908
f 2907 2869 2908
f 2871 2872 2909
f 2908 2871 2909
f 2872 2874 2909
f 2885 2910 2884
f 2885 2887 2910
f 2911 2912 2913
f 2911 2905 2904
f 2911 2904 2912
f 2912 2904 2914
f 2914 2904 2906
f 2915 2914 2906
f 2916 2917 2918
f 2916 2919 2920
f 2917 2916 2920
f 2919 2921 2922
f 2920 2919 2922
f 2921 2923 2924
f 2922 2921 2924
f 2923 2925 2926
f 2924 2923 2926
f 2925 2927 2928
f 2926 2925 2928
f 2927 2929 2930
f 2928 2927 2930
f 2929 2931 2932
f 2930 2929 2932
f 2932 2931 2933
f 2912 2934 2935
f 2913 2912 2935
f 2914 2936 2912
f 2912 2936 2934
f 2936 2914 2915
f 2937 2936 2915
f 2938 2939 2940
f 2938 2941 2942
f 2939 2938 2942
f 2941 2918 2917
f 2941 2917 2942
f 2942 2917 2943
f 2920 2944 2917
f 2917 2944 2943
f 2945 2946 2944
f 2945 2944 2922
f 2922 2944 2920
f 2922 2924 2947
f 2945 2922 2947
f 2948 2947 2924
f 2948 2924 2949
f 2949 2924 2926
f 2928 2950 2926
f 2926 2950 2949
f 2951 2952 2950
f 2951 2950 2930
f 2930 2950 2928
f 2930 2932 2953
f 2951 2930 2953
f 2932 2933 2953
f 2934 2954 2955
f 2935 2934 2955
f 2956 2957 2954
f 2956 2954 2936
f 2936 2954 2934
f 2936 2937 2956
f 2939 2958 2940
f 2939 2942 2959
f 2958 2939 2959
f 2960 2959 2942
f 2960 2942 2961
f 2961 2942 2943
f 2962 2963 2961
f 2962 2961 2944
f 2944 2961 2943
f 2944 2946 2962
f 2949 2964 2948
f 2949 2950 2965
f 2964 2949 2965
f 2950 2952 2965
f 2954 2966 2967
f 2955 2954 2967
f 2966 2954 2957
f 2968 2966 2957
f 2961 2969 2960
f 2961 2963 2969
f 2966 2970 2967
f 2966 2968 2970
f 2971 2972 2973
f 2315 2972 2971
f 2315 2971 2313
f 2313 2971 2974
f 2975 2316 2313
f 2975 2313 2976
f 2976 2313 2974
f 2975 2976 2977
f 2972 2317 2319
f 2972 2319 2973
f 2973 2319 2978
f 2315 2317 2972
f 2316 2979 2321
f 2975 2979 2316
f 2979 2975 2977
f 2980 2979 2977
f 2981 2982 2983
f 2982 2981 2984
f 2322 2985 2986
f 2322 2986 2319
f 2319 2986 2978
f 2323 2985 2322
f 2987 2985 2323
f 2321 2987 2323
f 2321 2979 2987
f 2979 2988 2987
f 2980 2989 2324
f 2980 2324 2988
f 2980 2988 2979
f 2988 2324 2326
f 2327 2324 2990
f 2990 2324 2989
f 2982 2990 2983
f 2982 2329 2990
f 2329 2327 2990
f 2329 2982 2984
f 2329 2984 2331
f 2331 2984 2991
f 2985 2992 2993
f 2986 2985 2993
f 2334 2987 2332
f 2334 2992 2987
f 2992 2985 2987
f 2988 2332 2987
f 2335 2332 2988
f 2326 2335 2988
f 2338 2991 2994
f 2331 2991 2338
f 2995 2340 2338
f 2995 2338 2996
f 2996 2338 2994
f 2995 2996 2997
f 2992 2998 2999
f 2993 2992 2999
f 2342 2992 2334
f 2998 2992 2342
f 2340 2995 2344
f 2997 2344 2995
f 2997 3000 2344
f 3000 2346 2344
f 2348 2346 3001
f 3001 2346 3000
f 3002 2350 2348
f 3002 2348 3003
f 3003 2348 3001
f 3003 3004 3005
f 3002 3003 3005
f 3004 3006 3007
f 3005 3004 3007
f 3006 3008 3009
f 3007 3006 3009
f 3009 3008 3010
f 2998 3011 2999
f 2998 3012 3011
f 2998 2342 3012
f 2342 2352 3012
f 2350 3002 2359
f 3005 2359 3002
f 2361 2359 3005
f 3007 2361 3005
f 2363 2361 3007
f 3009 2363 3007
f 2365 2363 3009
f 3010 2365 3009
f 3010 3013 2365
f 3013 2367 2365
f 2369 2367 3014
f 3014 2367 3013
f 3015 2371 2369
f 3015 2369 3016
f 3016 2369 3014
f 3016 3017 3018
f 3015 3016 3018
f 3017 3019 3020
f 3018 3017 3020
f 3019 3021 3022
f 3020 3019 3022
f 3021 3023 3024
f 3022 3021 3024
f 3024 3023 3025
f 2372 3026 3027
f 2372 3027 2352
f 2352 3027 3012
f 2373 3026 2372
f 2371 3015 2378
f 3018 2378 3015
f 2380 2378 3018
f 3020 2380 3018
f 2382 2380 3020
f 3022 2382 3020
f 2384 2382 3022
f 3024 2384 3022
f 2386 2384 3024
f 2386 3024 3025
f 2386 3025 2388
f 2388 3025 3028
f 3026 3029 3027
f 3026 3030 3029
f 3026 2373 3030
f 2373 2390 3030
f 2388 3028 2396
f 2396 3028 3031
f 2390 2398 3030
f 2398 3032 3030
f 2396 3031 2403
f 2403 3031 3033
f 2404 3034 3032
f 2398 2404 3032
f 3035 2405 3036
f 3035 3034 2405
f 3034 2404 2405
f 2406 3036 2405
f 3037 3033 3038
f 3037 2413 3033
f 2413 2403 3033
f 3037 3038 3039
f 2423 2422 3040
f 2424 2423 3040
f 3041 2424 3040
f 2425 2424 3041
f 3042 2425 3041
f 2426 2425 3042
f 3043 2426 3042
f 2427 2426 3043
f 3044 2427 3043
f 2428 2427 3044
f 3045 2428 3044
f 2429 2428 3045
f 3046 2429 3045
f 2430 2429 3046
f 3047 2430 3046
f 2431 2430 3047
f 3048 2431 3047
f 2432 2431 3048
f 3049 2432 3048
f 2433 2432 3049
f 3050 2433 3049
f 2434 2433 3050
f 3051 2434 3050
f 2435 2434 3051
f 3052 2435 3051
f 3052 3053 3054
f 3052 3054 2435
f 2435 3054 2436
f 3055 3056 2437
f 3055 2437 3054
f 3054 2437 2436
f 2438 2437 3056
f 3057 2438 3056
f 3057 3058 3059
f 3057 3059 2438
f 2438 3059 2439
f 2440 2439 3060
f 3060 2439 3059
f 2441 2440 3061
f 3061 2440 3060
f 2442 2441 3062
f 3062 2441 3061
f 2443 2442 3063
f 3063 2442 3062
f 2444 2443 3064
f 3064 2443 3063
f 2445 2444 3065
f 3065 2444 3064
f 2446 2445 3066
f 3066 2445 3065
f 2448 2446 3067
f 3067 2446 3066
f 3068 3069 2449
f 3068 2449 3067
f 3067 2449 2448
f 3069 3070 3071
f 3069 3071 2449
f 2449 3071 2451
f 2453 2451 3072
f 3072 2451 3071
f 3073 2455 2453
f 3072 3073 2453
f 3036 3074 3035
f 3036 3075 3074
f 3036 2406 3075
f 2406 2457 3075
f 2413 3076 2463
f 3037 3076 2413
f 3076 3037 3039
f 3077 3076 3039
f 2470 2469 3078
f 2471 2470 3078
f 3079 2471 3078
f 2472 2471 3079
f 3080 2472 3079
f 2473 2472 3080
f 3081 2473 3080
f 2474 2473 3081
f 3082 2474 3081
f 2475 2474 3082
f 3083 2475 3082
f 2476 2475 3083
f 3084 2476 3083
f 2477 2476 3084
f 3085 2477 3084
f 3085 3086 3087
f 3085 3087 2477
f 2477 3087 2478
f 2422 3088 3040
f 2422 2478 3088
f 2478 3087 3088
f 3040 3089 3041
f 3088 3089 3040
f 3041 3090 3042
f 3089 3090 3041
f 3042 3091 3043
f 3090 3091 3042
f 3043 3092 3044
f 3091 3092 3043
f 3044 3093 3045
f 3092 3093 3044
f 3045 3094 3046
f 3093 3094 3045
f 3046 3095 3047
f 3094 3095 3046
f 3047 3096 3048
f 3095 3096 3047
f 3048 3097 3049
f 3096 3097 3048
f 3049 3098 3050
f 3097 3098 3049
f 3050 3099 3051
f 3098 3099 3050
f 3051 3100 3052
f 3099 3100 3051
f 3052 3100 3053
f 3056 3055 3101
f 3056 3102 3057
f 3101 3102 3056
f 3057 3102 3058
f 3069 3068 3103
f 3069 3103 3070
f 2479 3073 3104
f 2455 3073 2479
f 2480 2479 3105
f 3105 2479 3104
f 2482 2480 3106
f 3106 2480 3105
f 3107 2483 2482
f 3106 3107 2482
f 3108 3109 3110
f 3108 3111 3112
f 3109 3108 3112
f 3111 2485 3112
f 3111 3075 2485
f 3075 2457 2485
f 2463 3113 2490
f 3076 3113 2463
f 3113 3076 3077
f 3114 3113 3077
f 2494 2495 3115
f 2496 2494 3115
f 3116 2496 3115
f 2497 2496 3116
f 3117 2497 3116
f 2469 2497 3117
f 2469 3117 3078
f 3078 3117 3118
f 3079 3078 3119
f 3078 3118 3119
f 3080 3079 3120
f 3079 3119 3120
f 3081 3080 3121
f 3080 3120 3121
f 3082 3081 3122
f 3081 3121 3122
f 3083 3082 3123
f 3082 3122 3123
f 3124 3123 3125
f 3124 3084 3123
f 3084 3083 3123
f 3084 3126 3085
f 3124 3126 3084
f 3085 3126 3086
f 2498 3107 3127
f 2483 3107 2498
f 2500 2498 3128
f 3128 2498 3127
f 3109 3128 3110
f 3109 2501 3128
f 2501 2500 3128
f 3112 2501 3109
f 2503 2501 3112
f 2485 2503 3112
f 2509 3129 2510
f 2490 3129 2509
f 2490 3113 3129
f 3113 3130 3129
f 3114 3131 3132
f 3114 3132 3113
f 3113 3132 3130
f 3132 3131 3133
f 2495 2515 3134
f 3115 2495 3134
f 3116 3115 3135
f 3115 3134 3135
f 3117 3116 3136
f 3116 3135 3136
f 3118 3117 3137
f 3117 3136 3137
f 3119 3118 3138
f 3118 3137 3138
f 3120 3119 3139
f 3119 3138 3139
f 3121 3120 3140
f 3120 3139 3140
f 3122 3121 3141
f 3121 3140 3141
f 3142 3141 3143
f 3142 3123 3141
f 3123 3122 3141
f 3125 3123 3142
f 3144 3145 3146
f 3144 3147 3148
f 3146 3147 3144
f 3147 3149 3148
f 2510 3150 2521
f 3129 3150 2510
f 3130 3151 3129
f 3129 3151 3150
f 3132 3152 3130
f 3130 3152 3151
f 3152 3132 3133
f 3153 3152 3133
f 2515 2528 3154
f 3134 2515 3154
f 3135 3134 3155
f 3134 3154 3155
f 3136 3135 3156
f 3135 3155 3156
f 3137 3136 3157
f 3136 3156 3157
f 3138 3137 3158
f 3137 3157 3158
f 3139 3138 3159
f 3138 3158 3159
f 3140 3139 3160
f 3139 3159 3160
f 3141 3140 3161
f 3140 3160 3161
f 3143 3162 3163
f 3143 3141 3162
f 3141 3161 3162
f 3163 3146 3145
f 3163 3162 3146
f 3162 3164 3146
f 3165 3164 3166
f 3165 3147 3164
f 3147 3146 3164
f 3147 3165 3149
f 2521 3167 2532
f 3150 3167 2521
f 3151 3168 3150
f 3150 3168 3167
f 3152 3169 3151
f 3151 3169 3168
f 3169 3152 3153
f 3170 3169 3153
f 2528 2541 3171
f 3154 2528 3171
f 3155 3154 3172
f 3154 3171 3172
f 3156 3155 3173
f 3155 3172 3173
f 3157 3156 3174
f 3156 3173 3174
f 3158 3157 3175
f 3157 3174 3175
f 3159 3158 3176
f 3158 3175 3176
f 3177 3176 3178
f 3177 3160 3176
f 3160 3159 3176
f 3179 3160 3177
f 3179 3180 3160
f 3180 3161 3160
f 3181 3180 3182
f 3181 3162 3180
f 3162 3161 3180
f 3162 3183 3164
f 3181 3183 3162
f 3164 3183 3166
f 2532 3184 2543
f 3167 3184 2532
f 3168 3185 3167
f 3167 3185 3184
f 3169 3186 3168
f 3168 3186 3187
f 3186 3169 3170
f 3188 3186 3170
f 2551 2552 3189
f 2541 2551 3189
f 2541 3189 3171
f 3171 3189 3190
f 3172 3171 3191
f 3171 3190 3191
f 3173 3172 3192
f 3172 3191 3192
f 3174 3173 3193
f 3173 3192 3193
f 3175 3174 3194
f 3174 3193 3194
f 3176 3175 3195
f 3175 3194 3195
f 3195 3178 3176
f 3196 3178 3195
f 3180 3197 3198
f 3179 3197 3180
f 3198 3182 3180
f 3199 3182 3198
f 2543 3200 2554
f 3184 3200 2543
f 3185 3201 3184
f 3184 3201 3200
f 3186 3202 3187
f 3187 3202 3201
f 3202 3186 3188
f 3203 3202 3188
f 3204 3205 3206
f 3205 3204 3207
f 2552 2562 3208
f 3189 2552 3208
f 3190 3189 3209
f 3189 3208 3209
f 3191 3190 3210
f 3190 3209 3210
f 3192 3191 3211
f 3191 3210 3211
f 3193 3192 3212
f 3192 3211 3212
f 3194 3193 3213
f 3193 3212 3213
f 3195 3194 3214
f 3194 3213 3214
f 3196 3215 3216
f 3196 3195 3215
f 3195 3214 3215
f 3216 3198 3197
f 3216 3215 3198
f 3215 3217 3198
f 3217 3199 3198
f 3218 3199 3217
f 3219 3220 3221
f 3219 3222 3223
f 3221 3222 3219
f 3222 3224 3223
f 2554 3200 2564
f 3201 2564 3200
f 2566 2564 3201
f 2566 3225 2568
f 2566 3201 3225
f 3201 3202 3225
f 3203 3226 3227
f 3203 3227 3202
f 3202 3227 3225
f 3226 3206 3205
f 3226 3205 3227
f 3227 3205 3228
f 3207 3229 3230
f 3207 3230 3205
f 3205 3230 3228
f 3230 3229 3231
f 2562 2576 3232
f 3208 2562 3232
f 3209 3208 3233
f 3208 3232 3233
f 3210 3209 3234
f 3209 3233 3234
f 3211 3210 3235
f 3210 3234 3235
f 3212 3211 3236
f 3211 3235 3236
f 3237 3236 3238
f 3237 3213 3236
f 3213 3212 3236
f 3213 3239 3214
f 3237 3239 3213
f 3214 3240 3215
f 3239 3240 3214
f 3215 3241 3217
f 3240 3241 3215
f 3217 3241 3218
f 3221 3220 3242
f 3221 3243 3222
f 3242 3243 3221
f 3222 3243 3224
f 2568 3244 2580
f 3225 3244 2568
f 3227 3245 3225
f 3225 3245 3244
f 3228 3246 3227
f 3227 3246 3245
f 3230 3247 3228
f 3228 3247 3246
f 3231 3248 3249
f 3231 3249 3230
f 3230 3249 3247
f 3248 3250 3251
f 3249 3248 3251
f 3251 3250 3252
f 2586 2587 3253
f 2588 2586 3253
f 3254 2588 3253
f 2589 2588 3254
f 3255 2589 3254
f 2576 2589 3255
f 2576 3255 3232
f 3232 3255 3256
f 3233 3232 3257
f 3232 3256 3257
f 3234 3233 3258
f 3233 3257 3258
f 3259 3258 3260
f 3259 3235 3258
f 3235 3234 3258
f 3235 3261 3236
f 3259 3261 3235
f 3236 3261 3238
f 2580 3262 2592
f 3244 3262 2580
f 3245 3263 3244
f 3244 3263 3262
f 2595 3246 2593
f 2595 3263 3246
f 3263 3245 3246
f 3247 2593 3246
f 2596 2593 3247
f 2596 3264 2598
f 2596 3247 3264
f 3247 3249 3264
f 3251 3265 3249
f 3249 3265 3264
f 3252 3266 3267
f 3252 3267 3251
f 3251 3267 3265
f 3266 3268 3269
f 3267 3266 3269
f 3269 3268 3270
f 2603 2604 3271
f 2587 2603 3271
f 2587 3271 3253
f 3253 3271 3272
f 3254 3253 3273
f 3253 3272 3273
f 3255 3254 3274
f 3254 3273 3274
f 3256 3255 3275
f 3255 3274 3275
f 3257 3256 3276
f 3256 3275 3276
f 3277 3276 3278
f 3277 3258 3276
f 3258 3257 3276
f 3258 3277 3260
f 2592 3279 2607
f 3262 3279 2592
f 3263 3280 3262
f 3262 3280 3279
f 2609 3263 2595
f 3280 3263 2609
f 2598 3281 2611
f 3264 3281 2598
f 3265 3282 3264
f 3264 3282 3281
f 3267 3283 3265
f 3265 3283 3282
f 3269 3284 3267
f 3267 3284 3283
f 3284 3269 3270
f 3285 3284 3270
f 2604 2617 3271
f 3272 3271 2617
f 2619 3272 2617
f 2619 2620 3286
f 2619 3286 3272
f 3272 3286 3273
f 3274 3273 3287
f 3273 3286 3287
f 3275 3274 3288
f 3274 3287 3288
f 3276 3275 3289
f 3275 3288 3289
f 3278 3290 3291
f 3278 3276 3290
f 3276 3289 3290
f 3290 3292 3291
f 2607 3293 2624
f 3279 3293 2607
f 3280 3294 3279
f 3279 3294 3293
f 2626 3280 2609
f 3294 3280 2626
f 2611 3295 2628
f 3281 3295 2611
f 3282 3296 3281
f 3281 3296 3295
f 3283 3297 3282
f 3282 3297 3296
f 3284 3298 3283
f 3283 3298 3297
f 3298 3284 3285
f 3299 3298 3285
f 2634 2635 3300
f 2637 2636 3286
f 2637 3286 3300
f 2620 2634 3286
f 2634 3300 3286
f 3287 3286 2636
f 2640 3287 2636
f 2640 2641 3301
f 2640 3301 3287
f 3287 3301 3288
f 3289 3288 3302
f 3288 3301 3302
f 3290 3289 3303
f 3289 3302 3303
f 3292 3304 3305
f 3292 3290 3304
f 3290 3303 3304
f 3305 3306 3307
f 3304 3306 3305
f 3306 3308 3307
f 3309 3310 3311
f 3309 3312 3313
f 3311 3312 3309
f 3312 3314 3313
f 2624 3315 2644
f 3293 3315 2624
f 3294 3316 3293
f 3293 3316 3315
f 2645 3294 2626
f 2645 3317 3294
f 3317 3316 3294
f 2646 3317 2645
f 3318 3317 2646
f 2628 3318 2646
f 2628 3295 3318
f 3295 3319 3318
f 3296 3320 3295
f 3295 3320 3319
f 3321 3322 3320
f 3321 3320 3297
f 3297 3320 3296
f 3297 3298 3323
f 3321 3297 3323
f 3298 3299 3323
f 2635 2652 3324
f 3300 2635 3324
f 2653 2637 3300
f 3324 2653 3300
f 2655 2656 3325
f 2641 2655 3325
f 2641 3325 3301
f 3301 3325 3326
f 3302 3301 3327
f 3301 3326 3327
f 3303 3302 3328
f 3302 3327 3328
f 3304 3303 3329
f 3303 3328 3329
f 3330 3329 3331
f 3330 3306 3329
f 3306 3304 3329
f 3306 3330 3308
f 3311 3332 3333
f 3310 3332 3311
f 3334 3333 3335
f 3334 3312 3333
f 3312 3311 3333
f 3312 3334 3314
f 2644 3336 2659
f 3315 3336 2644
f 3316 3337 3315
f 3315 3337 3336
f 3317 3338 3316
f 3316 3338 3337
f 3318 3339 3317
f 3317 3339 3338
f 3319 3340 3318
f 3318 3340 3339
f 3320 3341 3319
f 3319 3341 3340
f 3341 3320 3322
f 3342 3341 3322
f 2652 2665 3343
f 3324 2652 3343
f 2666 2653 3324
f 3343 2666 3324
f 2656 2668 3344
f 3325 2656 3344
f 3326 3325 3345
f 3325 3344 3345
f 3327 3326 3346
f 3326 3345 3346
f 3328 3327 3347
f 3327 3346 3347
f 3329 3328 3348
f 3328 3347 3348
f 3348 3331 3329
f 3349 3331 3348
f 3333 3350 3351
f 3332 3350 3333
f 3351 3335 3333
f 3352 3335 3351
f 2659 3353 2671
f 3336 3353 2659
f 3337 3354 3336
f 3336 3354 3353
f 3338 3355 3337
f 3337 3355 3354
f 3356 3357 3355
f 3356 3355 3339
f 3339 3355 3338
f 3339 3340 3358
f 3356 3339 3358
f 3340 3341 3359
f 3358 3340 3359
f 3341 3342 3359
f 2665 2676 3360
f 3343 2665 3360
f 2677 2666 3343
f 3360 2677 3343
f 2668 2679 3361
f 3344 2668 3361
f 3345 3344 3362
f 3344 3361 3362
f 3346 3345 3363
f 3345 3362 3363
f 3347 3346 3364
f 3346 3363 3364
f 3348 3347 3365
f 3347 3364 3365
f 3349 3366 3367
f 3349 3348 3366
f 3348 3365 3366
f 3366 3368 3367
f 3351 3369 3370
f 3350 3369 3351
f 3352 3371 3372
f 3352 3351 3371
f 3351 3370 3371
f 3372 3373 3374
f 3371 3373 3372
f 3373 3375 3374
f 3376 3377 3378
f 3378 3379 3376
f 2671 3380 2683
f 3353 3380 2671
f 3381 3382 3380
f 3381 3380 3354
f 3354 3380 3353
f 3354 3355 3383
f 3381 3354 3383
f 3355 3357 3383
f 2676 2689 3360
f 2677 3360 2689
f 2679 2692 3361
f 2692 2693 3384
f 2692 3384 3361
f 3361 3384 3362
f 3363 3362 3385
f 3362 3384 3385
f 3364 3363 3386
f 3363 3385 3386
f 3365 3364 3387
f 3364 3386 3387
f 3366 3365 3388
f 3365 3387 3388
f 3388 3368 3366
f 3389 3368 3388
f 3370 3369 3390
f 3370 3391 3371
f 3390 3391 3370
f 3371 3392 3373
f 3391 3392 3371
f 3373 3392 3375
f 3378 3377 3393
f 3378 3393 3379
f 3394 2683 3380
f 3394 3395 2683
f 3395 2696 2683
f 3380 3382 3394
f 2702 2703 3396
f 2704 2702 3396
f 3397 2704 3396
f 2705 2704 3397
f 3398 2705 3397
f 2693 2705 3398
f 2693 3398 3384
f 3384 3398 3399
f 3385 3384 3400
f 3384 3399 3400
f 3386 3385 3401
f 3385 3400 3401
f 3387 3386 3402
f 3386 3401 3402
f 3403 3402 3404
f 3403 3388 3402
f 3388 3387 3402
f 3388 3403 3389
f 2696 3395 2708
f 2708 3395 3405
f 2703 2714 3406
f 3396 2703 3406
f 2716 2715 3397
f 2716 3397 3406
f 3406 3397 3396
f 2715 2718 3407
f 2715 3407 3397
f 3397 3407 3398
f 3399 3398 3408
f 3398 3407 3408
f 3400 3399 3409
f 3399 3408 3409
f 3401 3400 3410
f 3400 3409 3410
f 3402 3401 3411
f 3401 3410 3411
f 3411 3404 3402
f 3412 3404 3411
f 2708 3405 2722
f 2722 3405 3413
f 2714 2727 3406
f 2716 3406 2727
f 2718 2730 3407
f 2730 2731 3414
f 2730 3414 3407
f 3407 3414 3408
f 3409 3408 3415
f 3408 3414 3415
f 3410 3409 3416
f 3409 3415 3416
f 3411 3410 3417
f 3410 3416 3417
f 3412 3418 3419
f 3412 3411 3418
f 3411 3417 3418
f 3419 3420 3421
f 3418 3420 3419
f 3421 3422 3423
f 3420 3422 3421
f 3422 3424 3423
f 2722 3413 2735
f 2735 3413 3425
f 2731 2741 3414
f 2741 2742 3426
f 2741 3426 3414
f 3414 3426 3415
f 2744 2743 3416
f 2744 3416 3426
f 3426 3416 3415
f 2743 2746 3427
f 2743 3427 3416
f 3416 3427 3417
f 3418 3417 3428
f 3417 3427 3428
f 3420 3418 3429
f 3418 3428 3429
f 3422 3420 3430
f 3420 3429 3430
f 3424 3431 3432
f 3424 3422 3431
f 3422 3430 3431
f 3432 3433 3434
f 3431 3433 3432
f 3433 3435 3434
f 3436 3437 3438
f 3436 3439 3440
f 3438 3439 3436
f 3439 3441 3440
f 2749 3442 2750
f 3442 2749 2735
f 3442 2735 3443
f 3443 2735 3425
f 2742 2757 3426
f 2757 2759 3444
f 2757 3444 3426
f 2758 2744 3444
f 2744 3426 3444
f 2746 2758 3444
f 2746 3444 3427
f 3427 3444 3445
f 3428 3427 3446
f 3427 3445 3446
f 3429 3428 3447
f 3428 3446 3447
f 3430 3429 3448
f 3429 3447 3448
f 3431 3430 3449
f 3430 3448 3449
f 3433 3431 3450
f 3431 3449 3450
f 3435 3451 3452
f 3435 3433 3451
f 3433 3450 3451
f 3452 3438 3437
f 3452 3451 3438
f 3451 3453 3438
f 3454 3453 3455
f 3454 3439 3453
f 3439 3438 3453
f 3441 3439 3454
f 3456 3457 3458
f 3456 3459 3460
f 3458 3459 3456
f 3459 3461 3460
f 2750 3462 2765
f 3442 3462 2750
f 3462 3442 3443
f 3463 3462 3443
f 2759 2771 3444
f 2771 2772 3464
f 2771 3464 3444
f 3444 3464 3445
f 2774 2773 3446
f 2774 3446 3464
f 3464 3446 3445
f 2773 2776 3465
f 2773 3465 3446
f 3446 3465 3447
f 3448 3447 3466
f 3447 3465 3466
f 3449 3448 3467
f 3448 3466 3467
f 3450 3449 3468
f 3449 3467 3468
f 3451 3450 3469
f 3450 3468 3469
f 3453 3451 3470
f 3451 3469 3470
f 3455 3471 3472
f 3455 3453 3471
f 3453 3470 3471
f 3472 3458 3457
f 3472 3471 3458
f 3471 3473 3458
f 3459 3458 3474
f 3458 3473 3474
f 3474 3461 3459
f 3475 3461 3474
f 3476 3477 3478
f 3478 3479 3476
f 2779 3480 2780
f 2781 3480 2779
f 2786 3481 2787
f 3482 3483 3481
f 3462 3482 3481
f 3462 3481 2786
f 3462 2786 2765
f 3462 3463 3482
f 2772 2791 3464
f 2774 3464 2791
f 2776 2794 3465
f 3466 3465 2794
f 2796 3466 2794
f 3467 3466 2796
f 2798 3467 2796
f 2798 2799 3484
f 2798 3484 3467
f 3467 3484 3468
f 3469 3468 3485
f 3468 3484 3485
f 3470 3469 3486
f 3469 3485 3486
f 3471 3470 3487
f 3470 3486 3487
f 3473 3471 3488
f 3471 3487 3488
f 3474 3473 3489
f 3473 3488 3489
f 3475 3490 3491
f 3475 3474 3490
f 3474 3489 3490
f 3491 3492 3493
f 3490 3492 3491
f 3493 3478 3477
f 3493 3492 3478
f 3492 3494 3478
f 3494 3479 3478
f 3495 3479 3494
f 3496 3497 3498
f 3496 3499 3500
f 3498 3499 3496
f 3499 3501 3500
f 3502 3503 3504
f 3504 3505 3502
f 2800 3506 2801
f 2802 3506 2800
f 3507 3506 2802
f 2803 3507 2802
f 3508 3507 2803
f 2804 3508 2803
f 2806 3509 2807
f 2780 3480 2810
f 2806 2809 3509
f 2781 2810 3480
f 2815 3510 2816
f 3510 3511 3512
f 3510 2815 3511
f 2815 2817 3511
f 2787 3481 3513
f 2787 3513 2817
f 2817 3513 3511
f 3481 3483 3513
f 2799 2820 3484
f 3485 3484 2820
f 2822 3485 2820
f 3486 3485 2822
f 2824 3486 2822
f 3487 3486 2824
f 2826 3487 2824
f 2826 2827 3514
f 2826 3514 3487
f 3487 3514 3488
f 3489 3488 3515
f 3488 3514 3515
f 3490 3489 3516
f 3489 3515 3516
f 3492 3490 3517
f 3490 3516 3517
f 3494 3492 3518
f 3492 3517 3518
f 3495 3519 3520
f 3495 3494 3519
f 3494 3518 3519
f 3520 3498 3497
f 3520 3519 3498
f 3519 3521 3498
f 3499 3498 3522
f 3498 3521 3522
f 3501 3523 3524
f 3501 3499 3523
f 3499 3522 3523
f 3523 3525 3524
f 3504 3503 3526
f 3504 3526 3505
f 3527 3528 3529
f 2831 3527 3529
f 2831 2830 3527
f 2830 3530 3527
f 2832 3531 2830
f 3531 3530 2830
f 2833 3532 2832
f 3532 3531 2832
f 2801 3532 2833
f 2801 3533 3532
f 2801 3506 3533
f 3533 3534 3532
f 3507 3535 3506
f 3506 3535 3533
f 3508 3536 3507
f 3507 3536 3535
f 2834 3508 2804
f 2834 3537 3508
f 3537 3536 3508
f 2836 3537 2834
f 2807 3538 2837
f 3509 3538 2807
f 2839 3509 2809
f 3538 3509 2839
f 2843 3539 2844
f 2845 3539 2843
f 3540 3539 2845
f 3541 3542 3540
f 3510 3541 3540
f 3510 3540 2845
f 3510 2845 2816
f 3510 3512 3541
f 2827 2846 3543
f 3514 2827 3543
f 3515 3514 3544
f 3514 3543 3544
f 2848 2847 3516
f 2848 3516 3544
f 3544 3516 3515
f 3517 3516 2847
f 2851 3517 2847
f 2851 2852 3545
f 2851 3545 3517
f 3517 3545 3518
f 3519 3518 3546
f 3518 3545 3546
f 3521 3519 3547
f 3519 3546 3547
f 3522 3521 3548
f 3521 3547 3548
f 3549 3548 3550
f 3549 3523 3548
f 3523 3522 3548
f 3523 3549 3525
f 3551 3552 3553
f 3553 3554 3551
f 3555 2857 2856
f 3556 2857 3555
f 2858 3557 2856
f 3557 3555 2856
f 3558 2858 2859
f 3557 2858 3558
f 3559 2862 2861
f 3560 2862 3559
f 2863 3561 2861
f 3561 3559 2861
f 3529 3528 3561
f 3529 3561 2864
f 2864 3561 2863
f 2831 3529 2864
f 3533 3562 3563
f 3534 3533 3563
f 3535 3564 3533
f 3533 3564 3562
f 3536 3565 3535
f 3535 3565 3564
f 3537 3566 3536
f 3536 3566 3565
f 2866 3537 2836
f 3566 3537 2866
f 2867 3567 2868
f 2837 3567 2867
f 2837 3538 3567
f 3538 3568 3567
f 2870 3538 2839
f 3568 3538 2870
f 2873 3569 2874
f 2875 3569 2873
f 3570 3569 2875
f 3570 3571 3572
f 3570 2875 3571
f 2875 2876 3571
f 2844 3539 3573
f 2844 3573 2876
f 2876 3573 3571
f 3539 3540 3574
f 3573 3539 3574
f 3540 3542 3574
f 2846 2877 3543
f 3544 3543 2877
f 2878 3544 2877
f 2848 3544 2878
f 2852 2879 3545
f 3546 3545 2879
f 2880 3546 2879
f 3547 3546 2880
f 2881 3547 2880
f 3548 3547 2881
f 2882 3548 2881
f 3550 3548 2882
f 3550 2882 3575
f 3575 2882 2883
f 3576 2883 2884
f 3576 3577 2883
f 3577 3575 2883
f 2887 3577 3576
f 2887 2886 3577
f 2886 3578 3577
f 3553 3552 3578
f 3553 3578 2888
f 2888 3578 2886
f 3554 3553 2888
f 3554 2888 3579
f 3579 2888 2889
f 2890 3580 2889
f 3580 3579 2889
f 2891 3581 2890
f 3581 3580 2890
f 2892 3582 2891
f 3582 3581 2891
f 2893 3583 2892
f 3583 3582 2892
f 3584 2894 3585
f 3584 3583 2894
f 3583 2893 2894
f 3585 3586 3587
f 3585 2894 3586
f 2894 2895 3586
f 2896 3588 2895
f 3588 3586 2895
f 2897 3589 2896
f 3589 3588 2896
f 2898 3590 2897
f 3590 3589 2897
f 2899 3591 2898
f 3591 3590 2898
f 2900 3592 2899
f 3592 3591 2899
f 2901 3593 2900
f 3593 3592 2900
f 2902 3594 2901
f 3594 3593 2901
f 2857 3556 3594
f 2902 2857 3594
f 2903 3595 3558
f 2859 2903 3558
f 2862 3560 3595
f 2903 2862 3595
f 3562 3596 3563
f 3597 3596 3562
f 3597 3562 3598
f 3598 3562 3564
f 3565 3599 3564
f 3564 3599 3598
f 3566 3600 3565
f 3565 3600 3599
f 2905 3566 2866
f 3600 3566 2905
f 2868 3601 2906
f 3567 3601 2868
f 3568 3602 3567
f 3567 3602 3601
f 2870 3602 3568
f 2870 3603 3602
f 2870 2907 3603
f 3604 3602 3603
f 2908 3605 2907
f 3605 3603 2907
f 2909 3606 2908
f 3606 3605 2908
f 2874 3569 3607
f 2874 3607 2909
f 2909 3607 3606
f 3569 3570 3608
f 3607 3569 3608
f 3570 3572 3608
f 2884 2910 3576
f 2887 3576 2910
f 3585 3609 3584
f 3585 3587 3609
f 3610 3611 3612
f 3611 3610 3613
f 3598 3614 3615
f 3597 3598 3615
f 3599 3616 3598
f 3598 3616 3614
f 2913 3600 2911
f 2913 3616 3600
f 3616 3599 3600
f 2905 2911 3600
f 3617 2906 3601
f 3617 3618 2906
f 3618 2915 2906
f 3601 3602 3619
f 3617 3601 3619
f 3602 3604 3619
f 2916 2918 3620
f 3620 3621 3622
f 3620 3622 2916
f 2916 3622 2919
f 2921 2919 3623
f 3623 2919 3622
f 2923 2921 3624
f 3624 2921 3623
f 2925 2923 3625
f 3625 2923 3624
f 2927 2925 3626
f 3626 2925 3625
f 3611 3626 3612
f 3611 2929 3626
f 2929 2927 3626
f 3613 2929 3611
f 3613 3627 2929
f 3627 2931 2929
f 3628 2933 2931
f 3627 3628 2931
f 3614 3629 3630
f 3615 3614 3630
f 3616 3631 3614
f 3614 3631 3629
f 2935 3616 2913
f 3631 3616 2935
f 2915 3618 2937
f 2937 3618 3632
f 2938 2940 3633
f 2941 2938 3633
f 3634 2941 3633
f 3635 3634 3636
f 3620 3634 3635
f 3620 2941 3634
f 3620 2918 2941
f 3620 3635 3621
f 2945 3637 2946
f 2947 3637 2945
f 3638 3637 2947
f 2948 3638 2947
f 2951 3639 2952
f 3639 3640 3641
f 3639 2951 3640
f 2951 2953 3640
f 2933 3628 3640
f 2953 2933 3640
f 3629 3642 3643
f 3630 3629 3643
f 3631 3644 3629
f 3629 3644 3642
f 2955 3631 2935
f 3644 3631 2955
f 2956 3645 2957
f 3645 2956 2937
f 3645 2937 3646
f 3646 2937 3632
f 2940 2958 3633
f 3634 3633 2958
f 2959 3634 2958
f 3636 3647 3648
f 3634 3647 3636
f 3634 2960 3647
f 3634 2959 2960
f 2963 3648 3647
f 2963 2962 3648
f 2962 3649 3648
f 2946 3637 3650
f 2946 3650 2962
f 2962 3650 3649
f 3637 3638 3651
f 3650 3637 3651
f 3638 2948 2964
f 3638 2964 3651
f 3651 2964 3652
f 2965 3653 2964
f 3653 3652 2964
f 2952 3639 3654
f 2952 3654 2965
f 2965 3654 3653
f 3639 3641 3654
f 3655 3656 3657
f 3655 3643 3642
f 3655 3642 3656
f 3656 3642 3658
f 3644 3659 3642
f 3642 3659 3658
f 2967 3644 2955
f 3659 3644 2967
f 3660 2957 3645
f 3660 3661 2957
f 3661 2968 2957
f 3645 3646 3660
f 2960 2969 3647
f 2963 3647 2969
f 3656 3662 3663
f 3657 3656 3663
f 3658 3664 3656
f 3656 3664 3662
f 3659 3665 3658
f 3658 3665 3664
f 2970 3659 2967
f 2970 3666 3659
f 3666 3665 3659
f 3666 2970 2968
f 3666 2968 3667
f 3667 2968 3661
f 3668 3669 3670
f 3669 3668 3671
f 3662 3672 3663
f 3662 3664 3673
f 3672 3662 3673
f 3664 3665 3674
f 3673 3664 3674
f 3665 3666 3675
f 3674 3665 3675
f 3666 3667 3675
f 3669 3676 3670
f 3669 3671 3676
f 2971 2973 3677
f 2974 2971 3677
f 3678 2974 3677
f 2976 2974 3678
f 3679 2976 3678
f 2977 2976 3679
f 3680 3677 2973
f 3680 2973 3681
f 3681 2973 2978
f 3677 3682 3678
f 3680 3682 3677
f 3678 3683 3679
f 3682 3683 3678
f 3679 3683 3684
f 3679 3684 2977
f 2977 3684 2980
f 3685 2981 2983
f 3686 3685 2983
f 3687 2984 2981
f 3685 3687 2981
f 3688 3689 3681
f 3688 3681 2986
f 2986 3681 2978
f 3688 3690 3689
f 2989 3684 3691
f 2980 3684 2989
f 2990 2989 3692
f 3692 2989 3691
f 2983 3692 3686
f 2990 3692 2983
f 2984 3687 2991
f 2991 3687 3693
f 3694 3688 2986
f 3694 2986 3695
f 3695 2986 2993
f 3688 3694 3690
f 2994 3693 3696
f 2991 3693 2994
f 2996 2994 3697
f 3697 2994 3696
f 3698 2997 2996
f 3697 3698 2996
f 2993 2999 3695
f 2999 3699 3695
f 3000 3698 3700
f 2997 3698 3000
f 3001 3000 3701
f 3701 3000 3700
f 3003 3001 3702
f 3702 3001 3701
f 3004 3003 3703
f 3703 3003 3702
f 3006 3004 3704
f 3704 3004 3703
f 3008 3006 3705
f 3705 3006 3704
f 3706 3010 3008
f 3705 3706 3008
f 3707 3708 3709
f 3708 3707 3710
f 3011 3711 3699
f 2999 3011 3699
f 3712 3011 3012
f 3711 3011 3712
f 3013 3706 3713
f 3010 3706 3013
f 3708 3713 3709
f 3708 3014 3713
f 3014 3013 3713
f 3710 3014 3708
f 3710 3714 3014
f 3714 3016 3014
f 3017 3016 3715
f 3715 3016 3714
f 3019 3017 3716
f 3716 3017 3715
f 3021 3019 3717
f 3717 3019 3716
f 3718 3719 3023
f 3718 3023 3717
f 3717 3023 3021
f 3025 3023 3719
f 3012 3027 3712
f 3027 3720 3712
f 3719 3718 3721
f 3719 3721 3722
f 3719 3722 3025
f 3025 3722 3028
f 3029 3723 3724
f 3029 3724 3027
f 3027 3724 3720
f 3030 3723 3029
f 3028 3722 3031
f 3031 3722 3725
f 3723 3726 3724
f 3723 3727 3726
f 3723 3030 3727
f 3030 3032 3727
f 3728 3725 3729
f 3728 3033 3725
f 3033 3031 3725
f 3728 3729 3730
f 3034 3731 3727
f 3032 3034 3727
f 3732 3034 3035
f 3731 3034 3732
f 3033 3728 3038
f 3038 3728 3730
f 3038 3730 3039
f 3039 3730 3733
f 3054 3053 3734
f 3055 3054 3734
f 3059 3058 3735
f 3060 3059 3735
f 3736 3060 3735
f 3061 3060 3736
f 3737 3061 3736
f 3062 3061 3737
f 3738 3062 3737
f 3063 3062 3738
f 3739 3063 3738
f 3064 3063 3739
f 3740 3064 3739
f 3065 3064 3740
f 3741 3065 3740
f 3066 3065 3741
f 3742 3066 3741
f 3067 3066 3742
f 3743 3067 3742
f 3068 3067 3743
f 3071 3070 3744
f 3072 3071 3744
f 3745 3072 3744
f 3073 3072 3745
f 3074 3746 3732
f 3035 3074 3732
f 3747 3074 3075
f 3746 3074 3747
f 3748 3733 3749
f 3748 3077 3733
f 3077 3039 3733
f 3748 3749 3750
f 3087 3086 3751
f 3088 3087 3751
f 3752 3088 3751
f 3089 3088 3752
f 3753 3089 3752
f 3090 3089 3753
f 3754 3090 3753
f 3091 3090 3754
f 3755 3091 3754
f 3092 3091 3755
f 3756 3092 3755
f 3093 3092 3756
f 3757 3093 3756
f 3094 3093 3757
f 3758 3094 3757
f 3095 3094 3758
f 3759 3095 3758
f 3096 3095 3759
f 3760 3096 3759
f 3097 3096 3760
f 3761 3097 3760
f 3098 3097 3761
f 3762 3098 3761
f 3099 3098 3762
f 3763 3099 3762
f 3100 3099 3763
f 3764 3100 3763
f 3053 3100 3764
f 3053 3764 3734
f 3734 3764 3765
f 3101 3055 3734
f 3101 3734 3766
f 3766 3734 3765
f 3766 3767 3768
f 3766 3768 3101
f 3101 3768 3102
f 3058 3769 3735
f 3058 3102 3769
f 3102 3768 3769
f 3735 3770 3736
f 3769 3770 3735
f 3736 3771 3737
f 3770 3771 3736
f 3737 3772 3738
f 3771 3772 3737
f 3738 3773 3739
f 3772 3773 3738
f 3739 3774 3740
f 3773 3774 3739
f 3740 3775 3741
f 3774 3775 3740
f 3741 3776 3742
f 3775 3776 3741
f 3742 3777 3743
f 3776 3777 3742
f 3743 3103 3068
f 3743 3777 3103
f 3777 3778 3103
f 3070 3779 3744
f 3070 3103 3779
f 3103 3778 3779
f 3744 3780 3745
f 3779 3780 3744
f 3745 3104 3073
f 3745 3780 3104
f 3780 3781 3104
f 3105 3104 3782
f 3782 3104 3781
f 3783 3784 3106
f 3783 3106 3782
f 3782 3106 3105
f 3107 3106 3784
f 3108 3110 3785
f 3785 3786 3787
f 3785 3787 3108
f 3108 3787 3111
f 3075 3787 3747
f 3111 3787 3075
f 3077 3788 3114
f 3748 3788 3077
f 3788 3748 3750
f 3789 3788 3750
f 3124 3125 3790
f 3126 3124 3790
f 3791 3126 3790
f 3086 3126 3791
f 3086 3791 3751
f 3751 3791 3792
f 3752 3751 3793
f 3751 3792 3793
f 3753 3752 3794
f 3752 3793 3794
f 3754 3753 3795
f 3753 3794 3795
f 3755 3754 3796
f 3754 3795 3796
f 3756 3755 3797
f 3755 3796 3797
f 3757 3756 3798
f 3756 3797 3798
f 3758 3757 3799
f 3757 3798 3799
f 3800 3799 3801
f 3800 3759 3799
f 3759 3758 3799
f 3759 3802 3760
f 3800 3802 3759
f 3760 3803 3761
f 3802 3803 3760
f 3761 3804 3762
f 3803 3804 3761
f 3762 3805 3763
f 3804 3805 3762
f 3763 3806 3764
f 3805 3806 3763
f 3764 3807 3765
f 3806 3807 3764
f 3765 3808 3766
f 3807 3808 3765
f 3766 3808 3767
f 3784 3783 3809
f 3784 3809 3810
f 3107 3784 3810
f 3107 3810 3811
f 3107 3811 3127
f 3811 3812 3813
f 3811 3813 3127
f 3127 3813 3128
f 3110 3814 3785
f 3110 3128 3814
f 3128 3813 3814
f 3785 3814 3786
f 3114 3788 3131
f 3131 3788 3789
f 3131 3789 3133
f 3133 3789 3815
f 3142 3143 3816
f 3145 3144 3790
f 3145 3790 3816
f 3125 3142 3790
f 3142 3816 3790
f 3791 3790 3144
f 3148 3791 3144
f 3148 3149 3817
f 3148 3817 3791
f 3791 3817 3792
f 3793 3792 3818
f 3792 3817 3818
f 3794 3793 3819
f 3793 3818 3819
f 3795 3794 3820
f 3794 3819 3820
f 3796 3795 3821
f 3795 3820 3821
f 3797 3796 3822
f 3796 3821 3822
f 3798 3797 3823
f 3797 3822 3823
f 3799 3798 3824
f 3798 3823 3824
f 3801 3825 3826
f 3801 3799 3825
f 3799 3824 3825
f 3826 3827 3828
f 3825 3827 3826
f 3828 3829 3830
f 3827 3829 3828
f 3830 3831 3832
f 3829 3831 3830
f 3831 3833 3832
f 3834 3835 3836
f 3836 3837 3834
f 3811 3810 3838
f 3811 3838 3812
f 3839 3815 3840
f 3839 3153 3815
f 3153 3133 3815
f 3840 3841 3842
f 3839 3840 3842
f 3842 3841 3843
f 3143 3163 3816
f 3145 3816 3163
f 3165 3166 3844
f 3149 3165 3844
f 3149 3844 3817
f 3817 3844 3845
f 3818 3817 3846
f 3817 3845 3846
f 3819 3818 3847
f 3818 3846 3847
f 3820 3819 3848
f 3819 3847 3848
f 3821 3820 3849
f 3820 3848 3849
f 3822 3821 3850
f 3821 3849 3850
f 3823 3822 3851
f 3822 3850 3851
f 3824 3823 3852
f 3823 3851 3852
f 3825 3824 3853
f 3824 3852 3853
f 3827 3825 3854
f 3825 3853 3854
f 3829 3827 3855
f 3827 3854 3855
f 3831 3829 3856
f 3829 3855 3856
f 3833 3857 3858
f 3833 3831 3857
f 3831 3856 3857
f 3857 3859 3858
f 3860 3861 3862
f 3863 3836 3835
f 3864 3860 3862
f 3836 3863 3837
f 3153 3865 3170
f 3839 3865 3153
f 3842 3866 3839
f 3839 3866 3865
f 3843 3867 3868
f 3843 3868 3842
f 3842 3868 3866
f 3867 3869 3870
f 3868 3867 3870
f 3870 3869 3871
f 3177 3178 3872
f 3179 3177 3872
f 3181 3182 3873
f 3183 3181 3873
f 3874 3183 3873
f 3166 3183 3874
f 3166 3874 3844
f 3844 3874 3875
f 3845 3844 3876
f 3844 3875 3876
f 3846 3845 3877
f 3845 3876 3877
f 3847 3846 3878
f 3846 3877 3878
f 3848 3847 3879
f 3847 3878 3879
f 3849 3848 3880
f 3848 3879 3880
f 3850 3849 3881
f 3849 3880 3881
f 3851 3850 3882
f 3850 3881 3882
f 3883 3882 3884
f 3883 3852 3882
f 3852 3851 3882
f 3885 3852 3883
f 3885 3886 3852
f 3886 3853 3852
f 3887 3886 3888
f 3887 3854 3886
f 3854 3853 3886
f 3854 3889 3855
f 3887 3889 3854
f 3855 3890 3856
f 3889 3890 3855
f 3856 3891 3857
f 3890 3891 3856
f 3857 3891 3859
f 3862 3861 3892
f 3862 3892 3864
f 3170 3893 3188
f 3865 3893 3170
f 3866 3894 3865
f 3865 3894 3893
f 3868 3895 3866
f 3866 3895 3894
f 3870 3896 3868
f 3868 3896 3895
f 3871 3897 3898
f 3871 3898 3870
f 3870 3898 3896
f 3897 3899 3900
f 3898 3897 3900
f 3899 3901 3902
f 3900 3899 3902
f 3901 3903 3904
f 3902 3901 3904
f 3903 3905 3906
f 3904 3903 3906
f 3906 3905 3907
f 3178 3196 3908
f 3872 3178 3908
f 3197 3179 3872
f 3908 3197 3872
f 3182 3199 3909
f 3873 3182 3909
f 3874 3873 3910
f 3873 3909 3910
f 3875 3874 3911
f 3874 3910 3911
f 3876 3875 3912
f 3875 3911 3912
f 3877 3876 3913
f 3876 3912 3913
f 3878 3877 3914
f 3877 3913 3914
f 3879 3878 3915
f 3878 3914 3915
f 3880 3879 3916
f 3879 3915 3916
f 3881 3880 3917
f 3880 3916 3917
f 3882 3881 3918
f 3881 3917 3918
f 3918 3884 3882
f 3919 3884 3918
f 3886 3920 3921
f 3885 3920 3886
f 3921 3888 3886
f 3922 3888 3921
f 3188 3923 3203
f 3893 3923 3188
f 3206 3894 3204
f 3206 3923 3894
f 3923 3893 3894
f 3204 3924 3207
f 3204 3894 3924
f 3894 3895 3924
f 3896 3925 3895
f 3895 3925 3924
f 3898 3926 3896
f 3896 3926 3925
f 3900 3927 3898
f 3898 3927 3926
f 3902 3928 3900
f 3900 3928 3927
f 3904 3929 3902
f 3902 3929 3928
f 3906 3930 3904
f 3904 3930 3929
f 3907 3931 3932
f 3907 3932 3906
f 3906 3932 3930
f 3932 3931 3933
f 3196 3216 3908
f 3197 3908 3216
f 3199 3218 3934
f 3909 3199 3934
f 3220 3219 3910
f 3220 3910 3934
f 3934 3910 3909
f 3911 3910 3219
f 3223 3911 3219
f 3223 3224 3935
f 3223 3935 3911
f 3911 3935 3912
f 3913 3912 3936
f 3912 3935 3936
f 3914 3913 3937
f 3913 3936 3937
f 3915 3914 3938
f 3914 3937 3938
f 3916 3915 3939
f 3915 3938 3939
f 3940 3939 3941
f 3940 3917 3939
f 3917 3916 3939
f 3942 3917 3940
f 3942 3943 3917
f 3943 3918 3917
f 3919 3944 3945
f 3919 3918 3944
f 3918 3943 3944
f 3946 3921 3920
f 3947 3945 3944
f 3921 3946 3922
f 3948 3949 3950
f 3948 3951 3952
f 3950 3951 3948
f 3951 3953 3952
f 3954 3955 3956
f 3956 3957 3954
f 3203 3923 3226
f 3206 3226 3923
f 3207 3924 3229
f 3229 3958 3231
f 3229 3924 3958
f 3924 3925 3958
f 3926 3959 3925
f 3925 3959 3958
f 3927 3960 3926
f 3926 3960 3959
f 3928 3961 3927
f 3927 3961 3960
f 3929 3962 3928
f 3928 3962 3961
f 3930 3963 3929
f 3929 3963 3962
f 3932 3964 3930
f 3930 3964 3963
f 3933 3965 3966
f 3933 3966 3932
f 3932 3966 3964
f 3966 3965 3967
f 3237 3238 3968
f 3239 3237 3968
f 3969 3239 3968
f 3240 3239 3969
f 3970 3240 3969
f 3241 3240 3970
f 3971 3241 3970
f 3218 3241 3971
f 3218 3971 3934
f 3934 3971 3972
f 3242 3220 3934
f 3242 3934 3973
f 3973 3934 3972
f 3243 3242 3973
f 3974 3243 3973
f 3224 3243 3974
f 3224 3974 3935
f 3935 3974 3975
f 3936 3935 3976
f 3935 3975 3976
f 3937 3936 3977
f 3936 3976 3977
f 3938 3937 3978
f 3937 3977 3978
f 3979 3978 3980
f 3979 3939 3978
f 3939 3938 3978
f 3939 3979 3941
f 3943 3942 3981
f 3943 3982 3944
f 3981 3982 3943
f 3944 3982 3947
f 3950 3949 3983
f 3950 3984 3951
f 3983 3984 3950
f 3951 3984 3953
f 3956 3955 3985
f 3956 3985 3957
f 3231 3958 3248
f 3959 3248 3958
f 3250 3248 3959
f 3250 3986 3252
f 3250 3959 3986
f 3959 3960 3986
f 3961 3987 3960
f 3960 3987 3986
f 3962 3988 3961
f 3961 3988 3987
f 3963 3989 3962
f 3962 3989 3988
f 3964 3990 3963
f 3963 3990 3989
f 3991 3992 3990
f 3991 3990 3966
f 3966 3990 3964
f 3966 3967 3991
f 3259 3260 3993
f 3261 3259 3993
f 3994 3261 3993
f 3238 3261 3994
f 3238 3994 3968
f 3968 3994 3995
f 3969 3968 3996
f 3968 3995 3996
f 3970 3969 3997
f 3969 3996 3997
f 3971 3970 3998
f 3970 3997 3998
f 3972 3971 3999
f 3971 3998 3999
f 3973 3972 4000
f 3972 3999 4000
f 3974 3973 4001
f 3973 4000 4001
f 4002 4001 4003
f 4002 3975 4001
f 3975 3974 4001
f 3975 4004 3976
f 4002 4004 3975
f 3976 4005 3977
f 4004 4005 3976
f 3977 4006 3978
f 4005 4006 3977
f 3978 4006 3980
f 3252 3986 3266
f 3987 3266 3986
f 3268 3266 3987
f 3268 4007 3270
f 3268 3987 4007
f 3987 3988 4007
f 3989 4008 3988
f 3988 4008 4007
f 3990 4009 3989
f 3989 4009 4008
f 4009 3990 3992
f 4010 4009 3992
f 3277 3278 4011
f 3260 3277 4011
f 3260 4011 3993
f 3993 4011 4012
f 3994 3993 4013
f 3993 4012 4013
f 3995 3994 4014
f 3994 4013 4014
f 3996 3995 4015
f 3995 4014 4015
f 3997 3996 4016
f 3996 4015 4016
f 3998 3997 4017
f 3997 4016 4017
f 3999 3998 4018
f 3998 4017 4018
f 4000 3999 4019
f 3999 4018 4019
f 4020 4019 4021
f 4020 4001 4019
f 4001 4000 4019
f 4001 4020 4003
f 3270 4022 3285
f 4007 4022 3270
f 4008 4023 4007
f 4007 4023 4022
f 4009 4024 4008
f 4008 4024 4023
f 4024 4009 4010
f 4025 4024 4010
f 3278 3291 4011
f 3291 3292 4026
f 3291 4026 4011
f 4011 4026 4012
f 4013 4012 4027
f 4012 4026 4027
f 4014 4013 4028
f 4013 4027 4028
f 4015 4014 4029
f 4014 4028 4029
f 4016 4015 4030
f 4015 4029 4030
f 4017 4016 4031
f 4016 4030 4031
f 4018 4017 4032
f 4017 4031 4032
f 4019 4018 4033
f 4018 4032 4033
f 4021 4034 4035
f 4021 4019 4034
f 4019 4033 4034
f 4035 4036 4037
f 4034 4036 4035
f 4036 4038 4037
f 3285 4039 3299
f 4022 4039 3285
f 4023 4040 4022
f 4022 4040 4039
f 4024 4041 4023
f 4023 4041 4040
f 4041 4024 4025
f 4042 4041 4025
f 3292 3305 4026
f 4027 4026 3305
f 3307 4027 3305
f 3307 3308 4043
f 3307 4043 4027
f 4027 4043 4028
f 3310 3309 4029
f 3310 4029 4043
f 4043 4029 4028
f 4030 4029 3309
f 3313 4030 3309
f 3313 3314 4044
f 3313 4044 4030
f 4030 4044 4031
f 4032 4031 4045
f 4031 4044 4045
f 4033 4032 4046
f 4032 4045 4046
f 4034 4033 4047
f 4033 4046 4047
f 4036 4034 4048
f 4034 4047 4048
f 4038 4049 4050
f 4038 4036 4049
f 4036 4048 4049
f 4050 4051 4052
f 4049 4051 4050
f 4052 4053 4054
f 4051 4053 4052
f 4054 4055 4056
f 4053 4055 4054
f 4055 4057 4056
f 4058 4059 4060
f 4058 4061 4062
f 4060 4061 4058
f 4061 4063 4062
f 3321 4064 3322
f 3323 4064 3321
f 4065 4064 3323
f 3299 4065 3323
f 3299 4039 4065
f 4039 4066 4065
f 4040 4067 4039
f 4039 4067 4066
f 4041 4068 4040
f 4040 4068 4067
f 4068 4041 4042
f 4069 4068 4042
f 3330 3331 4070
f 3308 3330 4070
f 3308 4070 4043
f 4043 4070 4071
f 3332 3310 4043
f 4071 3332 4043
f 3334 3335 4072
f 3314 3334 4072
f 3314 4072 4044
f 4044 4072 4073
f 4045 4044 4074
f 4044 4073 4074
f 4046 4045 4075
f 4045 4074 4075
f 4047 4046 4076
f 4046 4075 4076
f 4048 4047 4077
f 4047 4076 4077
f 4078 4077 4079
f 4078 4049 4077
f 4049 4048 4077
f 4080 4049 4078
f 4080 4081 4049
f 4081 4051 4049
f 4053 4051 4082
f 4051 4081 4082
f 4055 4053 4083
f 4053 4082 4083
f 4083 4057 4055
f 4084 4057 4083
f 4060 4085 4086
f 4059 4085 4060
f 4061 4060 4087
f 4060 4086 4087
f 4087 4063 4061
f 4088 4063 4087
f 4089 4090 4091
f 4091 4092 4089
f 3322 4093 3342
f 4064 4093 3322
f 4065 4094 4064
f 4064 4094 4093
f 4066 4095 4065
f 4065 4095 4094
f 4067 4096 4066
f 4066 4096 4095
f 4097 4098 4096
f 4097 4096 4068
f 4068 4096 4067
f 4068 4069 4097
f 3331 3349 4099
f 4070 3331 4099
f 4071 4070 4100
f 4070 4099 4100
f 3350 3332 4071
f 4100 3350 4071
f 3335 3352 4101
f 4072 3335 4101
f 4073 4072 4102
f 4072 4101 4102
f 4074 4073 4103
f 4073 4102 4103
f 4075 4074 4104
f 4074 4103 4104
f 4076 4075 4105
f 4075 4104 4105
f 4077 4076 4106
f 4076 4105 4106
f 4079 4107 4108
f 4079 4077 4107
f 4077 4106 4107
f 4108 4081 4080
f 4108 4107 4081
f 4107 4109 4081
f 4082 4081 4110
f 4081 4109 4110
f 4083 4082 4111
f 4082 4110 4111
f 4111 4084 4083
f 4112 4084 4111
f 4086 4113 4114
f 4085 4113 4086
f 4087 4086 4115
f 4086 4114 4115
f 4115 4088 4087
f 4116 4088 4115
f 4091 4117 4118
f 4090 4117 4091
f 4118 4092 4091
f 4119 4092 4118
f 3356 4120 3357
f 3358 4120 3356
f 4121 4120 3358
f 3359 4121 3358
f 4122 4121 3359
f 3342 4122 3359
f 3342 4093 4122
f 4093 4123 4122
f 4124 4125 4123
f 4124 4123 4094
f 4094 4123 4093
f 4126 4124 4094
f 4126 4094 4127
f 4127 4094 4095
f 4096 4128 4095
f 4095 4128 4127
f 4128 4096 4098
f 4129 4128 4098
f 3349 3367 4099
f 3367 3368 4130
f 3367 4130 4099
f 4099 4130 4100
f 3369 3350 4100
f 4130 3369 4100
f 3352 3372 4101
f 4102 4101 3372
f 3374 4102 3372
f 3374 3375 4131
f 3374 4131 4102
f 4102 4131 4103
f 3377 3376 4104
f 3377 4104 4131
f 4131 4104 4103
f 3376 3379 4132
f 3376 4132 4104
f 4104 4132 4105
f 4106 4105 4133
f 4105 4132 4133
f 4107 4106 4134
f 4106 4133 4134
f 4109 4107 4135
f 4107 4134 4135
f 4110 4109 4136
f 4109 4135 4136
f 4111 4110 4137
f 4110 4136 4137
f 4137 4112 4111
f 4138 4112 4137
f 4114 4139 4140
f 4113 4139 4114
f 4115 4114 4141
f 4114 4140 4141
f 4141 4116 4115
f 4142 4116 4141
f 4118 4117 4143
f 4119 4118 4143
f 4144 4145 4146
f 4146 4147 4144
f 3381 4148 3382
f 4148 4149 4150
f 4148 3381 4149
f 3381 3383 4149
f 3357 4120 4151
f 3357 4151 3383
f 3383 4151 4149
f 4152 4151 4120
f 4152 4120 4153
f 4153 4120 4121
f 4122 4154 4121
f 4121 4154 4153
f 4155 4156 4154
f 4155 4154 4123
f 4123 4154 4122
f 4123 4125 4155
f 4127 4157 4126
f 4127 4128 4158
f 4157 4127 4158
f 4128 4129 4158
f 3368 3389 4159
f 4130 3368 4159
f 3390 3369 4130
f 3390 4130 4160
f 4160 4130 4159
f 3391 3390 4160
f 4161 3391 4160
f 3392 3391 4161
f 4162 3392 4161
f 3375 3392 4162
f 3375 4162 4131
f 4131 4162 4163
f 3393 3377 4131
f 3393 4131 4164
f 4164 4131 4163
f 3379 3393 4164
f 3379 4164 4132
f 4132 4164 4165
f 4133 4132 4166
f 4132 4165 4166
f 4134 4133 4167
f 4133 4166 4167
f 4135 4134 4168
f 4134 4167 4168
f 4136 4135 4169
f 4135 4168 4169
f 4170 4171 4172
f 4170 4137 4171
f 4137 4136 4171
f 4137 4170 4138
f 4140 4139 4173
f 4140 4174 4141
f 4173 4174 4140
f 4141 4174 4142
f 4146 4145 4175
f 4146 4175 4147
f 3394 4176 3395
f 4177 4178 4176
f 4148 4177 4176
f 4148 4176 3394
f 4148 3394 3382
f 4148 4150 4177
f 4153 4179 4152
f 4153 4154 4180
f 4179 4153 4180
f 4154 4156 4180
f 3403 3404 4181
f 3389 3403 4181
f 3389 4181 4159
f 4159 4181 4182
f 4160 4159 4183
f 4159 4182 4183
f 4161 4160 4184
f 4160 4183 4184
f 4162 4161 4185
f 4161 4184 4185
f 4163 4162 4186
f 4162 4185 4186
f 4164 4163 4187
f 4163 4186 4187
f 4165 4164 4188
f 4164 4187 4188
f 4189 4188 4190
f 4189 4166 4188
f 4166 4165 4188
f 4166 4191 4167
f 4189 4191 4166
f 4167 4192 4168
f 4191 4192 4167
f 4168 4193 4169
f 4192 4193 4168
f 4171 4193 4172
f 4194 3395 4176
f 4194 4195 3395
f 4195 3405 3395
f 4176 4178 4194
f 3404 3412 4196
f 4181 3404 4196
f 4182 4181 4197
f 4181 4196 4197
f 4183 4182 4198
f 4182 4197 4198
f 4184 4183 4199
f 4183 4198 4199
f 4185 4184 4200
f 4184 4199 4200
f 4186 4185 4201
f 4185 4200 4201
f 4187 4186 4202
f 4186 4201 4202
f 4188 4187 4203
f 4187 4202 4203
f 4190 4204 4205
f 4190 4188 4204
f 4188 4203 4204
f 4204 4206 4205
f 4207 4208 4209
f 4209 4210 4207
f 3405 4195 3413
f 3413 4195 4211
f 3412 3419 4196
f 4197 4196 3419
f 3421 4197 3419
f 4198 4197 3421
f 3423 4198 3421
f 3423 3424 4212
f 3423 4212 4198
f 4198 4212 4199
f 4200 4199 4213
f 4199 4212 4213
f 4201 4200 4214
f 4200 4213 4214
f 4202 4201 4215
f 4201 4214 4215
f 4203 4202 4216
f 4202 4215 4216
f 4204 4203 4217
f 4203 4216 4217
f 4206 4218 4219
f 4206 4204 4218
f 4204 4217 4218
f 4219 4209 4208
f 4219 4218 4209
f 4218 4220 4209
f 4210 4221 4222
f 4210 4209 4221
f 4209 4220 4221
f 4222 4223 4224
f 4221 4223 4222
f 4224 4225 4226
f 4223 4225 4224
f 4225 4227 4226
f 3413 4211 3425
f 3425 4211 4228
f 3424 3432 4212
f 4213 4212 3432
f 3434 4213 3432
f 3434 3435 4229
f 3434 4229 4213
f 4213 4229 4214
f 3437 3436 4215
f 3437 4215 4229
f 4229 4215 4214
f 4216 4215 3436
f 3440 4216 3436
f 3440 3441 4230
f 3440 4230 4216
f 4216 4230 4217
f 4218 4217 4231
f 4217 4230 4231
f 4220 4218 4232
f 4218 4231 4232
f 4221 4220 4233
f 4220 4232 4233
f 4223 4221 4234
f 4221 4233 4234
f 4225 4223 4235
f 4223 4234 4235
f 4227 4236 4237
f 4227 4225 4236
f 4225 4235 4236
f 4237 4238 4239
f 4236 4238 4237
f 4239 4240 4241
f 4238 4240 4239
f 4241 4242 4243
f 4240 4242 4241
f 4243 4244 4245
f 4242 4244 4243
f 4245 4246 4247
f 4244 4246 4245
f 4246 4248 4247
f 4249 4250 4251
f 4249 4252 4253
f 4251 4252 4249
f 4252 4254 4253
f 3425 4228 3443
f 3443 4228 4255
f 3435 3452 4229
f 3437 4229 3452
f 3454 3455 4256
f 3457 3456 4230
f 3457 4230 4256
f 3441 3454 4230
f 3454 4256 4230
f 4231 4230 3456
f 3460 4231 3456
f 3460 3461 4257
f 3460 4257 4231
f 4231 4257 4232
f 4233 4232 4258
f 4232 4257 4258
f 4234 4233 4259
f 4233 4258 4259
f 4235 4234 4260
f 4234 4259 4260
f 4236 4235 4261
f 4235 4260 4261
f 4238 4236 4262
f 4236 4261 4262
f 4240 4238 4263
f 4238 4262 4263
f 4242 4240 4264
f 4240 4263 4264
f 4244 4242 4265
f 4242 4264 4265
f 4246 4244 4266
f 4244 4265 4266
f 4248 4267 4268
f 4248 4246 4267
f 4246 4266 4267
f 4267 4269 4268
f 4251 4270 4271
f 4250 4270 4251
f 4272 4271 4273
f 4272 4252 4271
f 4252 4251 4271
f 4252 4272 4254
f 4274 4275 4276
f 4274 4276 3463
f 4274 3463 4255
f 4255 3463 3443
f 3455 3472 4256
f 3457 4256 3472
f 3461 3475 4277
f 4257 3461 4277
f 4258 4257 4278
f 4257 4277 4278
f 3477 3476 4259
f 3477 4259 4278
f 4278 4259 4258
f 3476 3479 4279
f 3476 4279 4259
f 4259 4279 4260
f 4261 4260 4280
f 4260 4279 4280
f 4262 4261 4281
f 4261 4280 4281
f 4263 4262 4282
f 4262 4281 4282
f 4264 4263 4283
f 4263 4282 4283
f 4265 4264 4284
f 4264 4283 4284
f 4266 4265 4285
f 4265 4284 4285
f 4267 4266 4286
f 4266 4285 4286
f 4269 4287 4288
f 4269 4267 4287
f 4267 4286 4287
f 4288 4271 4270
f 4288 4287 4271
f 4287 4289 4271
f 4273 4290 4291
f 4273 4271 4290
f 4271 4289 4290
f 4291 4292 4293
f 4290 4292 4291
f 4293 4294 4295
f 4292 4294 4293
f 4294 4296 4295
f 4276 3483 3482
f 4276 4275 3483
f 4275 4297 3483
f 3463 4276 3482
f 3475 3491 4277
f 4278 4277 3491
f 3493 4278 3491
f 3477 4278 3493
f 3479 3495 4298
f 4279 3479 4298
f 3497 3496 4280
f 3497 4280 4298
f 4298 4280 4279
f 4281 4280 3496
f 3500 4281 3496
f 3500 3501 4299
f 3500 4299 4281
f 4281 4299 4282
f 4283 4282 4300
f 4282 4299 4300
f 3503 3502 4284
f 3503 4284 4300
f 4300 4284 4283
f 3502 3505 4301
f 3502 4301 4284
f 4284 4301 4285
f 4286 4285 4302
f 4285 4301 4302
f 4287 4286 4303
f 4286 4302 4303
f 4289 4287 4304
f 4287 4303 4304
f 4290 4289 4305
f 4289 4304 4305
f 4292 4290 4306
f 4290 4305 4306
f 4294 4292 4307
f 4292 4306 4307
f 4296 4308 4309
f 4296 4294 4308
f 4294 4307 4308
f 4309 4310 4311
f 4308 4310 4309
f 4311 4312 4313
f 4310 4312 4311
f 4313 4314 4315
f 4312 4314 4313
f 4315 4316 4317
f 4314 4316 4315
f 4317 4318 4319
f 4316 4318 4317
f 4319 4320 4321
f 4318 4320 4319
f 4321 4322 4323
f 4320 4322 4321
f 4323 4324 4325
f 4322 4324 4323
f 4325 4326 4327
f 4324 4326 4325
f 4327 4328 4329
f 4326 4328 4327
f 4329 4330 4331
f 4328 4330 4329
f 4331 4332 4333
f 4330 4332 4331
f 4333 4334 4335
f 4332 4334 4333
f 4335 4336 4337
f 4334 4336 4335
f 4337 4338 4339
f 4336 4338 4337
f 4338 4340 4339
f 4341 3512 3511
f 4342 3512 4341
f 3513 4343 3511
f 4343 4341 3511
f 3483 4297 4343
f 3513 3483 4343
f 3495 3520 4298
f 3497 4298 3520
f 3501 3524 4299
f 3524 3525 4344
f 3524 4344 4299
f 4299 4344 4300
f 3526 3503 4300
f 3526 4300 4345
f 4345 4300 4344
f 3505 3526 4345
f 3505 4345 4301
f 4301 4345 4346
f 4302 4301 4347
f 4301 4346 4347
f 4303 4302 4348
f 4302 4347 4348
f 4304 4303 4349
f 4303 4348 4349
f 4305 4304 4350
f 4304 4349 4350
f 4306 4305 4351
f 4305 4350 4351
f 4307 4306 4352
f 4306 4351 4352
f 4308 4307 4353
f 4307 4352 4353
f 4310 4308 4354
f 4308 4353 4354
f 4312 4310 4355
f 4310 4354 4355
f 4314 4312 4356
f 4312 4355 4356
f 4316 4314 4357
f 4314 4356 4357
f 4318 4316 4358
f 4316 4357 4358
f 4320 4318 4359
f 4318 4358 4359
f 4322 4320 4360
f 4320 4359 4360
f 4324 4322 4361
f 4322 4360 4361
f 4326 4324 4362
f 4324 4361 4362
f 4328 4326 4363
f 4326 4362 4363
f 4330 4328 4364
f 4328 4363 4364
f 4332 4330 4365
f 4330 4364 4365
f 3528 3527 4334
f 3528 4334 4365
f 4365 4334 4332
f 4336 4334 3527
f 3530 4336 3527
f 4338 4336 3530
f 3531 4338 3530
f 4340 4338 3531
f 4340 3531 4366
f 4366 3531 3532
f 4367 3532 3534
f 4366 3532 4367
f 4368 3542 3541
f 4369 3542 4368
f 3512 4342 4368
f 3541 3512 4368
f 3549 3550 4370
f 3525 3549 4370
f 3525 4370 4344
f 4344 4370 4371
f 4345 4344 4372
f 4344 4371 4372
f 3552 3551 4346
f 3552 4346 4372
f 4372 4346 4345
f 3551 3554 4373
f 3551 4373 4346
f 4346 4373 4347
f 4348 4347 4374
f 4347 4373 4374
f 4349 4348 4375
f 4348 4374 4375
f 4350 4349 4376
f 4349 4375 4376
f 4351 4350 4377
f 4350 4376 4377
f 4352 4351 4378
f 4351 4377 4378
f 4353 4352 4379
f 4352 4378 4379
f 4354 4353 4380
f 4353 4379 4380
f 4355 4354 4381
f 4354 4380 4381
f 4356 4355 4382
f 4355 4381 4382
f 4357 4356 4383
f 4356 4382 4383
f 4358 4357 4384
f 4357 4383 4384
f 4359 4358 4385
f 4358 4384 4385
f 4360 4359 4386
f 4359 4385 4386
f 3556 3555 4361
f 3556 4361 4386
f 4386 4361 4360
f 4362 4361 3555
f 3557 4362 3555
f 3557 3558 4387
f 3557 4387 4362
f 4362 4387 4363
f 3560 3559 4364
f 3560 4364 4387
f 4387 4364 4363
f 4365 4364 3559
f 3561 4365 3559
f 3528 4365 3561
f 3534 3563 4367
f 3563 4388 4367
f 4389 3572 3571
f 4390 3572 4389
f 3573 4391 3571
f 4391 4389 3571
f 3574 4392 3573
f 4392 4391 3573
f 3542 4369 4392
f 3574 3542 4392
f 3550 3575 4370
f 4371 4370 3575
f 3577 4371 3575
f 4372 4371 3577
f 3578 4372 3577
f 3552 4372 3578
f 3554 3579 4373
f 4374 4373 3579
f 3580 4374 3579
f 4375 4374 3580
f 3581 4375 3580
f 4376 4375 3581
f 3582 4376 3581
f 4377 4376 3582
f 3583 4377 3582
f 3583 3584 4393
f 3583 4393 4377
f 4377 4393 4378
f 3587 3586 4379
f 3587 4379 4393
f 4393 4379 4378
f 4380 4379 3586
f 3588 4380 3586
f 4381 4380 3588
f 3589 4381 3588
f 4382 4381 3589
f 3590 4382 3589
f 4383 4382 3590
f 3591 4383 3590
f 4384 4383 3591
f 3592 4384 3591
f 4385 4384 3592
f 3593 4385 3592
f 4386 4385 3593
f 3594 4386 3593
f 3556 4386 3594
f 3558 3595 4387
f 3560 4387 3595
f 3596 4394 4395
f 3596 4395 3563
f 3563 4395 4388
f 3597 4394 3596
f 3603 4396 3604
f 3605 4396 3603
f 4397 4396 3605
f 4397 4398 4399
f 4397 3605 4398
f 3605 3606 4398
f 3607 4400 3606
f 4400 4398 3606
f 3608 4401 3607
f 4401 4400 3607
f 3572 4390 4401
f 3608 3572 4401
f 3584 3609 4393
f 3587 4393 3609
f 3610 3612 4402
f 3613 3610 4402
f 4394 4403 4395
f 4394 4404 4403
f 4394 3597 4404
f 3597 3615 4404
f 3617 4405 3618
f 4405 4406 4407
f 4405 3617 4406
f 3617 3619 4406
f 3604 4396 4408
f 3604 4408 3619
f 3619 4408 4406
f 4396 4397 4409
f 4408 4396 4409
f 4397 4399 4409
f 3622 3621 4410
f 3623 3622 4410
f 4411 3623 4410
f 3624 3623 4411
f 4412 3624 4411
f 3625 3624 4412
f 4413 3625 4412
f 3626 3625 4413
f 4414 3626 4413
f 3612 3626 4414
f 3612 4414 4402
f 4402 4414 4415
f 3627 3613 4402
f 3627 4402 4416
f 4416 4402 4415
f 3628 3627 4416
f 4417 4418 4419
f 4417 3630 4418
f 4417 4404 3630
f 4404 3615 3630
f 4420 3618 4405
f 4420 4421 3618
f 4421 3632 3618
f 4405 4407 4420
f 3635 3636 4422
f 3621 3635 4422
f 3621 4422 4410
f 4410 4422 4423
f 4411 4410 4424
f 4410 4423 4424
f 4412 4411 4425
f 4411 4424 4425
f 4413 4412 4426
f 4412 4425 4426
f 4414 4413 4427
f 4413 4426 4427
f 4415 4414 4428
f 4414 4427 4428
f 3641 3640 4416
f 3641 4416 4428
f 4428 4416 4415
f 3628 4416 3640
f 4418 4429 4430
f 4419 4418 4430
f 3643 4418 3630
f 4429 4418 3643
f 3632 4421 3646
f 3646 4421 4431
f 3636 3648 4422
f 4423 4422 3648
f 3649 4423 3648
f 4424 4423 3649
f 3650 4424 3649
f 4425 4424 3650
f 3651 4425 3650
f 4426 4425 3651
f 3652 4426 3651
f 4427 4426 3652
f 3653 4427 3652
f 4428 4427 3653
f 3654 4428 3653
f 3641 4428 3654
f 4429 3655 3657
f 4429 3657 4430
f 4430 3657 4432
f 3643 3655 4429
f 4433 3661 3660
f 4434 3661 4433
f 3646 4431 4433
f 3660 3646 4433
f 3657 3663 4432
f 3663 4435 4432
f 3661 4434 3667
f 3667 4434 4436
f 3668 3670 4437
f 3671 3668 4437
f 3672 4438 4435
f 3663 3672 4435
f 3673 4439 3672
f 4439 4438 3672
f 3674 4440 3673
f 4440 4439 3673
f 3675 4441 3674
f 4441 4440 3674
f 3667 4436 4441
f 3675 3667 4441
f 3670 3676 4437
f 3671 4437 3676
f 3680 3681 4442
f 3682 3680 4442
f 4443 3682 4442
f 3683 3682 4443
f 4444 3683 4443
f 3684 3683 4444
f 3685 3686 4445
f 3687 3685 4445
f 3681 3689 4442
f 3689 3690 4446
f 3689 4446 4442
f 4442 4446 4443
f 4444 4443 4447
f 4443 4446 4447
f 3691 3684 4444
f 3691 4444 4448
f 4448 4444 4447
f 3692 3691 4448
f 4449 3692 4448
f 3686 3692 4449
f 3686 4449 4445
f 4445 4449 4450
f 3693 3687 4445
f 4450 3693 4445
f 3694 3695 4451
f 4452 4451 4453
f 4446 4451 4452
f 4446 3694 4451
f 4446 3690 3694
f 4446 4454 4447
f 4452 4454 4446
f 4447 4455 4448
f 4454 4455 4447
f 4448 4456 4449
f 4455 4456 4448
f 4449 4457 4450
f 4456 4457 4449
f 4450 4457 4458
f 3693 4450 4458
f 3693 4458 4459
f 3693 4459 3696
f 3697 3696 4459
f 4460 3697 4459
f 3698 3697 4460
f 3695 3699 4461
f 4451 3695 4461
f 4461 4453 4451
f 4462 4453 4461
f 4459 4458 4463
f 4459 4464 4460
f 4463 4464 4459
f 4460 4464 4465
f 3698 4460 4465
f 3698 4465 4466
f 3698 4466 3700
f 3701 3700 4466
f 4467 3701 4466
f 3702 3701 4467
f 4468 3702 4467
f 3703 3702 4468
f 4469 3703 4468
f 3704 3703 4469
f 4470 3704 4469
f 3705 3704 4470
f 4471 3705 4470
f 3706 3705 4471
f 3707 3709 4472
f 3710 3707 4472
f 3699 3711 4461
f 3711 4462 4461
f 3711 3712 4462
f 3712 4473 4462
f 4466 4465 4474
f 4466 4475 4467
f 4474 4475 4466
f 4467 4476 4468
f 4475 4476 4467
f 4468 4477 4469
f 4476 4477 4468
f 4469 4478 4470
f 4477 4478 4469
f 4470 4479 4471
f 4478 4479 4470
f 4471 3713 3706
f 4471 4479 3713
f 4479 4480 3713
f 3709 4481 4472
f 3709 3713 4481
f 3713 4480 4481
f 4472 3714 3710
f 4472 4481 3714
f 4481 4482 3714
f 3715 3714 4483
f 4483 3714 4482
f 3716 3715 4484
f 4484 3715 4483
f 4485 4486 3717
f 4485 3717 4484
f 4484 3717 3716
f 3718 3717 4486
f 3712 3720 4473
f 3720 4487 4473
f 4486 4485 4488
f 4486 3721 3718
f 4486 4488 3721
f 4488 4489 3721
f 4490 3722 3721
f 4489 4490 3721
f 3720 3724 4487
f 3724 4491 4487
f 3722 4490 3725
f 3725 4490 4492
f 3726 4493 4491
f 3724 3726 4491
f 4494 3726 3727
f 4494 4495 3726
f 4495 4493 3726
f 4494 4496 4495
f 3729 4497 4498
f 3729 3725 4497
f 3725 4492 4497
f 3730 3729 4498
f 3727 3731 4494
f 3731 4496 4494
f 3731 3732 4496
f 3732 4499 4496
f 4498 4500 4501
f 4497 4500 4498
f 3733 3730 4498
f 4501 3733 4498
f 3746 4502 4499
f 3732 3746 4499
f 4503 3746 3747
f 4502 3746 4503
f 4501 4500 4504
f 4501 4504 4505
f 3733 4501 4505
f 3733 4505 4506
f 3733 4506 3749
f 3750 3749 4506
f 3768 3767 4507
f 3769 3768 4507
f 4508 3769 4507
f 3770 3769 4508
f 4509 3770 4508
f 3771 3770 4509
f 4510 3771 4509
f 3772 3771 4510
f 4511 3772 4510
f 3773 3772 4511
f 4512 3773 4511
f 3774 3773 4512
f 4513 3774 4512
f 3775 3774 4513
f 4514 3775 4513
f 3776 3775 4514
f 4515 3776 4514
f 3777 3776 4515
f 4516 3777 4515
f 3778 3777 4516
f 4517 3778 4516
f 3779 3778 4517
f 4518 3779 4517
f 3780 3779 4518
f 4519 3780 4518
f 3781 3780 4519
f 4520 3781 4519
f 3782 3781 4520
f 4521 3782 4520
f 3783 3782 4521
f 3787 3786 4522
f 4522 3747 3787
f 4522 4523 3747
f 4523 4503 3747
f 4506 4524 4525
f 4505 4524 4506
f 3789 3750 4506
f 4525 3789 4506
f 3800 3801 4526
f 3802 3800 4526
f 4527 3802 4526
f 3803 3802 4527
f 4528 3803 4527
f 3804 3803 4528
f 4529 3804 4528
f 3805 3804 4529
f 4530 3805 4529
f 3806 3805 4530
f 4531 3806 4530
f 3807 3806 4531
f 4532 3807 4531
f 3808 3807 4532
f 4533 3808 4532
f 3767 3808 4533
f 3767 4533 4507
f 4507 4533 4534
f 4508 4507 4535
f 4507 4534 4535
f 4509 4508 4536
f 4508 4535 4536
f 4510 4509 4537
f 4509 4536 4537
f 4511 4510 4538
f 4510 4537 4538
f 4512 4511 4539
f 4511 4538 4539
f 4513 4512 4540
f 4512 4539 4540
f 4514 4513 4541
f 4513 4540 4541
f 4515 4514 4542
f 4514 4541 4542
f 4516 4515 4543
f 4515 4542 4543
f 4517 4516 4544
f 4516 4543 4544
f 4518 4517 4545
f 4517 4544 4545
f 4519 4518 4546
f 4518 4545 4546
f 4520 4519 4547
f 4519 4546 4547
f 4521 4520 4548
f 4520 4547 4548
f 3809 3783 4521
f 3809 4521 4549
f 4549 4521 4548
f 3810 3809 4549
f 3813 3812 4550
f 3814 3813 4550
f 4551 3814 4550
f 4552 4551 4553
f 4522 4551 4552
f 4522 3814 4551
f 4522 3786 3814
f 4522 4552 4523
f 4525 4554 4555
f 4524 4554 4525
f 3815 3789 4525
f 4555 3815 4525
f 3801 3826 4526
f 4527 4526 3826
f 3828 4527 3826
f 4528 4527 3828
f 3830 4528 3828
f 4529 4528 3830
f 3832 4529 3830
f 3832 3833 4556
f 3832 4556 4529
f 4529 4556 4530
f 4531 4530 4557
f 4530 4556 4557
f 4532 4531 4558
f 4531 4557 4558
f 3835 3834 4533
f 3835 4533 4558
f 4558 4533 4532
f 3834 3837 4559
f 3834 4559 4533
f 4533 4559 4534
f 4535 4534 4560
f 4534 4559 4560
f 4536 4535 4561
f 4535 4560 4561
f 4537 4536 4562
f 4536 4561 4562
f 4538 4537 4563
f 4537 4562 4563
f 4539 4538 4564
f 4538 4563 4564
f 4540 4539 4565
f 4539 4564 4565
f 4541 4540 4566
f 4540 4565 4566
f 4542 4541 4567
f 4541 4566 4567
f 4543 4542 4568
f 4542 4567 4568
f 4544 4543 4569
f 4543 4568 4569
f 4545 4544 4570
f 4544 4569 4570
f 4546 4545 4571
f 4545 4570 4571
f 4547 4546 4572
f 4546 4571 4572
f 4548 4547 4573
f 4547 4572 4573
f 4549 4548 4574
f 4548 4573 4574
f 3838 3810 4549
f 3838 4549 4575
f 4575 4549 4574
f 3812 3838 4575
f 3812 4575 4550
f 4550 4575 4576
f 4551 4550 4577
f 4550 4576 4577
f 4577 4553 4551
f 4578 4553 4577
f 4555 4554 4579
f 4555 4579 4580
f 3815 4555 4580
f 3815 4580 4581
f 3815 4581 3840
f 3841 3840 4581
f 4582 3841 4581
f 3843 3841 4582
f 3833 3858 4556
f 3858 3859 4583
f 3858 4583 4556
f 4556 4583 4557
f 3861 3860 4558
f 3861 4558 4583
f 4583 4558 4557
f 3860 3864 4584
f 3860 4584 4558
f 3863 3835 4584
f 3835 4558 4584
f 3837 3863 4584
f 3837 4584 4559
f 4559 4584 4585
f 4560 4559 4586
f 4559 4585 4586
f 4561 4560 4587
f 4560 4586 4587
f 4562 4561 4588
f 4561 4587 4588
f 4563 4562 4589
f 4562 4588 4589
f 4564 4563 4590
f 4563 4589 4590
f 4565 4564 4591
f 4564 4590 4591
f 4566 4565 4592
f 4565 4591 4592
f 4567 4566 4593
f 4566 4592 4593
f 4568 4567 4594
f 4567 4593 4594
f 4569 4568 4595
f 4568 4594 4595
f 4570 4569 4596
f 4569 4595 4596
f 4571 4570 4597
f 4570 4596 4597
f 4572 4571 4598
f 4571 4597 4598
f 4573 4572 4599
f 4572 4598 4599
f 4574 4573 4600
f 4573 4599 4600
f 4575 4574 4601
f 4574 4600 4601
f 4576 4575 4602
f 4575 4601 4602
f 4603 4602 4604
f 4603 4577 4602
f 4577 4576 4602
f 4577 4603 4578
f 4581 4580 4605
f 4581 4606 4582
f 4605 4606 4581
f 4582 3867 3843
f 4582 4606 3867
f 4606 4607 3867
f 3869 3867 4608
f 4608 3867 4607
f 4609 3871 3869
f 4609 3869 4610
f 4610 3869 4608
f 4610 4611 4612
f 4609 4610 4612
f 4611 4613 4614
f 4612 4611 4614
f 4613 4615 4616
f 4614 4613 4616
f 4615 4617 4618
f 4616 4615 4618
f 4618 4617 4619
f 3883 3884 4620
f 3885 3883 4620
f 3887 3888 4621
f 3889 3887 4621
f 4622 3889 4621
f 3890 3889 4622
f 4623 3890 4622
f 3891 3890 4623
f 4624 3891 4623
f 3859 3891 4624
f 3859 4624 4583
f 4583 4624 4625
f 3892 3861 4583
f 3892 4583 4626
f 4626 4583 4625
f 3864 3892 4626
f 3864 4626 4584
f 4584 4626 4627
f 4585 4584 4628
f 4584 4627 4628
f 4586 4585 4629
f 4585 4628 4629
f 4587 4586 4630
f 4586 4629 4630
f 4588 4587 4631
f 4587 4630 4631
f 4589 4588 4632
f 4588 4631 4632
f 4590 4589 4633
f 4589 4632 4633
f 4591 4590 4634
f 4590 4633 4634
f 4592 4591 4635
f 4591 4634 4635
f 4593 4592 4636
f 4592 4635 4636
f 4594 4593 4637
f 4593 4636 4637
f 4638 4637 4639
f 4638 4595 4637
f 4595 4594 4637
f 4595 4640 4596
f 4638 4640 4595
f 4596 4641 4597
f 4640 4641 4596
f 4597 4642 4598
f 4641 4642 4597
f 4598 4643 4599
f 4642 4643 4598
f 4599 4644 4600
f 4643 4644 4599
f 4600 4645 4601
f 4644 4645 4600
f 4601 4646 4602
f 4645 4646 4601
f 4602 4646 4604
f 3871 4609 3897
f 4612 3897 4609
f 3899 3897 4612
f 4614 3899 4612
f 3901 3899 4614
f 4616 3901 4614
f 3903 3901 4616
f 4618 3903 4616
f 3905 3903 4618
f 4619 4647 4648
f 4618 4619 4648
f 4618 4648 3907
f 4618 3907 3905
f 4648 4647 4649
f 3884 3919 4650
f 4620 3884 4650
f 3920 3885 4620
f 4650 3920 4620
f 3888 3922 4651
f 4621 3888 4651
f 4622 4621 4652
f 4621 4651 4652
f 4623 4622 4653
f 4622 4652 4653
f 4624 4623 4654
f 4623 4653 4654
f 4625 4624 4655
f 4624 4654 4655
f 4626 4625 4656
f 4625 4655 4656
f 4627 4626 4657
f 4626 4656 4657
f 4628 4627 4658
f 4627 4657 4658
f 4629 4628 4659
f 4628 4658 4659
f 4630 4629 4660
f 4629 4659 4660
f 4631 4630 4661
f 4630 4660 4661
f 4632 4631 4662
f 4631 4661 4662
f 4633 4632 4663
f 4632 4662 4663
f 4634 4633 4664
f 4633 4663 4664
f 4665 4664 4666
f 4665 4635 4664
f 4635 4634 4664
f 4667 4635 4665
f 4667 4668 4635
f 4668 4636 4635
f 4637 4636 4669
f 4636 4668 4669
f 4669 4639 4637
f 4670 4639 4669
f 3907 4648 3931
f 4649 4671 4672
f 4648 4649 4672
f 4648 4672 3933
f 4648 3933 3931
f 4672 4671 4673
f 3940 3941 4674
f 3942 3940 4674
f 3919 3945 4650
f 3945 3947 4675
f 3945 4675 4650
f 3946 3920 4675
f 3920 4650 4675
f 3922 3946 4675
f 3922 4675 4651
f 4651 4675 4676
f 3949 3948 4652
f 3949 4652 4676
f 4676 4652 4651
f 4653 4652 3948
f 3952 4653 3948
f 3952 3953 4677
f 3952 4677 4653
f 4653 4677 4654
f 4655 4654 4678
f 4654 4677 4678
f 3955 3954 4656
f 3955 4656 4678
f 4678 4656 4655
f 3954 3957 4679
f 3954 4679 4656
f 4656 4679 4657
f 4658 4657 4680
f 4657 4679 4680
f 4659 4658 4681
f 4658 4680 4681
f 4660 4659 4682
f 4659 4681 4682
f 4661 4660 4683
f 4660 4682 4683
f 4662 4661 4684
f 4661 4683 4684
f 4663 4662 4685
f 4662 4684 4685
f 4664 4663 4686
f 4663 4685 4686
f 4666 4687 4688
f 4666 4664 4687
f 4664 4686 4687
f 4688 4668 4667
f 4688 4687 4668
f 4687 4689 4668
f 4690 4689 4691
f 4690 4669 4689
f 4669 4668 4689
f 4670 4669 4690
f 4692 4693 4694
f 4692 4695 4696
f 4694 4695 4692
f 4695 4697 4696
f 3933 4672 3965
f 4673 4698 4699
f 4672 4673 4699
f 4672 4699 3967
f 4672 3967 3965
f 4699 4698 4700
f 3979 3980 4701
f 3941 3979 4701
f 3941 4701 4674
f 4674 4701 4702
f 3981 3942 4674
f 3981 4674 4703
f 4703 4674 4702
f 3982 3981 4703
f 4704 3982 4703
f 3947 3982 4704
f 3947 4704 4675
f 4675 4704 4705
f 4676 4675 4706
f 4675 4705 4706
f 3983 3949 4676
f 3983 4676 4707
f 4707 4676 4706
f 3984 3983 4707
f 4708 3984 4707
f 3953 3984 4708
f 3953 4708 4677
f 4677 4708 4709
f 4678 4677 4710
f 4677 4709 4710
f 3985 3955 4678
f 3985 4678 4711
f 4711 4678 4710
f 3957 3985 4711
f 3957 4711 4679
f 4679 4711 4712
f 4680 4679 4713
f 4679 4712 4713
f 4681 4680 4714
f 4680 4713 4714
f 4682 4681 4715
f 4681 4714 4715
f 4683 4682 4716
f 4682 4715 4716
f 4684 4683 4717
f 4683 4716 4717
f 4718 4717 4719
f 4718 4685 4717
f 4685 4684 4717
f 4720 4685 4718
f 4720 4721 4685
f 4721 4686 4685
f 4687 4686 4722
f 4686 4721 4722
f 4723 4722 4724
f 4723 4689 4722
f 4689 4687 4722
f 4689 4723 4691
f 4694 4693 4725
f 4694 4726 4695
f 4725 4726 4694
f 4695 4726 4697
f 3991 4727 3992
f 3967 4727 3991
f 3967 4699 4727
f 4699 4728 4727
f 4728 4699 4700
f 4729 4728 4700
f 4002 4003 4730
f 4004 4002 4730
f 4731 4004 4730
f 4005 4004 4731
f 4732 4005 4731
f 4006 4005 4732
f 4733 4006 4732
f 3980 4006 4733
f 3980 4733 4701
f 4701 4733 4734
f 4702 4701 4735
f 4701 4734 4735
f 4703 4702 4736
f 4702 4735 4736
f 4704 4703 4737
f 4703 4736 4737
f 4705 4704 4738
f 4704 4737 4738
f 4706 4705 4739
f 4705 4738 4739
f 4707 4706 4740
f 4706 4739 4740
f 4708 4707 4741
f 4707 4740 4741
f 4709 4708 4742
f 4708 4741 4742
f 4710 4709 4743
f 4709 4742 4743
f 4711 4710 4744
f 4710 4743 4744
f 4712 4711 4745
f 4711 4744 4745
f 4746 4745 4747
f 4746 4713 4745
f 4713 4712 4745
f 4713 4748 4714
f 4746 4748 4713
f 4714 4749 4715
f 4748 4749 4714
f 4715 4750 4716
f 4749 4750 4715
f 4716 4751 4717
f 4750 4751 4716
f 4717 4751 4719
f 4721 4720 4752
f 4721 4753 4722
f 4752 4753 4721
f 4722 4753 4724
f 3992 4754 4010
f 4727 4754 3992
f 4728 4755 4727
f 4727 4755 4754
f 4755 4728 4729
f 4756 4755 4729
f 4020 4021 4757
f 4003 4020 4757
f 4003 4757 4730
f 4730 4757 4758
f 4731 4730 4759
f 4730 4758 4759
f 4732 4731 4760
f 4731 4759 4760
f 4733 4732 4761
f 4732 4760 4761
f 4734 4733 4762
f 4733 4761 4762
f 4735 4734 4763
f 4734 4762 4763
f 4736 4735 4764
f 4735 4763 4764
f 4737 4736 4765
f 4736 4764 4765
f 4738 4737 4766
f 4737 4765 4766
f 4739 4738 4767
f 4738 4766 4767
f 4740 4739 4768
f 4739 4767 4768
f 4741 4740 4769
f 4740 4768 4769
f 4742 4741 4770
f 4741 4769 4770
f 4743 4742 4771
f 4742 4770 4771
f 4744 4743 4772
f 4743 4771 4772
f 4773 4772 4774
f 4773 4745 4772
f 4745 4744 4772
f 4745 4773 4747
f 4010 4775 4025
f 4754 4775 4010
f 4755 4776 4754
f 4754 4776 4775
f 4776 4755 4756
f 4777 4776 4756
f 4021 4035 4757
f 4758 4757 4035
f 4037 4758 4035
f 4037 4038 4778
f 4037 4778 4758
f 4758 4778 4759
f 4760 4759 4779
f 4759 4778 4779
f 4761 4760 4780
f 4760 4779 4780
f 4762 4761 4781
f 4761 4780 4781
f 4763 4762 4782
f 4762 4781 4782
f 4764 4763 4783
f 4763 4782 4783
f 4765 4764 4784
f 4764 4783 4784
f 4766 4765 4785
f 4765 4784 4785
f 4767 4766 4786
f 4766 4785 4786
f 4768 4767 4787
f 4767 4786 4787
f 4769 4768 4788
f 4768 4787 4788
f 4770 4769 4789
f 4769 4788 4789
f 4771 4770 4790
f 4770 4789 4790
f 4772 4771 4791
f 4771 4790 4791
f 4774 4792 4793
f 4774 4772 4792
f 4772 4791 4792
f 4792 4794 4793
f 4795 4796 4797
f 4797 4798 4795
f 4025 4799 4042
f 4775 4799 4025
f 4776 4800 4775
f 4775 4800 4799
f 4800 4776 4777
f 4801 4800 4777
f 4038 4050 4778
f 4779 4778 4050
f 4052 4779 4050
f 4780 4779 4052
f 4054 4780 4052
f 4781 4780 4054
f 4056 4781 4054
f 4056 4057 4802
f 4056 4802 4781
f 4781 4802 4782
f 4059 4058 4783
f 4059 4783 4802
f 4802 4783 4782
f 4784 4783 4058
f 4062 4784 4058
f 4062 4063 4803
f 4062 4803 4784
f 4784 4803 4785
f 4786 4785 4804
f 4785 4803 4804
f 4787 4786 4805
f 4786 4804 4805
f 4788 4787 4806
f 4787 4805 4806
f 4789 4788 4807
f 4788 4806 4807
f 4790 4789 4808
f 4789 4807 4808
f 4791 4790 4809
f 4790 4808 4809
f 4792 4791 4810
f 4791 4809 4810
f 4794 4811 4812
f 4794 4792 4811
f 4792 4810 4811
f 4811 4813 4812
f 4814 4815 4816
f 4814 4797 4796
f 4814 4816 4797
f 4816 4817 4797
f 4798 4818 4819
f 4798 4797 4818
f 4797 4817 4818
f 4818 4820 4819
f 4821 4822 4823
f 4821 4824 4825
f 4823 4824 4821
f 4824 4826 4825
f 4827 4828 4829
f 4827 4830 4831
f 4829 4830 4827
f 4830 4832 4831
f 4042 4833 4069
f 4799 4833 4042
f 4800 4834 4799
f 4799 4834 4833
f 4834 4800 4801
f 4835 4834 4801
f 4078 4079 4836
f 4080 4078 4836
f 4057 4084 4837
f 4802 4057 4837
f 4085 4059 4802
f 4837 4085 4802
f 4063 4088 4838
f 4803 4063 4838
f 4804 4803 4839
f 4803 4838 4839
f 4090 4089 4805
f 4090 4805 4839
f 4839 4805 4804
f 4089 4092 4840
f 4089 4840 4805
f 4805 4840 4806
f 4807 4806 4841
f 4806 4840 4841
f 4808 4807 4842
f 4807 4841 4842
f 4809 4808 4843
f 4808 4842 4843
f 4810 4809 4844
f 4809 4843 4844
f 4811 4810 4845
f 4810 4844 4845
f 4845 4813 4811
f 4846 4813 4845
f 4816 4847 4848
f 4815 4847 4816
f 4817 4816 4849
f 4816 4848 4849
f 4818 4817 4850
f 4817 4849 4850
f 4850 4820 4818
f 4851 4820 4850
f 4823 4852 4853
f 4822 4852 4823
f 4824 4823 4854
f 4823 4853 4854
f 4854 4826 4824
f 4855 4826 4854
f 4829 4856 4857
f 4828 4856 4829
f 4830 4829 4858
f 4829 4857 4858
f 4832 4859 4860
f 4832 4830 4859
f 4830 4858 4859
f 4859 4861 4860
f 4097 4862 4098
f 4069 4862 4097
f 4069 4833 4862
f 4833 4863 4862
f 4834 4864 4833
f 4833 4864 4863
f 4864 4834 4835
f 4865 4864 4835
f 4079 4108 4836
f 4080 4836 4108
f 4084 4112 4866
f 4837 4084 4866
f 4113 4085 4837
f 4866 4113 4837
f 4088 4116 4867
f 4838 4088 4867
f 4839 4838 4868
f 4838 4867 4868
f 4117 4090 4839
f 4868 4117 4839
f 4092 4119 4869
f 4840 4092 4869
f 4841 4840 4870
f 4840 4869 4870
f 4842 4841 4871
f 4841 4870 4871
f 4843 4842 4872
f 4842 4871 4872
f 4844 4843 4873
f 4843 4872 4873
f 4845 4844 4874
f 4844 4873 4874
f 4874 4846 4845
f 4875 4846 4874
f 4848 4876 4877
f 4847 4876 4848
f 4878 4877 4879
f 4878 4849 4877
f 4849 4848 4877
f 4880 4849 4878
f 4880 4881 4849
f 4881 4850 4849
f 4881 4851 4850
f 4882 4851 4881
f 4853 4852 4883
f 4884 4853 4883
f 4884 4885 4853
f 4885 4854 4853
f 4885 4855 4854
f 4886 4855 4885
f 4857 4887 4888
f 4856 4887 4857
f 4858 4857 4889
f 4857 4888 4889
f 4890 4889 4891
f 4890 4859 4889
f 4859 4858 4889
f 4859 4890 4861
f 4124 4892 4125
f 4126 4892 4124
f 4098 4893 4129
f 4862 4893 4098
f 4894 4895 4893
f 4894 4893 4863
f 4863 4893 4862
f 4863 4864 4896
f 4894 4863 4896
f 4864 4865 4896
f 4112 4138 4897
f 4866 4112 4897
f 4139 4113 4866
f 4897 4139 4866
f 4116 4142 4898
f 4867 4116 4898
f 4868 4867 4899
f 4867 4898 4899
f 4143 4117 4868
f 4143 4868 4900
f 4900 4868 4899
f 4145 4144 4869
f 4145 4869 4900
f 4119 4143 4869
f 4143 4900 4869
f 4144 4147 4901
f 4144 4901 4869
f 4869 4901 4870
f 4871 4870 4902
f 4870 4901 4902
f 4872 4871 4903
f 4871 4902 4903
f 4873 4872 4904
f 4872 4903 4904
f 4874 4873 4905
f 4873 4904 4905
f 4875 4906 4907
f 4875 4874 4906
f 4874 4905 4906
f 4907 4877 4876
f 4907 4906 4877
f 4906 4908 4877
f 4879 4909 4910
f 4879 4877 4909
f 4877 4908 4909
f 4910 4881 4880
f 4910 4909 4881
f 4909 4911 4881
f 4911 4882 4881
f 4912 4882 4911
f 4913 4914 4915
f 4913 4885 4884
f 4913 4915 4885
f 4915 4916 4885
f 4916 4886 4885
f 4917 4886 4916
f 4888 4918 4919
f 4887 4918 4888
f 4889 4888 4920
f 4888 4919 4920
f 4920 4891 4889
f 4921 4891 4920
f 4922 4923 4924
f 4150 4922 4924
f 4150 4149 4922
f 4149 4925 4922
f 4151 4926 4149
f 4926 4925 4149
f 4927 4151 4152
f 4926 4151 4927
f 4155 4928 4156
f 4929 4930 4928
f 4892 4929 4928
f 4892 4928 4155
f 4892 4155 4125
f 4892 4126 4157
f 4892 4157 4929
f 4929 4157 4931
f 4158 4932 4157
f 4932 4931 4157
f 4129 4893 4933
f 4129 4933 4158
f 4158 4933 4932
f 4893 4895 4933
f 4170 4172 4934
f 4138 4170 4934
f 4138 4934 4897
f 4897 4934 4935
f 4173 4139 4897
f 4173 4897 4936
f 4936 4897 4935
f 4174 4173 4936
f 4937 4174 4936
f 4142 4174 4937
f 4142 4937 4898
f 4898 4937 4938
f 4899 4898 4939
f 4898 4938 4939
f 4900 4899 4940
f 4899 4939 4940
f 4175 4145 4900
f 4175 4900 4941
f 4941 4900 4940
f 4147 4175 4941
f 4147 4941 4901
f 4901 4941 4942
f 4902 4901 4943
f 4901 4942 4943
f 4903 4902 4944
f 4902 4943 4944
f 4904 4903 4945
f 4903 4944 4945
f 4905 4904 4946
f 4904 4945 4946
f 4906 4905 4947
f 4905 4946 4947
f 4908 4906 4948
f 4906 4947 4948
f 4909 4908 4949
f 4908 4948 4949
f 4911 4909 4950
f 4909 4949 4950
f 4912 4951 4952
f 4912 4911 4951
f 4911 4950 4951
f 4952 4915 4914
f 4952 4951 4915
f 4951 4953 4915
f 4916 4915 4954
f 4915 4953 4954
f 4954 4917 4916
f 4955 4917 4954
f 4919 4918 4956
f 4919 4957 4920
f 4956 4957 4919
f 4920 4957 4921
f 4958 4959 4960
f 4178 4958 4960
f 4177 4958 4178
f 4177 4923 4958
f 4177 4924 4923
f 4150 4924 4177
f 4179 4961 4927
f 4152 4179 4927
f 4180 4962 4179
f 4962 4961 4179
f 4156 4928 4963
f 4156 4963 4180
f 4180 4963 4962
f 4928 4930 4963
f 4189 4190 4964
f 4191 4189 4965
f 4966 4191 4965
f 4192 4191 4966
f 4967 4192 4966
f 4193 4192 4967
f 4968 4193 4967
f 4172 4193 4968
f 4172 4968 4934
f 4934 4968 4969
f 4935 4934 4970
f 4934 4969 4970
f 4936 4935 4971
f 4935 4970 4971
f 4937 4936 4972
f 4936 4971 4972
f 4938 4937 4973
f 4937 4972 4973
f 4939 4938 4974
f 4938 4973 4974
f 4940 4939 4975
f 4939 4974 4975
f 4941 4940 4976
f 4940 4975 4976
f 4942 4941 4977
f 4941 4976 4977
f 4943 4942 4978
f 4942 4977 4978
f 4944 4943 4979
f 4943 4978 4979
f 4945 4944 4980
f 4944 4979 4980
f 4981 4980 4982
f 4981 4946 4980
f 4946 4945 4980
f 4946 4983 4947
f 4981 4983 4946
f 4947 4984 4948
f 4983 4984 4947
f 4948 4985 4949
f 4984 4985 4948
f 4986 4949 4985
f 4986 4987 4949
f 4987 4950 4949
f 4951 4950 4988
f 4950 4987 4988
f 4989 4988 4990
f 4989 4953 4988
f 4953 4951 4988
f 4953 4991 4954
f 4989 4991 4953
f 4954 4991 4955
f 4960 4195 4194
f 4960 4959 4195
f 4959 4992 4195
f 4178 4960 4194
f 4190 4205 4964
f 4205 4206 4993
f 4205 4993 4965
f 4965 4993 4966
f 4208 4207 4967
f 4208 4967 4993
f 4993 4967 4966
f 4207 4210 4994
f 4207 4994 4967
f 4967 4994 4968
f 4969 4968 4995
f 4968 4994 4995
f 4970 4969 4996
f 4969 4995 4996
f 4971 4970 4997
f 4970 4996 4997
f 4972 4971 4998
f 4971 4997 4998
f 4973 4972 4999
f 4972 4998 4999
f 4974 4973 5000
f 4973 4999 5000
f 4975 4974 5001
f 4974 5000 5001
f 4976 4975 5002
f 4975 5001 5002
f 4977 4976 5003
f 4976 5002 5003
f 4978 4977 5004
f 4977 5003 5004
f 4979 4978 5005
f 4978 5004 5005
f 4980 4979 5006
f 4979 5005 5006
f 5006 4982 4980
f 5007 4982 5006
f 5008 5009 5010
f 5008 5011 5012
f 5010 5011 5008
f 5012 4987 4986
f 5012 5011 4987
f 5011 5013 4987
f 4988 4987 5014
f 4987 5013 5014
f 4990 5015 5016
f 4990 4988 5015
f 4988 5014 5015
f 5015 5017 5016
f 4195 4992 4211
f 4211 4992 5018
f 4206 4219 4993
f 4208 4993 4219
f 4210 4222 4994
f 4995 4994 4222
f 4224 4995 4222
f 4996 4995 4224
f 4226 4996 4224
f 4226 4227 5019
f 4226 5019 4996
f 4996 5019 4997
f 4998 4997 5020
f 4997 5019 5020
f 4999 4998 5021
f 4998 5020 5021
f 5000 4999 5022
f 4999 5021 5022
f 5001 5000 5023
f 5000 5022 5023
f 5002 5001 5024
f 5001 5023 5024
f 5003 5002 5025
f 5002 5024 5025
f 5004 5003 5026
f 5003 5025 5026
f 5005 5004 5027
f 5004 5026 5027
f 5006 5005 5028
f 5005 5027 5028
f 5007 5029 5030
f 5007 5006 5029
f 5006 5028 5029
f 5030 5031 5032
f 5029 5031 5030
f 5032 5010 5009
f 5032 5031 5010
f 5031 5033 5010
f 5011 5010 5034
f 5010 5033 5034
f 5013 5011 5035
f 5011 5034 5035
f 5014 5013 5036
f 5013 5035 5036
f 5015 5014 5037
f 5014 5036 5037
f 5017 5038 5039
f 5017 5015 5038
f 5015 5037 5038
f 5039 5040 5041
f 5038 5040 5039
f 5040 5042 5041
f 5043 5044 5045
f 5045 5046 5043
f 5047 5048 5049
f 5047 5050 5051
f 5049 5050 5047
f 5050 5052 5051
f 4211 5018 4228
f 4228 5018 5053
f 4227 4237 5019
f 5020 5019 4237
f 4239 5020 4237
f 5021 5020 4239
f 4241 5021 4239
f 5022 5021 4241
f 4243 5022 4241
f 5023 5022 4243
f 4245 5023 4243
f 5024 5023 4245
f 4247 5024 4245
f 4247 4248 5054
f 4247 5054 5024
f 5024 5054 5025
f 5026 5025 5055
f 5025 5054 5055
f 4250 4249 5027
f 4250 5027 5055
f 5055 5027 5026
f 5028 5027 4249
f 4253 5028 4249
f 4253 4254 5056
f 4253 5056 5028
f 5028 5056 5029
f 5031 5029 5057
f 5029 5056 5057
f 5033 5031 5058
f 5031 5057 5058
f 5034 5033 5059
f 5033 5058 5059
f 5035 5034 5060
f 5034 5059 5060
f 5036 5035 5061
f 5035 5060 5061
f 5037 5036 5062
f 5036 5061 5062
f 5038 5037 5063
f 5037 5062 5063
f 5040 5038 5064
f 5038 5063 5064
f 5042 5065 5066
f 5042 5040 5065
f 5040 5064 5065
f 5066 5045 5044
f 5066 5065 5045
f 5065 5067 5045
f 5046 5068 5069
f 5046 5045 5068
f 5045 5067 5068
f 5069 5070 5071
f 5068 5070 5069
f 5070 5072 5071
f 5073 5074 5075
f 5073 5049 5048
f 5073 5075 5049
f 5075 5076 5049
f 5050 5049 5077
f 5049 5076 5077
f 5077 5052 5050
f 5078 5052 5077
f 5079 5080 5081
f 5079 5081 4255
f 5079 4255 5053
f 5053 4255 4228
f 4248 4268 5054
f 4268 4269 5082
f 4268 5082 5054
f 5054 5082 5055
f 4270 4250 5055
f 5082 4270 5055
f 4272 4273 5083
f 4254 4272 5083
f 4254 5083 5056
f 5056 5083 5084
f 5057 5056 5085
f 5056 5084 5085
f 5058 5057 5086
f 5057 5085 5086
f 5059 5058 5087
f 5058 5086 5087
f 5060 5059 5088
f 5059 5087 5088
f 5061 5060 5089
f 5060 5088 5089
f 5062 5061 5090
f 5061 5089 5090
f 5063 5062 5091
f 5062 5090 5091
f 5064 5063 5092
f 5063 5091 5092
f 5065 5064 5093
f 5064 5092 5093
f 5067 5065 5094
f 5065 5093 5094
f 5068 5067 5095
f 5067 5094 5095
f 5070 5068 5096
f 5068 5095 5096
f 5072 5097 5098
f 5072 5070 5097
f 5070 5096 5097
f 5098 5075 5074
f 5098 5097 5075
f 5097 5099 5075
f 5076 5075 5100
f 5075 5099 5100
f 5077 5076 5101
f 5076 5100 5101
f 5101 5078 5077
f 5102 5078 5101
f 5081 4275 4274
f 5081 5080 4275
f 5080 5103 4275
f 4255 5081 4274
f 4269 4288 5082
f 4270 5082 4288
f 4273 4291 5083
f 5084 5083 4291
f 4293 5084 4291
f 5085 5084 4293
f 4295 5085 4293
f 4295 4296 5104
f 4295 5104 5085
f 5085 5104 5086
f 5087 5086 5105
f 5086 5104 5105
f 5088 5087 5106
f 5087 5105 5106
f 5089 5088 5107
f 5088 5106 5107
f 5090 5089 5108
f 5089 5107 5108
f 5091 5090 5109
f 5090 5108 5109
f 5092 5091 5110
f 5091 5109 5110
f 5093 5092 5111
f 5092 5110 5111
f 5094 5093 5112
f 5093 5111 5112
f 5095 5094 5113
f 5094 5112 5113
f 5096 5095 5114
f 5095 5113 5114
f 5097 5096 5115
f 5096 5114 5115
f 5099 5097 5116
f 5097 5115 5116
f 5100 5099 5117
f 5099 5116 5117
f 5101 5100 5118
f 5100 5117 5118
f 5118 5102 5101
f 5119 5102 5118
f 5120 5121 5122
f 5122 5123 5120
f 5124 5125 5126
f 5124 5126 4297
f 5124 4297 5103
f 5103 4297 4275
f 4296 4309 5104
f 5105 5104 4309
f 4311 5105 4309
f 5106 5105 4311
f 4313 5106 4311
f 5107 5106 4313
f 4315 5107 4313
f 5108 5107 4315
f 4317 5108 4315
f 5109 5108 4317
f 4319 5109 4317
f 5110 5109 4319
f 4321 5110 4319
f 5111 5110 4321
f 4323 5111 4321
f 5112 5111 4323
f 4325 5112 4323
f 5113 5112 4325
f 4327 5113 4325
f 5114 5113 4327
f 4329 5114 4327
f 5115 5114 4329
f 4331 5115 4329
f 5116 5115 4331
f 4333 5116 4331
f 5117 5116 4333
f 4335 5117 4333
f 5118 5117 4335
f 4337 5118 4335
f 5119 5118 4337
f 5119 4337 5127
f 5127 4337 4339
f 5128 4339 4340
f 5128 5129 4339
f 5129 5127 4339
f 5129 5122 5121
f 5129 5128 5122
f 5128 5130 5122
f 5130 5123 5122
f 5131 5123 5130
f 5132 5133 5134
f 4342 5132 5134
f 4342 4341 5132
f 4341 5135 5132
f 5126 5125 5135
f 5126 5135 4343
f 4343 5135 4341
f 4297 5126 4343
f 4340 4366 5128
f 4366 4367 5136
f 4366 5136 5128
f 5128 5136 5130
f 5136 5131 5130
f 5137 5131 5136
f 5138 5139 5140
f 4369 5138 5140
f 4368 5138 4369
f 4368 5133 5138
f 4368 5134 5133
f 4342 5134 4368
f 4367 4388 5141
f 5136 4367 5141
f 5141 5137 5136
f 5142 5137 5141
f 5143 4390 4389
f 5144 4390 5143
f 4391 5145 4389
f 5145 5143 4389
f 5140 5139 5145
f 5140 5145 4392
f 4392 5145 4391
f 4369 5140 4392
f 4388 4395 5146
f 5141 4388 5146
f 5146 5142 5141
f 5147 5142 5146
f 5148 4399 4398
f 5149 4399 5148
f 4400 5150 4398
f 5150 5148 4398
f 4401 5151 4400
f 5151 5150 4400
f 4390 5144 5151
f 4401 4390 5151
f 4395 4403 5146
f 4403 5147 5146
f 4403 4404 5147
f 4404 5152 5147
f 5153 5154 5155
f 4407 5153 5155
f 4407 4406 5153
f 4406 5156 5153
f 4408 5157 4406
f 5157 5156 4406
f 4409 5158 4408
f 5158 5157 4408
f 4399 5149 5158
f 4409 4399 5158
f 5159 4417 4419
f 5160 5159 4419
f 4404 5159 5152
f 4417 5159 4404
f 5155 4421 4420
f 5155 5154 4421
f 5154 5161 4421
f 4407 5155 4420
f 4419 4430 5160
f 4430 5162 5160
f 4421 5161 4431
f 4431 5161 5163
f 4430 4432 5162
f 4432 5164 5162
f 5165 4434 4433
f 5166 4434 5165
f 4431 5163 5165
f 4433 4431 5165
f 5167 5168 5164
f 5167 5164 4435
f 4435 5164 4432
f 5167 5169 5168
f 4434 5166 4436
f 4436 5166 5170
f 4435 4438 5167
f 5169 5167 4438
f 5169 4438 5171
f 5171 4438 4439
f 4440 5172 4439
f 5172 5171 4439
f 4441 5173 4440
f 5173 5172 4440
f 4436 5170 5173
f 4441 4436 5173
f 4452 4453 5174
f 4454 4452 5174
f 5175 4454 5174
f 4455 4454 5175
f 5176 4455 5175
f 4456 4455 5176
f 5177 4456 5176
f 4457 4456 5177
f 5178 4457 5177
f 4458 4457 5178
f 5179 5174 4453
f 5179 4453 5180
f 5180 4453 4462
f 5181 5174 5179
f 5181 5182 5174
f 5182 5175 5174
f 5176 5175 5183
f 5175 5182 5183
f 5177 5176 5184
f 5176 5183 5184
f 5178 5177 5185
f 5177 5184 5185
f 4463 4458 5178
f 4463 5178 5186
f 5186 5178 5185
f 4464 4463 5186
f 5187 4464 5186
f 4465 4464 5187
f 4462 4473 5180
f 4473 5188 5180
f 5182 5189 5190
f 5181 5189 5182
f 5183 5182 5191
f 5182 5190 5191
f 5184 5183 5192
f 5183 5191 5192
f 5185 5184 5193
f 5184 5192 5193
f 5186 5185 5194
f 5185 5193 5194
f 5187 5186 5195
f 5186 5194 5195
f 4474 4465 5187
f 4474 5187 5196
f 5196 5187 5195
f 4475 4474 5196
f 5197 4475 5196
f 4476 4475 5197
f 5198 4476 5197
f 4477 4476 5198
f 5199 4477 5198
f 4478 4477 5199
f 5200 4478 5199
f 4479 4478 5200
f 5201 4479 5200
f 4480 4479 5201
f 5202 4480 5201
f 4481 4480 5202
f 5203 4481 5202
f 4482 4481 5203
f 5204 4482 5203
f 4483 4482 5204
f 5205 4483 5204
f 4484 4483 5205
f 5206 4484 5205
f 4485 4484 5206
f 5207 5208 5188
f 5207 5188 4487
f 4487 5188 4473
f 5208 5190 5189
f 5208 5207 5190
f 5207 5209 5190
f 5210 5209 5211
f 5210 5191 5209
f 5191 5190 5209
f 5191 5212 5192
f 5210 5212 5191
f 5192 5213 5193
f 5212 5213 5192
f 5193 5214 5194
f 5213 5214 5193
f 5194 5215 5195
f 5214 5215 5194
f 5195 5216 5196
f 5215 5216 5195
f 5196 5217 5197
f 5216 5217 5196
f 5197 5218 5198
f 5217 5218 5197
f 5198 5219 5199
f 5218 5219 5198
f 5199 5220 5200
f 5219 5220 5199
f 5200 5221 5201
f 5220 5221 5200
f 5201 5222 5202
f 5221 5222 5201
f 5202 5223 5203
f 5222 5223 5202
f 5203 5224 5204
f 5223 5224 5203
f 5204 5225 5205
f 5224 5225 5204
f 5226 5205 5225
f 5226 5227 5205
f 5227 5206 5205
f 4488 4485 5206
f 4488 5206 5228
f 5228 5206 5227
f 4489 4488 5228
f 5229 4489 5228
f 4490 4489 5229
f 4487 4491 5230
f 5207 4487 5230
f 5209 5207 5231
f 5207 5230 5231
f 5231 5211 5209
f 5232 5211 5231
f 5227 5226 5233
f 5234 5227 5233
f 5234 5235 5227
f 5235 5228 5227
f 5229 5228 5236
f 5228 5235 5236
f 4492 4490 5229
f 5236 4492 5229
f 4491 4493 5230
f 5231 5230 4493
f 4495 5231 4493
f 4495 5232 5231
f 4495 4496 5232
f 4496 5237 5232
f 5235 5238 5239
f 5234 5238 5235
f 5236 5235 5240
f 5235 5239 5240
f 4497 4492 5236
f 5240 4497 5236
f 5241 5242 5237
f 5241 5237 4499
f 4499 5237 4496
f 5241 5243 5242
f 5239 5244 5245
f 5238 5244 5239
f 5240 5239 5246
f 5239 5245 5246
f 4500 4497 5240
f 5246 4500 5240
f 4499 4502 5241
f 5243 5247 5248
f 5241 5247 5243
f 5241 4503 5247
f 5241 4502 4503
f 5247 5249 5248
f 5245 5244 5250
f 5251 5245 5250
f 5251 5252 5245
f 5252 5246 5245
f 4504 4500 5246
f 4504 5246 5253
f 5253 5246 5252
f 4505 4504 5253
f 4503 4523 5254
f 5247 4503 5254
f 5254 5249 5247
f 5255 5249 5254
f 5252 5256 5257
f 5251 5256 5252
f 5253 5252 5258
f 5252 5257 5258
f 4524 4505 5253
f 5258 4524 5253
f 4552 4553 5259
f 4523 4552 5259
f 4523 5259 5254
f 5254 5259 5260
f 5260 5255 5254
f 5261 5255 5260
f 5257 5262 5263
f 5256 5262 5257
f 5258 5257 5264
f 5257 5263 5264
f 4554 4524 5258
f 5264 4554 5258
f 4553 4578 5265
f 5259 4553 5265
f 5260 5259 5266
f 5259 5265 5266
f 5266 5261 5260
f 5267 5261 5266
f 5263 5268 5269
f 5262 5268 5263
f 5264 5263 5270
f 5263 5269 5270
f 4579 4554 5264
f 4579 5264 5271
f 5271 5264 5270
f 4580 4579 5271
f 4603 4604 5272
f 4578 4603 5272
f 4578 5272 5265
f 5265 5272 5273
f 5274 5273 5275
f 5274 5266 5273
f 5266 5265 5273
f 5266 5274 5267
f 5269 5268 5276
f 5269 5277 5270
f 5276 5277 5269
f 5278 5270 5277
f 5278 5279 5270
f 5279 5271 5270
f 4605 4580 5271
f 4605 5271 5280
f 5280 5271 5279
f 4606 4605 5280
f 5281 4606 5280
f 4607 4606 5281
f 5282 4607 5281
f 4608 4607 5282
f 5283 4608 5282
f 5283 5284 5285
f 5283 5285 4608
f 4608 5285 4610
f 4611 4610 5286
f 5286 4610 5285
f 4613 4611 5287
f 5287 4611 5286
f 4615 4613 5288
f 5288 4613 5287
f 4617 4615 5289
f 5289 4615 5288
f 5290 4619 4617
f 5289 5290 4617
f 4638 4639 5291
f 4640 4638 5291
f 5292 4640 5291
f 4641 4640 5292
f 5293 4641 5292
f 4642 4641 5293
f 5294 4642 5293
f 4643 4642 5294
f 5295 4643 5294
f 4644 4643 5295
f 5296 4644 5295
f 4645 4644 5296
f 5297 4645 5296
f 4646 4645 5297
f 5298 4646 5297
f 5299 5298 5300
f 5272 5298 5299
f 5272 4646 5298
f 5272 4604 4646
f 5272 5301 5273
f 5299 5301 5272
f 5273 5301 5275
f 5302 5303 5304
f 5304 5305 5302
f 5279 5306 5307
f 5278 5306 5279
f 5280 5279 5308
f 5279 5307 5308
f 5281 5280 5309
f 5280 5308 5309
f 5282 5281 5310
f 5281 5309 5310
f 5311 5310 5312
f 5311 5283 5310
f 5283 5282 5310
f 5283 5311 5284
f 4647 5290 5313
f 4619 5290 4647
f 5314 4649 4647
f 5314 4647 5315
f 5315 4647 5313
f 5314 5315 5316
f 4665 4666 5317
f 4667 4665 5317
f 4639 4670 5318
f 5291 4639 5318
f 5292 5291 5319
f 5291 5318 5319
f 5293 5292 5320
f 5292 5319 5320
f 5294 5293 5321
f 5293 5320 5321
f 5295 5294 5322
f 5294 5321 5322
f 5296 5295 5323
f 5295 5322 5323
f 5297 5296 5324
f 5296 5323 5324
f 5325 5324 5326
f 5325 5298 5324
f 5298 5297 5324
f 5298 5325 5300
f 5304 5327 5328
f 5303 5327 5304
f 5328 5305 5304
f 5329 5305 5328
f 5307 5330 5331
f 5306 5330 5307
f 5308 5307 5332
f 5307 5331 5332
f 5309 5308 5333
f 5308 5332 5333
f 5334 5333 5335
f 5334 5310 5333
f 5310 5309 5333
f 5310 5334 5312
f 4649 5314 4671
f 4671 5314 5316
f 4671 5316 4673
f 4673 5316 5336
f 4666 4688 5317
f 4667 5317 4688
f 4690 4691 5337
f 4693 4692 5318
f 4693 5318 5337
f 4670 4690 5318
f 4690 5337 5318
f 5319 5318 4692
f 4696 5319 4692
f 4696 4697 5338
f 4696 5338 5319
f 5319 5338 5320
f 5321 5320 5339
f 5320 5338 5339
f 5322 5321 5340
f 5321 5339 5340
f 5323 5322 5341
f 5322 5340 5341
f 5324 5323 5342
f 5323 5341 5342
f 5342 5326 5324
f 5343 5326 5342
f 5328 5327 5344
f 5328 5344 5329
f 5345 5346 5347
f 5345 5331 5330
f 5345 5347 5331
f 5347 5348 5331
f 5332 5331 5349
f 5331 5348 5349
f 5350 5349 5351
f 5350 5333 5349
f 5333 5332 5349
f 5333 5350 5335
f 4698 5336 5352
f 4673 5336 4698
f 5353 4700 4698
f 5352 5353 4698
f 4718 4719 5354
f 4720 4718 5354
f 4723 4724 5355
f 4691 4723 5355
f 4691 5355 5337
f 5337 5355 5356
f 4725 4693 5337
f 4725 5337 5357
f 5357 5337 5356
f 4726 4725 5357
f 5358 4726 5357
f 4697 4726 5358
f 4697 5358 5338
f 5338 5358 5359
f 5339 5338 5360
f 5338 5359 5360
f 5340 5339 5361
f 5339 5360 5361
f 5341 5340 5362
f 5340 5361 5362
f 5363 5362 5364
f 5363 5342 5362
f 5342 5341 5362
f 5342 5363 5343
f 5347 5365 5366
f 5346 5365 5347
f 5348 5347 5367
f 5347 5366 5367
f 5368 5367 5369
f 5368 5349 5367
f 5349 5348 5367
f 5349 5368 5351
f 4700 5353 4729
f 4729 5353 5370
f 4746 4747 5371
f 4748 4746 5371
f 5372 4748 5371
f 4749 4748 5372
f 5373 4749 5372
f 4750 4749 5373
f 5374 4750 5373
f 4751 4750 5374
f 5375 4751 5374
f 4719 4751 5375
f 4719 5375 5354
f 5354 5375 5376
f 4752 4720 5354
f 4752 5354 5377
f 5377 5354 5376
f 4753 4752 5377
f 5378 4753 5377
f 4724 4753 5378
f 4724 5378 5355
f 5355 5378 5379
f 5356 5355 5380
f 5355 5379 5380
f 5357 5356 5381
f 5356 5380 5381
f 5358 5357 5382
f 5357 5381 5382
f 5359 5358 5383
f 5358 5382 5383
f 5360 5359 5384
f 5359 5383 5384
f 5361 5360 5385
f 5360 5384 5385
f 5362 5361 5386
f 5361 5385 5386
f 5386 5364 5362
f 5387 5364 5386
f 5366 5388 5389
f 5365 5388 5366
f 5367 5366 5390
f 5366 5389 5390
f 5390 5369 5367
f 5391 5369 5390
f 4729 5370 4756
f 4756 5370 5392
f 4773 4774 5393
f 4747 4773 5393
f 4747 5393 5371
f 5371 5393 5394
f 5372 5371 5395
f 5371 5394 5395
f 5373 5372 5396
f 5372 5395 5396
f 5374 5373 5397
f 5373 5396 5397
f 5375 5374 5398
f 5374 5397 5398
f 5376 5375 5399
f 5375 5398 5399
f 5377 5376 5400
f 5376 5399 5400
f 5378 5377 5401
f 5377 5400 5401
f 5379 5378 5402
f 5378 5401 5402
f 5380 5379 5403
f 5379 5402 5403
f 5381 5380 5404
f 5380 5403 5404
f 5382 5381 5405
f 5381 5404 5405
f 5383 5382 5406
f 5382 5405 5406
f 5384 5383 5407
f 5383 5406 5407
f 5385 5384 5408
f 5384 5407 5408
f 5386 5385 5409
f 5385 5408 5409
f 5409 5387 5386
f 5410 5387 5409
f 5389 5411 5412
f 5388 5411 5389
f 5390 5389 5413
f 5389 5412 5413
f 5413 5391 5390
f 5414 5391 5413
f 5415 5392 5416
f 5415 4777 5392
f 4777 4756 5392
f 5415 5416 5417
f 4774 4793 5393
f 4793 4794 5418
f 4793 5418 5393
f 5393 5418 5394
f 5395 5394 5419
f 5394 5418 5419
f 5396 5395 5420
f 5395 5419 5420
f 4796 4795 5397
f 4796 5397 5420
f 5420 5397 5396
f 4795 4798 5421
f 4795 5421 5397
f 5397 5421 5398
f 5399 5398 5422
f 5398 5421 5422
f 5400 5399 5423
f 5399 5422 5423
f 5401 5400 5424
f 5400 5423 5424
f 5402 5401 5425
f 5401 5424 5425
f 5403 5402 5426
f 5402 5425 5426
f 5404 5403 5427
f 5403 5426 5427
f 5405 5404 5428
f 5404 5427 5428
f 5406 5405 5429
f 5405 5428 5429
f 5407 5406 5430
f 5406 5429 5430
f 5408 5407 5431
f 5407 5430 5431
f 5409 5408 5432
f 5408 5431 5432
f 5432 5410 5409
f 5433 5410 5432
f 5412 5434 5435
f 5411 5434 5412
f 5413 5412 5436
f 5412 5435 5436
f 5436 5414 5413
f 5437 5414 5436
f 5438 4777 5415
f 5438 5439 4777
f 5439 4801 4777
f 5415 5417 5438
f 4794 4812 5418
f 4812 4813 5440
f 4812 5440 5418
f 5418 5440 5419
f 4815 4814 5420
f 4815 5420 5440
f 5440 5420 5419
f 4796 5420 4814
f 4798 4819 5421
f 4819 4820 5441
f 4819 5441 5421
f 5421 5441 5422
f 4822 4821 5423
f 4822 5423 5441
f 5441 5423 5422
f 5424 5423 4821
f 4825 5424 4821
f 4825 4826 5442
f 4825 5442 5424
f 5424 5442 5425
f 5426 5425 5443
f 5425 5442 5443
f 4828 4827 5427
f 4828 5427 5443
f 5443 5427 5426
f 5428 5427 4827
f 4831 5428 4827
f 4831 4832 5444
f 4831 5444 5428
f 5428 5444 5429
f 5430 5429 5445
f 5429 5444 5445
f 5431 5430 5446
f 5430 5445 5446
f 5432 5431 5447
f 5431 5446 5447
f 5447 5433 5432
f 5448 5433 5447
f 5435 5449 5450
f 5434 5449 5435
f 5436 5435 5451
f 5435 5450 5451
f 5451 5437 5436
f 5452 5437 5451
f 4801 5439 4835
f 4835 5439 5453
f 4813 4846 5454
f 5440 4813 5454
f 4847 4815 5440
f 5454 4847 5440
f 4820 4851 5455
f 5441 4820 5455
f 4852 4822 5441
f 5455 4852 5441
f 4826 4855 5456
f 5442 4826 5456
f 5443 5442 5457
f 5442 5456 5457
f 4856 4828 5443
f 5457 4856 5443
f 4832 4860 5444
f 4860 4861 5458
f 4860 5458 5444
f 5444 5458 5445
f 5446 5445 5459
f 5445 5458 5459
f 5447 5446 5460
f 5446 5459 5460
f 5460 5448 5447
f 5461 5448 5460
f 5450 5462 5463
f 5449 5462 5450
f 5451 5450 5464
f 5450 5463 5464
f 5464 5452 5451
f 5465 5452 5464
f 4835 5453 4865
f 4865 5453 5466
f 4846 4875 5467
f 5454 4846 5467
f 4876 4847 5454
f 5467 4876 5454
f 4878 4879 5468
f 4880 4878 5468
f 4851 4882 5469
f 5455 4851 5469
f 4883 4852 5455
f 4883 5455 5470
f 5470 5455 5469
f 4884 4883 5470
f 4855 4886 5471
f 5456 4855 5471
f 5457 5456 5472
f 5456 5471 5472
f 4887 4856 5457
f 5472 4887 5457
f 4890 4891 5473
f 4861 4890 5473
f 4861 5473 5458
f 5458 5473 5474
f 5459 5458 5475
f 5458 5474 5475
f 5460 5459 5476
f 5459 5475 5476
f 5476 5461 5460
f 5477 5461 5476
f 5463 5478 5479
f 5462 5478 5463
f 5464 5463 5480
f 5463 5479 5480
f 5480 5465 5464
f 5481 5465 5480
f 4894 5482 4895
f 5482 5483 5484
f 5482 4894 5483
f 4894 4896 5483
f 4865 5466 5483
f 4896 4865 5483
f 4875 4907 5467
f 4876 5467 4907
f 4879 4910 5468
f 4880 5468 4910
f 4882 4912 5485
f 5469 4882 5485
f 4914 4913 5470
f 4914 5470 5485
f 5485 5470 5469
f 4884 5470 4913
f 4886 4917 5486
f 5471 4886 5486
f 5472 5471 5487
f 5471 5486 5487
f 4918 4887 5472
f 5487 4918 5472
f 4891 4921 5488
f 5473 4891 5488
f 5474 5473 5489
f 5473 5488 5489
f 5475 5474 5490
f 5474 5489 5490
f 5476 5475 5491
f 5475 5490 5491
f 5491 5477 5476
f 5492 5477 5491
f 5479 5493 5494
f 5478 5493 5479
f 5480 5479 5495
f 5479 5494 5495
f 5481 4922 5496
f 5481 5495 4922
f 5481 5480 5495
f 5495 4923 4922
f 4925 5497 4922
f 5497 5496 4922
f 4926 5498 4925
f 5498 5497 4925
f 5499 4926 4927
f 5499 5500 4926
f 5500 5498 4926
f 5500 5501 5502
f 5499 5501 5500
f 5502 5503 5504
f 5501 5503 5502
f 4930 5504 5503
f 4930 4929 5504
f 4929 5505 5504
f 4931 5506 4929
f 5506 5505 4929
f 4932 5507 4931
f 5507 5506 4931
f 4933 5508 4932
f 5508 5507 4932
f 4895 5482 5509
f 4895 5509 4933
f 4933 5509 5508
f 5482 5484 5509
f 4912 4952 5485
f 4914 5485 4952
f 4917 4955 5510
f 5486 4917 5510
f 5487 5486 5511
f 5486 5510 5511
f 4956 4918 5487
f 4956 5487 5512
f 5512 5487 5511
f 4957 4956 5512
f 5513 4957 5512
f 4921 4957 5513
f 4921 5513 5488
f 5488 5513 5514
f 5489 5488 5515
f 5488 5514 5515
f 5490 5489 5516
f 5489 5515 5516
f 5491 5490 5517
f 5490 5516 5517
f 5517 5492 5491
f 5518 5492 5517
f 5494 5519 5520
f 5493 5519 5494
f 4959 4958 5495
f 4959 5495 5520
f 5520 5495 5494
f 4923 5495 4958
f 4927 4961 5499
f 5501 5499 4961
f 4962 5501 4961
f 5503 5501 4962
f 4963 5503 4962
f 4930 5503 4963
f 4981 4982 5521
f 4983 4981 5521
f 5522 4983 5521
f 4984 4983 5522
f 5523 4984 5522
f 4985 4984 5523
f 5524 4985 5523
f 4986 4985 5524
f 4989 4990 5525
f 4991 4989 5525
f 5526 4991 5525
f 4955 4991 5526
f 4955 5526 5510
f 5510 5526 5527
f 5511 5510 5528
f 5510 5527 5528
f 5512 5511 5529
f 5511 5528 5529
f 5513 5512 5530
f 5512 5529 5530
f 5514 5513 5531
f 5513 5530 5531
f 5515 5514 5532
f 5514 5531 5532
f 5516 5515 5533
f 5515 5532 5533
f 5517 5516 5534
f 5516 5533 5534
f 5518 5535 5536
f 5518 5517 5535
f 5517 5534 5535
f 5535 5537 5536
f 5520 5538 5539
f 5519 5538 5520
f 4992 4959 5520
f 5539 4992 5520
f 4982 5007 5540
f 5521 4982 5540
f 5522 5521 5541
f 5521 5540 5541
f 5009 5008 5523
f 5009 5523 5541
f 5541 5523 5522
f 5524 5523 5008
f 5012 5524 5008
f 4986 5524 5012
f 4990 5016 5525
f 5016 5017 5542
f 5016 5542 5525
f 5525 5542 5526
f 5527 5526 5543
f 5526 5542 5543
f 5528 5527 5544
f 5527 5543 5544
f 5529 5528 5545
f 5528 5544 5545
f 5530 5529 5546
f 5529 5545 5546
f 5531 5530 5547
f 5530 5546 5547
f 5532 5531 5548
f 5531 5547 5548
f 5533 5532 5549
f 5532 5548 5549
f 5534 5533 5550
f 5533 5549 5550
f 5535 5534 5551
f 5534 5550 5551
f 5537 5552 5553
f 5537 5535 5552
f 5535 5551 5552
f 5552 5554 5553
f 5539 5555 5556
f 5538 5555 5539
f 5018 4992 5539
f 5556 5018 5539
f 5007 5030 5540
f 5541 5540 5030
f 5032 5541 5030
f 5009 5541 5032
f 5017 5039 5542
f 5543 5542 5039
f 5041 5543 5039
f 5041 5042 5557
f 5041 5557 5543
f 5543 5557 5544
f 5044 5043 5545
f 5044 5545 5557
f 5557 5545 5544
f 5043 5046 5558
f 5043 5558 5545
f 5545 5558 5546
f 5547 5546 5559
f 5546 5558 5559
f 5548 5547 5560
f 5547 5559 5560
f 5549 5548 5561
f 5548 5560 5561
f 5048 5047 5550
f 5048 5550 5561
f 5561 5550 5549
f 5551 5550 5047
f 5051 5551 5047
f 5051 5052 5562
f 5051 5562 5551
f 5551 5562 5552
f 5554 5563 5564
f 5554 5552 5563
f 5552 5562 5563
f 5563 5565 5564
f 5556 5566 5567
f 5555 5566 5556
f 5053 5018 5556
f 5567 5053 5556
f 5042 5066 5557
f 5044 5557 5066
f 5046 5069 5558
f 5559 5558 5069
f 5071 5559 5069
f 5071 5072 5568
f 5071 5568 5559
f 5559 5568 5560
f 5074 5073 5561
f 5074 5561 5568
f 5568 5561 5560
f 5048 5561 5073
f 5052 5078 5569
f 5562 5052 5569
f 5563 5562 5570
f 5562 5569 5570
f 5571 5565 5563
f 5572 5565 5571
f 5573 5574 5575
f 5080 5573 5575
f 5079 5573 5080
f 5079 5566 5573
f 5079 5567 5566
f 5053 5567 5079
f 5072 5098 5568
f 5074 5568 5098
f 5078 5102 5576
f 5569 5078 5576
f 5570 5569 5577
f 5569 5576 5577
f 5572 5578 5579
f 5572 5571 5578
f 5571 5577 5578
f 5579 5580 5581
f 5578 5580 5579
f 5580 5582 5581
f 5583 5584 5585
f 5583 5575 5574
f 5583 5585 5575
f 5585 5586 5575
f 5103 5080 5575
f 5586 5103 5575
f 5102 5119 5587
f 5576 5102 5587
f 5577 5576 5588
f 5576 5587 5588
f 5121 5120 5578
f 5121 5578 5588
f 5588 5578 5577
f 5120 5123 5589
f 5120 5589 5578
f 5578 5589 5580
f 5589 5582 5580
f 5590 5582 5589
f 5591 5592 5593
f 5591 5585 5584
f 5591 5593 5585
f 5593 5594 5585
f 5125 5124 5586
f 5125 5586 5594
f 5594 5586 5585
f 5103 5586 5124
f 5119 5127 5587
f 5588 5587 5127
f 5129 5588 5127
f 5121 5588 5129
f 5123 5131 5595
f 5589 5123 5595
f 5595 5590 5589
f 5596 5590 5595
f 5597 5598 5599
f 5133 5597 5599
f 5132 5597 5133
f 5132 5592 5597
f 5132 5593 5592
f 5594 5593 5132
f 5135 5594 5132
f 5125 5594 5135
f 5600 5595 5131
f 5600 5131 5601
f 5601 5131 5137
f 5595 5600 5596
f 5602 5603 5604
f 5602 5605 5606
f 5604 5605 5602
f 5139 5606 5605
f 5138 5606 5139
f 5138 5598 5606
f 5138 5599 5598
f 5133 5599 5138
f 5137 5142 5601
f 5142 5607 5601
f 5608 5609 5610
f 5608 5611 5612
f 5610 5611 5608
f 5144 5612 5611
f 5143 5612 5144
f 5143 5603 5612
f 5143 5604 5603
f 5605 5604 5143
f 5145 5605 5143
f 5139 5605 5145
f 5142 5147 5607
f 5147 5613 5607
f 5614 5615 5616
f 5614 5617 5618
f 5616 5617 5614
f 5149 5618 5617
f 5149 5148 5618
f 5148 5619 5618
f 5610 5609 5619
f 5610 5619 5150
f 5150 5619 5148
f 5611 5610 5150
f 5151 5611 5150
f 5144 5611 5151
f 5147 5152 5613
f 5152 5620 5613
f 5621 5154 5153
f 5622 5154 5621
f 5156 5623 5153
f 5623 5621 5153
f 5616 5615 5623
f 5616 5623 5157
f 5157 5623 5156
f 5617 5616 5157
f 5158 5617 5157
f 5149 5617 5158
f 5624 5159 5160
f 5625 5624 5160
f 5152 5624 5620
f 5159 5624 5152
f 5154 5622 5161
f 5161 5622 5626
f 5160 5162 5625
f 5162 5627 5625
f 5161 5626 5163
f 5163 5626 5628
f 5162 5164 5627
f 5164 5629 5627
f 5630 5166 5165
f 5631 5166 5630
f 5163 5628 5630
f 5165 5163 5630
f 5168 5632 5629
f 5164 5168 5629
f 5633 5168 5169
f 5633 5634 5168
f 5634 5632 5168
f 5633 5635 5634
f 5636 5637 5638
f 5636 5638 5170
f 5636 5170 5631
f 5631 5170 5166
f 5169 5171 5633
f 5635 5633 5171
f 5635 5171 5639
f 5639 5171 5172
f 5638 5637 5639
f 5638 5639 5173
f 5173 5639 5172
f 5170 5638 5173
f 5179 5180 5640
f 5181 5179 5640
f 5180 5188 5641
f 5640 5180 5641
f 5189 5181 5640
f 5641 5189 5640
f 5188 5208 5641
f 5189 5641 5208
f 5210 5211 5642
f 5212 5210 5642
f 5643 5212 5642
f 5213 5212 5643
f 5644 5213 5643
f 5214 5213 5644
f 5645 5214 5644
f 5215 5214 5645
f 5646 5215 5645
f 5216 5215 5646
f 5647 5216 5646
f 5217 5216 5647
f 5648 5217 5647
f 5218 5217 5648
f 5649 5218 5648
f 5219 5218 5649
f 5650 5219 5649
f 5220 5219 5650
f 5651 5220 5650
f 5221 5220 5651
f 5652 5221 5651
f 5222 5221 5652
f 5653 5222 5652
f 5223 5222 5653
f 5654 5223 5653
f 5224 5223 5654
f 5655 5224 5654
f 5225 5224 5655
f 5656 5225 5655
f 5226 5225 5656
f 5211 5232 5657
f 5642 5211 5657
f 5643 5642 5658
f 5642 5657 5658
f 5644 5643 5659
f 5643 5658 5659
f 5645 5644 5660
f 5644 5659 5660
f 5646 5645 5661
f 5645 5660 5661
f 5647 5646 5662
f 5646 5661 5662
f 5648 5647 5663
f 5647 5662 5663
f 5649 5648 5664
f 5648 5663 5664
f 5650 5649 5665
f 5649 5664 5665
f 5666 5665 5667
f 5666 5651 5665
f 5651 5650 5665
f 5651 5668 5652
f 5666 5668 5651
f 5669 5652 5668
f 5669 5670 5652
f 5670 5653 5652
f 5654 5653 5671
f 5653 5670 5671
f 5655 5654 5672
f 5654 5671 5672
f 5656 5655 5673
f 5655 5672 5673
f 5233 5226 5656
f 5233 5656 5674
f 5674 5656 5673
f 5234 5233 5674
f 5232 5237 5675
f 5657 5232 5675
f 5658 5657 5676
f 5657 5675 5676
f 5659 5658 5677
f 5658 5676 5677
f 5660 5659 5678
f 5659 5677 5678
f 5661 5660 5679
f 5660 5678 5679
f 5662 5661 5680
f 5661 5679 5680
f 5663 5662 5681
f 5662 5680 5681
f 5682 5681 5683
f 5682 5664 5681
f 5664 5663 5681
f 5664 5684 5665
f 5682 5684 5664
f 5665 5684 5667
f 5670 5669 5685
f 5686 5670 5685
f 5686 5687 5670
f 5687 5671 5670
f 5672 5671 5688
f 5671 5687 5688
f 5673 5672 5689
f 5672 5688 5689
f 5674 5673 5690
f 5673 5689 5690
f 5238 5234 5674
f 5690 5238 5674
f 5237 5242 5675
f 5242 5243 5691
f 5242 5691 5675
f 5675 5691 5676
f 5677 5676 5692
f 5676 5691 5692
f 5678 5677 5693
f 5677 5692 5693
f 5679 5678 5694
f 5678 5693 5694
f 5680 5679 5695
f 5679 5694 5695
f 5681 5680 5696
f 5680 5695 5696
f 5683 5697 5698
f 5683 5681 5697
f 5681 5696 5697
f 5698 5699 5700
f 5697 5699 5698
f 5699 5701 5700
f 5702 5703 5704
f 5702 5687 5686
f 5702 5704 5687
f 5704 5705 5687
f 5688 5687 5706
f 5687 5705 5706
f 5689 5688 5707
f 5688 5706 5707
f 5690 5689 5708
f 5689 5707 5708
f 5244 5238 5690
f 5708 5244 5690
f 5243 5248 5691
f 5248 5249 5709
f 5248 5709 5691
f 5691 5709 5692
f 5693 5692 5710
f 5692 5709 5710
f 5694 5693 5711
f 5693 5710 5711
f 5712 5711 5713
f 5712 5695 5711
f 5695 5694 5711
f 5714 5695 5712
f 5714 5715 5695
f 5715 5696 5695
f 5697 5696 5716
f 5696 5715 5716
f 5717 5716 5718
f 5717 5699 5716
f 5699 5697 5716
f 5699 5717 5701
f 5704 5703 5719
f 5720 5704 5719
f 5720 5721 5704
f 5721 5705 5704
f 5706 5705 5722
f 5705 5721 5722
f 5707 5706 5723
f 5706 5722 5723
f 5708 5707 5724
f 5707 5723 5724
f 5250 5244 5708
f 5250 5708 5725
f 5725 5708 5724
f 5251 5250 5725
f 5249 5255 5726
f 5709 5249 5726
f 5710 5709 5727
f 5709 5726 5727
f 5728 5727 5729
f 5728 5711 5727
f 5711 5710 5727
f 5711 5728 5713
f 5715 5714 5730
f 5715 5731 5716
f 5730 5731 5715
f 5716 5731 5718
f 5721 5732 5733
f 5720 5732 5721
f 5722 5721 5734
f 5721 5733 5734
f 5723 5722 5735
f 5722 5734 5735
f 5724 5723 5736
f 5723 5735 5736
f 5725 5724 5737
f 5724 5736 5737
f 5256 5251 5725
f 5737 5256 5725
f 5255 5261 5738
f 5726 5255 5738
f 5739 5738 5740
f 5739 5727 5738
f 5727 5726 5738
f 5727 5739 5729
f 5733 5741 5742
f 5732 5741 5733
f 5734 5733 5743
f 5733 5742 5743
f 5735 5734 5744
f 5734 5743 5744
f 5736 5735 5745
f 5735 5744 5745
f 5737 5736 5746
f 5736 5745 5746
f 5262 5256 5737
f 5746 5262 5737
f 5261 5267 5747
f 5738 5261 5747
f 5747 5740 5738
f 5748 5740 5747
f 5749 5750 5751
f 5749 5742 5741
f 5749 5751 5742
f 5751 5752 5742
f 5753 5752 5754
f 5753 5743 5752
f 5743 5742 5752
f 5755 5743 5753
f 5755 5756 5743
f 5756 5744 5743
f 5745 5744 5757
f 5744 5756 5757
f 5746 5745 5758
f 5745 5757 5758
f 5268 5262 5746
f 5758 5268 5746
f 5274 5275 5759
f 5760 5759 5761
f 5747 5759 5760
f 5747 5274 5759
f 5747 5267 5274
f 5747 5760 5748
f 5751 5750 5762
f 5751 5763 5752
f 5762 5763 5751
f 5752 5763 5754
f 5756 5764 5765
f 5755 5764 5756
f 5757 5756 5766
f 5756 5765 5766
f 5758 5757 5767
f 5757 5766 5767
f 5276 5268 5758
f 5276 5758 5768
f 5768 5758 5767
f 5277 5276 5768
f 5769 5277 5768
f 5278 5277 5769
f 5285 5284 5770
f 5286 5285 5770
f 5771 5286 5770
f 5771 5772 5773
f 5771 5773 5286
f 5286 5773 5287
f 5288 5287 5774
f 5774 5287 5773
f 5775 5776 5289
f 5775 5289 5774
f 5774 5289 5288
f 5290 5289 5776
f 5299 5300 5777
f 5301 5299 5777
f 5778 5301 5777
f 5779 5778 5780
f 5759 5778 5779
f 5759 5301 5778
f 5759 5275 5301
f 5759 5779 5761
f 5765 5764 5781
f 5782 5765 5781
f 5782 5783 5765
f 5783 5766 5765
f 5303 5302 5767
f 5303 5767 5783
f 5783 5767 5766
f 5302 5305 5784
f 5302 5784 5767
f 5767 5784 5768
f 5769 5768 5785
f 5768 5784 5785
f 5306 5278 5769
f 5785 5306 5769
f 5311 5312 5786
f 5284 5311 5786
f 5284 5786 5770
f 5770 5786 5787
f 5788 5787 5789
f 5788 5771 5787
f 5771 5770 5787
f 5771 5788 5772
f 5776 5775 5790
f 5776 5313 5290
f 5776 5790 5313
f 5790 5791 5313
f 5792 5793 5315
f 5792 5315 5791
f 5791 5315 5313
f 5316 5315 5793
f 5325 5326 5794
f 5300 5325 5794
f 5300 5794 5777
f 5777 5794 5795
f 5778 5777 5796
f 5777 5795 5796
f 5796 5780 5778
f 5797 5780 5796
f 5783 5798 5799
f 5782 5798 5783
f 5327 5303 5783
f 5799 5327 5783
f 5305 5329 5800
f 5784 5305 5800
f 5785 5784 5801
f 5784 5800 5801
f 5330 5306 5785
f 5801 5330 5785
f 5334 5335 5802
f 5312 5334 5802
f 5312 5802 5786
f 5786 5802 5803
f 5804 5805 5806
f 5804 5787 5805
f 5787 5786 5805
f 5787 5804 5789
f 5793 5792 5807
f 5793 5807 5808
f 5793 5808 5316
f 5316 5808 5336
f 5326 5343 5809
f 5794 5326 5809
f 5810 5809 5811
f 5810 5795 5809
f 5795 5794 5809
f 5795 5812 5796
f 5810 5812 5795
f 5796 5812 5797
f 5799 5813 5814
f 5798 5813 5799
f 5344 5327 5799
f 5344 5799 5815
f 5815 5799 5814
f 5329 5344 5815
f 5329 5815 5800
f 5800 5815 5816
f 5346 5345 5801
f 5346 5801 5816
f 5816 5801 5800
f 5330 5801 5345
f 5350 5351 5817
f 5335 5350 5817
f 5335 5817 5802
f 5802 5817 5818
f 5819 5818 5820
f 5819 5803 5818
f 5803 5802 5818
f 5805 5819 5806
f 5352 5821 5822
f 5352 5336 5821
f 5336 5808 5821
f 5353 5352 5822
f 5363 5364 5823
f 5343 5363 5823
f 5343 5823 5809
f 5809 5823 5824
f 5824 5811 5809
f 5825 5811 5824
f 5826 5827 5828
f 5828 5829 5826
f 5814 5830 5831
f 5813 5830 5814
f 5815 5814 5832
f 5814 5831 5832
f 5816 5815 5833
f 5815 5832 5833
f 5365 5346 5816
f 5833 5365 5816
f 5368 5369 5834
f 5351 5368 5834
f 5351 5834 5817
f 5817 5834 5835
f 5836 5835 5837
f 5836 5818 5835
f 5818 5817 5835
f 5818 5836 5820
f 5822 5821 5838
f 5822 5838 5839
f 5822 5839 5353
f 5353 5839 5370
f 5364 5387 5840
f 5823 5364 5840
f 5824 5823 5841
f 5823 5840 5841
f 5841 5825 5824
f 5842 5825 5841
f 5828 5827 5843
f 5829 5828 5843
f 5844 5845 5846
f 5846 5847 5844
f 5831 5848 5849
f 5830 5848 5831
f 5832 5831 5850
f 5831 5849 5850
f 5833 5832 5851
f 5832 5850 5851
f 5388 5365 5833
f 5851 5388 5833
f 5369 5391 5852
f 5834 5369 5852
f 5835 5834 5853
f 5834 5852 5853
f 5853 5837 5835
f 5854 5837 5853
f 5370 5839 5392
f 5392 5839 5855
f 5387 5410 5856
f 5840 5387 5856
f 5841 5840 5857
f 5840 5856 5857
f 5857 5842 5841
f 5858 5842 5857
f 5846 5859 5860
f 5845 5859 5846
f 5860 5847 5846
f 5861 5847 5860
f 5849 5862 5863
f 5848 5862 5849
f 5850 5849 5864
f 5849 5863 5864
f 5851 5850 5865
f 5850 5864 5865
f 5411 5388 5851
f 5865 5411 5851
f 5391 5414 5866
f 5852 5391 5866
f 5853 5852 5867
f 5852 5866 5867
f 5867 5854 5853
f 5868 5854 5867
f 5416 5869 5870
f 5416 5392 5869
f 5392 5855 5869
f 5417 5416 5870
f 5410 5433 5871
f 5856 5410 5871
f 5872 5871 5873
f 5872 5857 5871
f 5857 5856 5871
f 5857 5872 5858
f 5874 5875 5876
f 5874 5877 5878
f 5876 5877 5874
f 5879 5860 5859
f 5880 5878 5877
f 5860 5879 5861
f 5863 5881 5882
f 5862 5881 5863
f 5864 5863 5883
f 5863 5882 5883
f 5865 5864 5884
f 5864 5883 5884
f 5434 5411 5865
f 5884 5434 5865
f 5414 5437 5885
f 5866 5414 5885
f 5886 5885 5887
f 5886 5867 5885
f 5867 5866 5885
f 5867 5886 5868
f 5870 5439 5438
f 5870 5869 5439
f 5869 5888 5439
f 5417 5870 5438
f 5433 5448 5889
f 5871 5433 5889
f 5889 5873 5871
f 5890 5873 5889
f 5876 5875 5891
f 5876 5892 5877
f 5891 5892 5876
f 5877 5892 5880
f 5882 5893 5894
f 5881 5893 5882
f 5883 5882 5895
f 5882 5894 5895
f 5884 5883 5896
f 5883 5895 5896
f 5449 5434 5884
f 5896 5449 5884
f 5437 5452 5897
f 5885 5437 5897
f 5887 5898 5899
f 5887 5885 5898
f 5885 5897 5898
f 5898 5900 5899
f 5439 5888 5453
f 5453 5888 5901
f 5448 5461 5902
f 5889 5448 5902
f 5902 5890 5889
f 5903 5890 5902
f 5894 5904 5905
f 5893 5904 5894
f 5895 5894 5906
f 5894 5905 5906
f 5896 5895 5907
f 5895 5906 5907
f 5462 5449 5896
f 5907 5462 5896
f 5452 5465 5908
f 5897 5452 5908
f 5898 5897 5909
f 5897 5908 5909
f 5909 5900 5898
f 5910 5900 5909
f 5911 5912 5913
f 5911 5913 5466
f 5911 5466 5901
f 5901 5466 5453
f 5461 5477 5914
f 5902 5461 5914
f 5914 5903 5902
f 5915 5903 5914
f 5916 5917 5918
f 5916 5905 5904
f 5916 5918 5905
f 5918 5919 5905
f 5906 5905 5920
f 5905 5919 5920
f 5907 5906 5921
f 5906 5920 5921
f 5478 5462 5907
f 5921 5478 5907
f 5465 5481 5922
f 5908 5465 5922
f 5909 5908 5923
f 5908 5922 5923
f 5910 5924 5925
f 5910 5909 5924
f 5909 5923 5924
f 5924 5926 5925
f 5927 5928 5929
f 5927 5930 5931
f 5929 5930 5927
f 5484 5931 5930
f 5483 5931 5484
f 5483 5912 5931
f 5483 5913 5912
f 5466 5913 5483
f 5477 5492 5932
f 5914 5477 5932
f 5932 5915 5914
f 5933 5915 5932
f 5918 5934 5935
f 5917 5934 5918
f 5936 5935 5937
f 5936 5919 5935
f 5919 5918 5935
f 5938 5919 5936
f 5938 5939 5919
f 5939 5920 5919
f 5921 5920 5940
f 5920 5939 5940
f 5493 5478 5921
f 5940 5493 5921
f 5481 5496 5922
f 5923 5922 5496
f 5497 5923 5496
f 5924 5923 5497
f 5498 5924 5497
f 5926 5924 5498
f 5926 5498 5941
f 5941 5498 5500
f 5502 5942 5500
f 5942 5941 5500
f 5504 5943 5502
f 5943 5942 5502
f 5505 5944 5504
f 5944 5943 5504
f 5506 5945 5505
f 5945 5944 5505
f 5507 5946 5506
f 5946 5945 5506
f 5929 5928 5946
f 5929 5946 5508
f 5508 5946 5507
f 5930 5929 5508
f 5509 5930 5508
f 5484 5930 5509
f 5492 5518 5947
f 5932 5492 5947
f 5947 5933 5932
f 5948 5933 5947
f 5949 5950 5951
f 5951 5952 5949
f 5953 5954 5955
f 5953 5956 5957
f 5955 5956 5953
f 5957 5958 5959
f 5956 5958 5957
f 5959 5935 5934
f 5959 5958 5935
f 5958 5960 5935
f 5937 5961 5962
f 5937 5935 5961
f 5935 5960 5961
f 5962 5939 5938
f 5962 5961 5939
f 5961 5963 5939
f 5940 5939 5964
f 5939 5963 5964
f 5519 5493 5940
f 5964 5519 5940
f 5518 5536 5947
f 5948 5965 5966
f 5947 5965 5948
f 5947 5537 5965
f 5947 5536 5537
f 5966 5951 5950
f 5966 5965 5951
f 5965 5967 5951
f 5967 5952 5951
f 5968 5952 5967
f 5969 5970 5971
f 5969 5972 5973
f 5971 5972 5969
f 5973 5974 5975
f 5972 5974 5973
f 5975 5955 5954
f 5975 5974 5955
f 5974 5976 5955
f 5956 5955 5977
f 5955 5976 5977
f 5958 5956 5978
f 5956 5977 5978
f 5960 5958 5979
f 5958 5978 5979
f 5961 5960 5980
f 5960 5979 5980
f 5963 5961 5981
f 5961 5980 5981
f 5964 5963 5982
f 5963 5981 5982
f 5538 5519 5964
f 5982 5538 5964
f 5537 5553 5965
f 5553 5554 5983
f 5553 5983 5965
f 5965 5983 5967
f 5983 5968 5967
f 5984 5968 5983
f 5971 5985 5986
f 5970 5985 5971
f 5972 5971 5987
f 5971 5986 5987
f 5974 5972 5988
f 5972 5987 5988
f 5976 5974 5989
f 5974 5988 5989
f 5977 5976 5990
f 5976 5989 5990
f 5978 5977 5991
f 5977 5990 5991
f 5979 5978 5992
f 5978 5991 5992
f 5980 5979 5993
f 5979 5992 5993
f 5981 5980 5994
f 5980 5993 5994
f 5982 5981 5995
f 5981 5994 5995
f 5555 5538 5982
f 5995 5555 5982
f 5554 5564 5983
f 5984 5996 5997
f 5983 5996 5984
f 5983 5565 5996
f 5983 5564 5565
f 5996 5998 5997
f 5986 5999 6000
f 5985 5999 5986
f 5987 5986 6001
f 5986 6000 6001
f 6002 6001 6003
f 6002 5988 6001
f 5988 5987 6001
f 5988 6004 5989
f 6002 6004 5988
f 5989 6005 5990
f 6004 6005 5989
f 6006 5990 6005
f 6006 6007 5990
f 6007 5991 5990
f 5992 5991 6008
f 5991 6007 6008
f 5993 5992 6009
f 5992 6008 6009
f 5994 5993 6010
f 5993 6009 6010
f 5995 5994 6011
f 5994 6010 6011
f 5566 5555 5995
f 6011 5566 5995
f 5565 5572 6012
f 5996 5565 6012
f 5998 6013 6014
f 5998 5996 6013
f 5996 6012 6013
f 6013 6015 6014
f 6000 5999 6016
f 6000 6017 6001
f 6016 6017 6000
f 6001 6017 6003
f 6007 6018 6019
f 6006 6018 6007
f 6008 6007 6020
f 6007 6019 6020
f 6009 6008 6021
f 6008 6020 6021
f 6010 6009 6022
f 6009 6021 6022
f 5574 5573 6011
f 5574 6011 6022
f 6022 6011 6010
f 5566 6011 5573
f 5572 5579 6012
f 6013 6012 5579
f 5581 6013 5579
f 5581 6015 6013
f 5581 5582 6015
f 5582 6023 6015
f 6019 6024 6025
f 6018 6024 6019
f 6020 6019 6026
f 6019 6025 6026
f 6021 6020 6027
f 6020 6026 6027
f 5584 5583 6022
f 5584 6022 6027
f 6027 6022 6021
f 5574 6022 5583
f 5582 5590 6023
f 5590 6028 6023
f 6029 6030 6031
f 6029 6025 6024
f 6029 6031 6025
f 6031 6032 6025
f 6026 6025 6033
f 6025 6032 6033
f 5592 5591 6027
f 5592 6027 6033
f 6033 6027 6026
f 5584 6027 5591
f 5590 5596 6028
f 5596 6034 6028
f 6035 6036 6037
f 6035 6038 6039
f 6037 6038 6035
f 6039 6031 6030
f 6039 6038 6031
f 6038 6040 6031
f 6032 6031 6041
f 6031 6040 6041
f 5598 5597 6033
f 5598 6033 6041
f 6041 6033 6032
f 5592 6033 5597
f 5600 5601 6042
f 6042 5596 5600
f 6042 6043 5596
f 6043 6034 5596
f 6044 6045 6046
f 6046 6047 6044
f 6048 6049 6050
f 6048 6037 6036
f 6048 6050 6037
f 6050 6051 6037
f 6038 6037 6052
f 6037 6051 6052
f 5603 5602 6040
f 5603 6040 6052
f 6052 6040 6038
f 6041 6040 5602
f 5606 6041 5602
f 5598 6041 5606
f 5601 5607 6053
f 6042 5601 6053
f 6053 6043 6042
f 6054 6043 6053
f 6055 6056 6057
f 6055 6046 6045
f 6055 6057 6046
f 6057 6058 6046
f 6047 6059 6060
f 6047 6046 6059
f 6046 6058 6059
f 6060 6061 6062
f 6059 6061 6060
f 6062 6050 6049
f 6062 6061 6050
f 6061 6063 6050
f 5609 5608 6051
f 5609 6051 6063
f 6063 6051 6050
f 6052 6051 5608
f 5612 6052 5608
f 5603 6052 5612
f 5607 5613 6064
f 6053 5607 6064
f 6064 6054 6053
f 6065 6054 6064
f 6066 6067 6068
f 6066 6057 6056
f 6066 6068 6057
f 6068 6069 6057
f 6058 6057 6070
f 6057 6069 6070
f 5615 5614 6059
f 5615 6059 6070
f 6070 6059 6058
f 6061 6059 5614
f 5618 6061 5614
f 6063 6061 5618
f 5619 6063 5618
f 5609 6063 5619
f 5613 5620 6071
f 6064 5613 6071
f 6071 6065 6064
f 6072 6065 6071
f 6068 6073 6074
f 6067 6073 6068
f 5622 5621 6069
f 5622 6069 6074
f 6074 6069 6068
f 6070 6069 5621
f 5623 6070 5621
f 5615 6070 5623
f 5624 5625 6075
f 6076 6075 6077
f 6071 6075 6076
f 6071 5624 6075
f 6071 5620 5624
f 6071 6076 6072
f 6074 6078 6079
f 6073 6078 6074
f 5626 5622 6074
f 6079 5626 6074
f 5625 5627 6080
f 6075 5625 6080
f 6080 6077 6075
f 6081 6077 6080
f 6079 6082 6083
f 6078 6082 6079
f 5628 5626 6079
f 6083 5628 6079
f 5627 5629 6084
f 6080 5627 6084
f 6081 6085 6086
f 6081 6080 6085
f 6080 6084 6085
f 6085 6087 6086
f 6088 6089 6090
f 5631 6088 6090
f 5630 6088 5631
f 5630 6082 6088
f 5630 6083 6082
f 5628 6083 5630
f 5629 5632 6084
f 6085 6084 5632
f 5634 6085 5632
f 6087 6091 6092
f 6085 6091 6087
f 6085 5635 6091
f 6085 5634 5635
f 5637 6092 6091
f 5636 6092 5637
f 5636 6089 6092
f 5636 6090 6089
f 5631 6090 5636
f 5635 5639 6091
f 5637 6091 5639
f 5666 5667 6093
f 5668 5666 6093
f 6094 5668 6093
f 5669 5668 6094
f 5682 5683 6095
f 5684 5682 6095
f 6096 5684 6095
f 5667 5684 6096
f 5667 6096 6093
f 6093 6096 6097
f 6094 6093 6098
f 6093 6097 6098
f 5685 5669 6094
f 5685 6094 6099
f 6099 6094 6098
f 5686 5685 6099
f 5683 5698 6095
f 6096 6095 5698
f 5700 6096 5698
f 5700 5701 6100
f 5700 6100 6096
f 6096 6100 6097
f 6098 6097 6101
f 6097 6100 6101
f 5703 5702 6099
f 5703 6099 6101
f 6101 6099 6098
f 5686 6099 5702
f 5712 5713 6102
f 5714 5712 6102
f 5717 5718 6103
f 5701 5717 6103
f 5701 6103 6100
f 6100 6103 6104
f 6101 6100 6105
f 6100 6104 6105
f 5719 5703 6101
f 5719 6101 6106
f 6106 6101 6105
f 5720 5719 6106
f 5728 5729 6107
f 5713 5728 6107
f 5713 6107 6102
f 6102 6107 6108
f 5730 5714 6102
f 5730 6102 6109
f 6109 6102 6108
f 5731 5730 6109
f 6110 5731 6109
f 5718 5731 6110
f 5718 6110 6103
f 6103 6110 6111
f 6104 6103 6112
f 6103 6111 6112
f 6105 6104 6113
f 6104 6112 6113
f 6106 6105 6114
f 6105 6115 6114
f 5732 5720 6106
f 6114 5732 6106
f 5739 5740 6116
f 5729 5739 6116
f 5729 6116 6107
f 6107 6116 6117
f 6108 6107 6118
f 6107 6117 6118
f 6109 6108 6119
f 6108 6118 6119
f 6110 6109 6120
f 6109 6119 6120
f 6111 6110 6121
f 6110 6120 6121
f 6112 6111 6122
f 6111 6121 6122
f 6113 6112 6123
f 6112 6122 6123
f 6114 6115 6124
f 6115 6123 6124
f 5741 5732 6114
f 6124 5741 6114
f 5740 5748 6125
f 6116 5740 6125
f 6117 6116 6126
f 6116 6125 6126
f 6118 6117 6127
f 6117 6126 6127
f 6119 6118 6128
f 6118 6127 6128
f 6120 6119 6129
f 6119 6128 6129
f 6121 6120 6130
f 6120 6129 6130
f 6122 6121 6131
f 6121 6130 6131
f 6123 6122 6132
f 6122 6131 6132
f 5750 5749 6124
f 5750 6124 6132
f 6132 6124 6123
f 5741 6124 5749
f 5753 5754 6133
f 5755 5753 6133
f 5760 5761 6134
f 5748 5760 6134
f 5748 6134 6125
f 6125 6134 6135
f 6136 6135 6137
f 6136 6126 6135
f 6126 6125 6135
f 6126 6138 6127
f 6136 6138 6126
f 6139 6127 6138
f 6139 6140 6127
f 6140 6128 6127
f 6129 6128 6141
f 6128 6140 6141
f 6130 6129 6142
f 6129 6141 6142
f 6131 6130 6143
f 6130 6142 6143
f 6132 6131 6144
f 6131 6143 6144
f 5762 5750 6132
f 5762 6132 6145
f 6145 6132 6144
f 5763 5762 6145
f 6146 5763 6145
f 5754 5763 6146
f 5754 6146 6133
f 6133 6146 6147
f 5764 5755 6133
f 6147 5764 6133
f 5773 5772 6148
f 5774 5773 6148
f 6149 5774 6148
f 5775 5774 6149
f 6150 5779 5780
f 6151 6150 5780
f 5761 6152 6134
f 5761 5779 6152
f 5779 6150 6152
f 6134 6153 6135
f 6152 6153 6134
f 6135 6153 6137
f 6140 6139 6154
f 6140 6155 6141
f 6154 6155 6140
f 6141 6156 6142
f 6155 6156 6141
f 6142 6157 6143
f 6156 6157 6142
f 6158 6143 6157
f 6158 6159 6143
f 6159 6144 6143
f 6145 6144 6160
f 6144 6159 6160
f 6146 6145 6161
f 6145 6160 6161
f 6147 6146 6162
f 6146 6161 6162
f 5781 5764 6147
f 5781 6147 6163
f 6163 6147 6162
f 5782 5781 6163
f 5788 5789 6164
f 5772 5788 6164
f 5772 6164 6148
f 6148 6164 6165
f 6149 6148 6166
f 6148 6165 6166
f 5790 5775 6149
f 5790 6149 6167
f 6167 6149 6166
f 5791 5790 6167
f 6168 5791 6167
f 5792 5791 6168
f 5780 5797 6151
f 5797 6169 6151
f 6159 6158 6170
f 6171 6159 6170
f 6171 6172 6159
f 6172 6160 6159
f 6161 6160 6173
f 6160 6172 6173
f 6162 6161 6174
f 6161 6173 6174
f 6163 6162 6175
f 6162 6174 6175
f 5798 5782 6163
f 6175 5798 6163
f 5804 5806 6176
f 5789 5804 6176
f 5789 6176 6164
f 6164 6176 6177
f 6178 6177 6179
f 6178 6165 6177
f 6165 6164 6177
f 6165 6180 6166
f 6178 6180 6165
f 6166 6181 6167
f 6180 6181 6166
f 6182 6167 6181
f 6182 6183 6167
f 6183 6168 6167
f 5807 5792 6168
f 5807 6168 6184
f 6184 6168 6183
f 5808 5807 6184
f 5810 5811 6185
f 5812 5810 6185
f 6186 5812 6185
f 6186 5797 5812
f 6186 6187 5797
f 6187 6169 5797
f 6188 6189 6190
f 6188 6191 6192
f 6190 6191 6188
f 6192 6193 6194
f 6191 6193 6192
f 6194 6172 6171
f 6194 6193 6172
f 6193 6195 6172
f 6173 6172 6196
f 6172 6195 6196
f 6174 6173 6197
f 6173 6196 6197
f 6175 6174 6198
f 6174 6197 6198
f 5813 5798 6175
f 6198 5813 6175
f 5819 5820 6199
f 5806 5819 6199
f 5806 6199 6176
f 6176 6199 6200
f 6177 6176 6201
f 6176 6200 6201
f 6179 6202 6203
f 6179 6177 6202
f 6177 6201 6202
f 6202 6204 6203
f 6183 6205 6206
f 6182 6205 6183
f 6184 6183 6207
f 6183 6206 6207
f 5821 5808 6184
f 6207 5821 6184
f 5811 5825 6208
f 6185 5811 6208
f 6209 6208 6210
f 6209 6186 6208
f 6186 6185 6208
f 6186 6209 6187
f 6211 6212 6213
f 6211 6214 6215
f 6213 6214 6211
f 6215 6190 6189
f 6215 6214 6190
f 6214 6216 6190
f 6191 6190 6217
f 6190 6216 6217
f 6193 6191 6218
f 6191 6217 6218
f 6195 6193 6219
f 6193 6218 6219
f 5827 5826 6196
f 5827 6196 6219
f 6219 6196 6195
f 5826 5829 6220
f 5826 6220 6196
f 6196 6220 6197
f 6198 6197 6221
f 6197 6220 6221
f 5830 5813 6198
f 6221 5830 6198
f 5836 5837 6222
f 5820 5836 6222
f 5820 6222 6199
f 6199 6222 6223
f 6200 6199 6224
f 6199 6223 6224
f 6225 6224 6226
f 6225 6201 6224
f 6201 6200 6224
f 6227 6201 6225
f 6227 6228 6201
f 6228 6202 6201
f 6204 6229 6230
f 6204 6202 6229
f 6202 6228 6229
f 6230 6231 6232
f 6229 6231 6230
f 6232 6206 6205
f 6232 6231 6206
f 6231 6233 6206
f 6207 6206 6234
f 6206 6233 6234
f 5838 5821 6207
f 5838 6207 6235
f 6235 6207 6234
f 5839 5838 6235
f 5825 5842 6236
f 6208 5825 6236
f 6236 6210 6208
f 6237 6210 6236
f 6238 6239 6240
f 6238 6213 6212
f 6238 6240 6213
f 6240 6241 6213
f 6214 6213 6242
f 6213 6241 6242
f 6243 6242 6244
f 6243 6216 6242
f 6216 6214 6242
f 6216 6245 6217
f 6243 6245 6216
f 6246 6217 6245
f 6246 6247 6217
f 6247 6218 6217
f 6219 6218 6248
f 6218 6247 6248
f 5843 5827 6219
f 5843 6219 6249
f 6249 6219 6248
f 5845 5844 6220
f 5845 6220 6249
f 5829 5843 6220
f 5843 6249 6220
f 5844 5847 6250
f 5844 6250 6220
f 6220 6250 6221
f 5848 5830 6221
f 6250 5848 6221
f 5837 5854 6251
f 6222 5837 6251
f 6223 6222 6252
f 6222 6251 6252
f 6253 6252 6254
f 6253 6224 6252
f 6224 6223 6252
f 6224 6253 6226
f 6228 6227 6255
f 6228 6256 6229
f 6255 6256 6228
f 6257 6229 6256
f 6257 6258 6229
f 6258 6231 6229
f 6233 6231 6259
f 6231 6258 6259
f 6234 6233 6260
f 6233 6259 6260
f 6235 6234 6261
f 6234 6260 6261
f 5855 5839 6235
f 6261 5855 6235
f 5842 5858 6262
f 6236 5842 6262
f 6262 6237 6236
f 6263 6237 6262
f 6240 6264 6265
f 6239 6264 6240
f 6241 6240 6266
f 6240 6265 6266
f 6242 6241 6267
f 6241 6266 6267
f 6244 6268 6269
f 6244 6242 6268
f 6242 6267 6268
f 6269 6270 6271
f 6268 6270 6269
f 6271 6247 6246
f 6271 6270 6247
f 6270 6272 6247
f 6248 6247 6273
f 6247 6272 6273
f 6249 6248 6274
f 6248 6273 6274
f 5859 5845 6249
f 6274 5859 6249
f 5847 5861 6275
f 6250 5847 6275
f 5862 5848 6250
f 6275 5862 6250
f 5854 5868 6276
f 6251 5854 6276
f 6252 6251 6277
f 6251 6276 6277
f 6277 6254 6252
f 6278 6254 6277
f 6258 6279 6280
f 6257 6279 6258
f 6259 6258 6281
f 6258 6280 6281
f 6260 6259 6282
f 6259 6281 6282
f 6261 6260 6283
f 6260 6282 6283
f 5869 5855 6261
f 6283 5869 6261
f 5872 5873 6284
f 6285 6284 6286
f 6262 6284 6285
f 6262 5872 6284
f 6262 5858 5872
f 6262 6285 6263
f 6265 6264 6287
f 6265 6288 6266
f 6287 6288 6265
f 6289 6266 6288
f 6289 6290 6266
f 6290 6267 6266
f 6268 6267 6291
f 6267 6290 6291
f 6270 6268 6292
f 6268 6291 6292
f 6272 6270 6293
f 6270 6292 6293
f 5875 5874 6273
f 5875 6273 6293
f 6293 6273 6272
f 6274 6273 5874
f 5878 6274 5874
f 5878 5880 6294
f 5878 6294 6274
f 5879 5859 6294
f 5859 6274 6294
f 5861 5879 6294
f 5861 6294 6275
f 6275 6294 6295
f 5881 5862 6275
f 6295 5881 6275
f 5886 5887 6296
f 5868 5886 6296
f 5868 6296 6276
f 6276 6296 6297
f 6277 6276 6298
f 6276 6297 6298
f 6298 6278 6277
f 6299 6278 6298
f 6280 6300 6301
f 6279 6300 6280
f 6281 6280 6302
f 6280 6301 6302
f 6282 6281 6303
f 6281 6302 6303
f 6283 6282 6304
f 6282 6303 6304
f 6305 5869 6283
f 6304 6305 6283
f 5873 5890 6306
f 6284 5873 6306
f 6306 6286 6284
f 6307 6286 6306
f 6290 6289 6308
f 6290 6309 6291
f 6308 6309 6290
f 6291 6310 6292
f 6309 6310 6291
f 6311 6292 6310
f 6311 6312 6292
f 6312 6293 6292
f 5891 5875 6293
f 5891 6293 6313
f 6313 6293 6312
f 5892 5891 6313
f 6314 5892 6313
f 5880 5892 6314
f 5880 6314 6294
f 6294 6314 6315
f 6295 6294 6316
f 6294 6315 6316
f 5893 5881 6295
f 6316 5893 6295
f 5887 5899 6296
f 5899 5900 6317
f 5899 6317 6296
f 6296 6317 6297
f 6298 6297 6318
f 6297 6317 6318
f 6299 6319 6320
f 6299 6298 6319
f 6298 6318 6319
f 6319 6321 6320
f 6322 6323 6324
f 6325 6301 6300
f 6326 6322 6324
f 6327 6301 6325
f 6327 6328 6301
f 6328 6302 6301
f 6303 6302 6329
f 6302 6328 6329
f 6304 6303 6330
f 6303 6329 6330
f 5901 6305 6304
f 6330 5901 6304
f 5890 5903 6331
f 6306 5890 6331
f 6331 6307 6306
f 6332 6307 6331
f 6312 6311 6333
f 6334 6312 6333
f 6334 6335 6312
f 6335 6313 6312
f 6314 6313 6336
f 6313 6335 6336
f 6315 6314 6337
f 6314 6336 6337
f 6316 6315 6338
f 6315 6337 6338
f 5904 5893 6316
f 6338 5904 6316
f 5900 5910 6339
f 6317 5900 6339
f 6318 6317 6340
f 6317 6339 6340
f 6319 6318 6341
f 6318 6340 6341
f 6341 6321 6319
f 6342 6321 6341
f 6324 6343 6344
f 6323 6343 6324
f 6326 6345 6346
f 6326 6324 6345
f 6324 6344 6345
f 6346 6328 6327
f 6346 6345 6328
f 6345 6347 6328
f 6329 6328 6348
f 6328 6347 6348
f 5912 5911 6330
f 5912 6330 6348
f 6348 6330 6329
f 5901 6330 5911
f 5903 5915 6349
f 6331 5903 6349
f 6349 6332 6331
f 6350 6332 6349
f 6335 6351 6352
f 6334 6351 6335
f 6336 6335 6353
f 6335 6352 6353
f 6337 6336 6354
f 6336 6353 6354
f 5917 5916 6338
f 5917 6338 6354
f 6354 6338 6337
f 5904 6338 5916
f 5910 5925 6339
f 5925 5926 6355
f 5925 6355 6339
f 6339 6355 6340
f 6341 6340 6356
f 6340 6355 6356
f 6342 6357 6358
f 6342 6341 6357
f 6341 6356 6357
f 6358 6359 6360
f 6357 6359 6358
f 6360 6344 6343
f 6360 6359 6344
f 6359 6361 6344
f 6345 6344 6362
f 6344 6361 6362
f 5928 5927 6347
f 5928 6347 6362
f 6362 6347 6345
f 6348 6347 5927
f 5931 6348 5927
f 5912 6348 5931
f 5915 5933 6363
f 6349 5915 6363
f 6363 6350 6349
f 6364 6350 6363
f 6365 6366 6367
f 6365 6352 6351
f 6365 6367 6352
f 6367 6368 6352
f 6353 6352 6369
f 6352 6368 6369
f 6354 6353 6370
f 6353 6369 6370
f 5934 5917 6354
f 6370 5934 6354
f 5936 5937 6371
f 5938 5936 6371
f 5926 5941 6355
f 6356 6355 5941
f 5942 6356 5941
f 6357 6356 5942
f 5943 6357 5942
f 6359 6357 5943
f 5944 6359 5943
f 6361 6359 5944
f 5945 6361 5944
f 6362 6361 5945
f 5946 6362 5945
f 5928 6362 5946
f 5933 5948 6372
f 6363 5933 6372
f 6364 5949 6373
f 6364 6372 5949
f 6364 6363 6372
f 6372 5950 5949
f 6374 5949 5952
f 6373 5949 6374
f 6375 6376 6377
f 6375 6378 6379
f 6377 6378 6375
f 6379 6367 6366
f 6379 6378 6367
f 6378 6380 6367
f 5954 5953 6368
f 5954 6368 6380
f 6380 6368 6367
f 6369 6368 5953
f 5957 6369 5953
f 6370 6369 5957
f 5959 6370 5957
f 5934 6370 5959
f 5937 5962 6371
f 5938 6371 5962
f 5948 5966 6372
f 5950 6372 5966
f 6381 6382 6374
f 6381 6374 5968
f 5968 6374 5952
f 6381 6383 6382
f 6384 6385 6386
f 6384 6387 6388
f 6389 6387 6384
f 6388 6390 6391
f 6387 6390 6388
f 5970 6391 6390
f 5969 6391 5970
f 5969 6376 6391
f 5969 6377 6376
f 6378 6377 5969
f 5973 6378 5969
f 6380 6378 5973
f 5975 6380 5973
f 5954 6380 5975
f 5968 5984 6392
f 6381 5968 6392
f 6392 6383 6381
f 6393 6383 6392
f 6386 6385 6394
f 6395 6389 6394
f 6395 6396 6389
f 6396 6387 6389
f 6390 6387 6397
f 6387 6396 6397
f 5985 5970 6390
f 6397 5985 6390
f 5984 5997 6392
f 5997 6393 6392
f 5997 5998 6393
f 5998 6398 6393
f 6396 6395 6399
f 6400 6396 6399
f 6400 6401 6396
f 6401 6397 6396
f 5999 5985 6397
f 6401 5999 6397
f 6002 6003 6402
f 6004 6002 6402
f 6403 6004 6402
f 6005 6004 6403
f 6404 6005 6403
f 6006 6005 6404
f 6014 6405 6398
f 5998 6014 6398
f 6406 6014 6015
f 6405 6014 6406
f 6401 6407 6408
f 6400 6407 6401
f 6016 5999 6401
f 6016 6401 6409
f 6409 6401 6408
f 6017 6016 6409
f 6410 6017 6409
f 6003 6017 6410
f 6003 6410 6402
f 6402 6410 6411
f 6403 6402 6412
f 6402 6411 6412
f 6404 6403 6413
f 6403 6412 6413
f 6018 6006 6404
f 6413 6018 6404
f 6015 6023 6406
f 6023 6414 6406
f 6408 6415 6416
f 6407 6415 6408
f 6409 6408 6417
f 6408 6416 6417
f 6410 6409 6418
f 6409 6417 6418
f 6411 6410 6419
f 6410 6418 6419
f 6412 6411 6420
f 6411 6419 6420
f 6413 6412 6421
f 6412 6420 6421
f 6024 6018 6413
f 6421 6024 6413
f 6023 6028 6414
f 6028 6422 6414
f 6416 6423 6424
f 6415 6423 6416
f 6417 6416 6425
f 6416 6424 6425
f 6418 6417 6426
f 6417 6425 6426
f 6419 6418 6427
f 6418 6426 6427
f 6420 6419 6428
f 6419 6427 6428
f 6030 6029 6421
f 6030 6421 6428
f 6428 6421 6420
f 6024 6421 6029
f 6028 6034 6422
f 6034 6429 6422
f 6430 6431 6432
f 6430 6424 6423
f 6430 6432 6424
f 6432 6433 6424
f 6425 6424 6434
f 6424 6433 6434
f 6426 6425 6435
f 6425 6434 6435
f 6036 6035 6427
f 6036 6427 6435
f 6435 6427 6426
f 6428 6427 6035
f 6039 6428 6035
f 6030 6428 6039
f 6034 6043 6429
f 6043 6436 6429
f 6437 6438 6439
f 6045 6437 6439
f 6044 6437 6045
f 6044 6431 6437
f 6044 6432 6431
f 6044 6047 6440
f 6044 6440 6432
f 6432 6440 6433
f 6434 6433 6441
f 6433 6440 6441
f 6049 6048 6435
f 6049 6435 6441
f 6441 6435 6434
f 6036 6435 6048
f 6043 6054 6436
f 6054 6442 6436
f 6443 6444 6445
f 6443 6446 6447
f 6445 6446 6443
f 6056 6447 6446
f 6055 6447 6056
f 6055 6438 6447
f 6055 6439 6438
f 6045 6439 6055
f 6047 6060 6440
f 6441 6440 6060
f 6062 6441 6060
f 6049 6441 6062
f 6054 6065 6442
f 6065 6448 6442
f 6445 6449 6450
f 6444 6449 6445
f 6067 6066 6446
f 6067 6446 6450
f 6450 6446 6445
f 6056 6446 6066
f 6451 6452 6448
f 6451 6448 6072
f 6072 6448 6065
f 6452 6450 6449
f 6452 6451 6450
f 6451 6453 6450
f 6073 6067 6450
f 6453 6073 6450
f 6076 6077 6454
f 6455 6454 6456
f 6451 6454 6455
f 6451 6076 6454
f 6451 6072 6076
f 6457 6451 6455
f 6457 6458 6451
f 6458 6453 6451
f 6078 6073 6453
f 6458 6078 6453
f 6077 6081 6459
f 6454 6077 6459
f 6459 6456 6454
f 6460 6456 6459
f 6458 6461 6462
f 6457 6461 6458
f 6082 6078 6458
f 6462 6082 6458
f 6081 6086 6459
f 6460 6463 6464
f 6459 6463 6460
f 6459 6087 6463
f 6459 6086 6087
f 6089 6464 6463
f 6088 6464 6089
f 6088 6461 6464
f 6088 6462 6461
f 6082 6462 6088
f 6087 6092 6463
f 6089 6463 6092
f 6136 6137 6465
f 6138 6136 6465
f 6466 6138 6465
f 6139 6138 6466
f 6150 6151 6467
f 6152 6150 6467
f 6468 6152 6467
f 6153 6152 6468
f 6469 6153 6468
f 6137 6153 6469
f 6137 6469 6465
f 6465 6469 6470
f 6466 6465 6471
f 6465 6470 6471
f 6154 6139 6466
f 6154 6466 6472
f 6472 6466 6471
f 6155 6154 6472
f 6473 6155 6472
f 6156 6155 6473
f 6474 6156 6473
f 6157 6156 6474
f 6475 6157 6474
f 6158 6157 6475
f 6151 6169 6476
f 6467 6151 6476
f 6477 6476 6478
f 6477 6468 6476
f 6468 6467 6476
f 6479 6468 6477
f 6479 6480 6468
f 6480 6469 6468
f 6470 6469 6481
f 6469 6480 6481
f 6471 6470 6482
f 6470 6481 6482
f 6472 6471 6483
f 6471 6482 6483
f 6473 6472 6484
f 6472 6483 6484
f 6474 6473 6485
f 6473 6484 6485
f 6475 6474 6486
f 6474 6485 6486
f 6170 6158 6475
f 6170 6475 6487
f 6487 6475 6486
f 6171 6170 6487
f 6178 6179 6488
f 6180 6178 6488
f 6489 6180 6488
f 6181 6180 6489
f 6490 6181 6489
f 6182 6181 6490
f 6491 6476 6169
f 6491 6169 6492
f 6492 6169 6187
f 6476 6491 6478
f 6480 6493 6494
f 6479 6493 6480
f 6481 6480 6495
f 6480 6494 6495
f 6482 6481 6496
f 6481 6495 6496
f 6483 6482 6497
f 6482 6496 6497
f 6484 6483 6498
f 6483 6497 6498
f 6189 6188 6485
f 6189 6485 6498
f 6498 6485 6484
f 6486 6485 6188
f 6192 6486 6188
f 6487 6486 6192
f 6194 6487 6192
f 6171 6487 6194
f 6179 6203 6488
f 6203 6204 6499
f 6203 6499 6488
f 6488 6499 6489
f 6490 6489 6500
f 6489 6499 6500
f 6205 6182 6490
f 6500 6205 6490
f 6209 6210 6501
f 6501 6187 6209
f 6501 6502 6187
f 6502 6492 6187
f 6494 6493 6503
f 6504 6494 6503
f 6504 6505 6494
f 6505 6495 6494
f 6496 6495 6506
f 6495 6505 6506
f 6212 6211 6497
f 6212 6497 6506
f 6506 6497 6496
f 6498 6497 6211
f 6215 6498 6211
f 6189 6498 6215
f 6225 6226 6507
f 6227 6225 6507
f 6204 6230 6499
f 6500 6499 6230
f 6232 6500 6230
f 6205 6500 6232
f 6210 6237 6508
f 6501 6210 6508
f 6508 6502 6501
f 6509 6502 6508
f 6505 6510 6511
f 6504 6510 6505
f 6239 6238 6506
f 6239 6506 6511
f 6511 6506 6505
f 6212 6506 6238
f 6243 6244 6512
f 6245 6243 6512
f 6513 6245 6512
f 6246 6245 6513
f 6253 6254 6514
f 6515 6514 6516
f 6507 6514 6515
f 6507 6253 6514
f 6507 6226 6253
f 6507 6255 6227
f 6507 6515 6255
f 6515 6517 6255
f 6518 6519 6256
f 6518 6256 6517
f 6517 6256 6255
f 6257 6256 6519
f 6520 6508 6237
f 6520 6237 6521
f 6521 6237 6263
f 6508 6520 6509
f 6511 6522 6523
f 6510 6522 6511
f 6264 6239 6511
f 6523 6264 6511
f 6244 6269 6512
f 6513 6512 6269
f 6271 6513 6269
f 6246 6513 6271
f 6254 6278 6524
f 6514 6254 6524
f 6524 6516 6514
f 6525 6516 6524
f 6519 6526 6527
f 6518 6526 6519
f 6279 6257 6519
f 6527 6279 6519
f 6285 6286 6528
f 6528 6263 6285
f 6528 6529 6263
f 6529 6521 6263
f 6523 6530 6531
f 6522 6530 6523
f 6287 6264 6523
f 6287 6523 6532
f 6532 6523 6531
f 6288 6287 6532
f 6533 6288 6532
f 6289 6288 6533
f 6278 6299 6534
f 6524 6278 6534
f 6534 6525 6524
f 6535 6525 6534
f 6527 6536 6537
f 6526 6536 6527
f 6300 6279 6527
f 6537 6300 6527
f 6286 6307 6538
f 6528 6286 6538
f 6538 6529 6528
f 6539 6529 6538
f 6531 6530 6540
f 6531 6541 6532
f 6540 6541 6531
f 6542 6532 6541
f 6542 6543 6532
f 6543 6533 6532
f 6308 6289 6533
f 6308 6533 6544
f 6544 6533 6543
f 6309 6308 6544
f 6545 6309 6544
f 6310 6309 6545
f 6546 6310 6545
f 6311 6310 6546
f 6299 6320 6534
f 6320 6535 6534
f 6320 6321 6535
f 6321 6547 6535
f 6537 6323 6322
f 6537 6536 6323
f 6536 6548 6323
f 6322 6326 6549
f 6322 6549 6537
f 6325 6300 6549
f 6300 6537 6549
f 6327 6325 6549
f 6550 6538 6307
f 6550 6307 6551
f 6551 6307 6332
f 6538 6550 6539
f 6543 6542 6552
f 6543 6553 6544
f 6552 6553 6543
f 6554 6544 6553
f 6554 6555 6544
f 6555 6545 6544
f 6546 6545 6556
f 6545 6555 6556
f 6333 6311 6546
f 6333 6546 6557
f 6557 6546 6556
f 6334 6333 6557
f 6558 6559 6547
f 6558 6547 6342
f 6342 6547 6321
f 6559 6560 6561
f 6558 6560 6559
f 6561 6560 6343
f 6561 6343 6548
f 6548 6343 6323
f 6326 6346 6549
f 6327 6549 6346
f 6332 6350 6551
f 6350 6562 6551
f 6563 6564 6565
f 6563 6555 6554
f 6563 6565 6555
f 6565 6566 6555
f 6556 6555 6567
f 6555 6566 6567
f 6557 6556 6568
f 6556 6567 6568
f 6351 6334 6557
f 6568 6351 6557
f 6342 6358 6558
f 6560 6558 6358
f 6360 6560 6358
f 6343 6560 6360
f 6569 6570 6562
f 6569 6562 6364
f 6364 6562 6350
f 6569 6571 6570
f 6572 6573 6574
f 6572 6565 6564
f 6572 6574 6565
f 6574 6575 6565
f 6566 6565 6576
f 6565 6575 6576
f 6567 6566 6577
f 6566 6576 6577
f 6366 6365 6568
f 6366 6568 6577
f 6577 6568 6567
f 6351 6568 6365
f 6364 6373 6569
f 6571 6578 6579
f 6569 6578 6571
f 6569 6374 6578
f 6569 6373 6374
f 6578 6580 6579
f 6581 6582 6583
f 6581 6584 6585
f 6583 6584 6581
f 6585 6586 6587
f 6584 6586 6585
f 6587 6574 6573
f 6587 6586 6574
f 6586 6588 6574
f 6575 6574 6589
f 6574 6588 6589
f 6376 6375 6576
f 6376 6576 6589
f 6589 6576 6575
f 6577 6576 6375
f 6379 6577 6375
f 6366 6577 6379
f 6374 6382 6578
f 6382 6580 6578
f 6382 6383 6580
f 6383 6590 6580
f 6583 6582 6591
f 6592 6583 6591
f 6592 6593 6583
f 6593 6584 6583
f 6385 6384 6586
f 6385 6586 6593
f 6593 6586 6584
f 6588 6586 6384
f 6388 6588 6384
f 6589 6588 6388
f 6391 6589 6388
f 6376 6589 6391
f 6383 6393 6590
f 6393 6594 6590
f 6595 6596 6597
f 6595 6593 6592
f 6595 6597 6593
f 6597 6598 6593
f 6394 6385 6593
f 6394 6593 6599
f 6599 6593 6598
f 6395 6394 6599
f 6600 6601 6594
f 6600 6594 6398
f 6398 6594 6393
f 6600 6602 6601
f 6597 6603 6604
f 6596 6603 6597
f 6598 6597 6605
f 6597 6604 6605
f 6599 6598 6606
f 6598 6605 6606
f 6399 6395 6599
f 6399 6599 6607
f 6607 6599 6606
f 6400 6399 6607
f 6398 6405 6600
f 6602 6608 6609
f 6600 6608 6602
f 6600 6406 6608
f 6600 6405 6406
f 6609 6604 6603
f 6609 6608 6604
f 6608 6610 6604
f 6605 6604 6611
f 6604 6610 6611
f 6612 6611 6613
f 6612 6606 6611
f 6606 6605 6611
f 6614 6606 6612
f 6614 6615 6606
f 6615 6607 6606
f 6407 6400 6607
f 6615 6407 6607
f 6406 6414 6616
f 6608 6406 6616
f 6610 6608 6617
f 6608 6616 6617
f 6618 6617 6619
f 6618 6611 6617
f 6611 6610 6617
f 6611 6618 6613
f 6615 6620 6621
f 6614 6620 6615
f 6415 6407 6615
f 6621 6415 6615
f 6414 6422 6622
f 6616 6414 6622
f 6617 6616 6623
f 6616 6622 6623
f 6623 6619 6617
f 6624 6619 6623
f 6621 6625 6626
f 6620 6625 6621
f 6423 6415 6621
f 6626 6423 6621
f 6422 6429 6627
f 6622 6422 6627
f 6623 6622 6628
f 6622 6627 6628
f 6624 6629 6630
f 6624 6623 6629
f 6623 6628 6629
f 6630 6631 6632
f 6629 6631 6630
f 6431 6632 6631
f 6430 6632 6431
f 6430 6625 6632
f 6430 6626 6625
f 6423 6626 6430
f 6429 6436 6633
f 6627 6429 6633
f 6628 6627 6634
f 6627 6633 6634
f 6629 6628 6635
f 6628 6634 6635
f 6438 6437 6631
f 6438 6631 6635
f 6635 6631 6629
f 6431 6631 6437
f 6436 6442 6636
f 6633 6436 6636
f 6444 6443 6634
f 6444 6634 6636
f 6636 6634 6633
f 6635 6634 6443
f 6447 6635 6443
f 6438 6635 6447
f 6442 6448 6637
f 6636 6442 6637
f 6449 6444 6636
f 6637 6449 6636
f 6448 6452 6637
f 6449 6637 6452
f 6455 6456 6638
f 6457 6455 6638
f 6456 6460 6639
f 6638 6456 6639
f 6461 6457 6638
f 6639 6461 6638
f 6460 6464 6639
f 6461 6639 6464
f 6477 6478 6640
f 6479 6477 6640
f 6491 6492 6641
f 6478 6491 6641
f 6478 6641 6640
f 6640 6641 6642
f 6493 6479 6640
f 6642 6493 6640
f 6492 6502 6643
f 6641 6492 6643
f 6642 6641 6644
f 6641 6643 6644
f 6503 6493 6642
f 6503 6642 6645
f 6645 6642 6644
f 6504 6503 6645
f 6646 6643 6502
f 6646 6502 6647
f 6647 6502 6509
f 6643 6648 6644
f 6646 6648 6643
f 6649 6644 6648
f 6649 6650 6644
f 6650 6645 6644
f 6510 6504 6645
f 6650 6510 6645
f 6515 6516 6651
f 6517 6515 6651
f 6652 6517 6651
f 6518 6517 6652
f 6520 6521 6653
f 6653 6509 6520
f 6653 6654 6509
f 6654 6647 6509
f 6650 6655 6656
f 6649 6655 6650
f 6522 6510 6650
f 6656 6522 6650
f 6516 6525 6657
f 6651 6516 6657
f 6652 6651 6658
f 6651 6657 6658
f 6526 6518 6652
f 6658 6526 6652
f 6521 6529 6659
f 6653 6521 6659
f 6659 6654 6653
f 6660 6654 6659
f 6656 6661 6662
f 6655 6661 6656
f 6530 6522 6656
f 6662 6530 6656
f 6525 6535 6663
f 6657 6525 6663
f 6658 6657 6664
f 6657 6663 6664
f 6536 6526 6658
f 6664 6536 6658
f 6665 6659 6529
f 6665 6529 6666
f 6666 6529 6539
f 6659 6665 6660
f 6662 6667 6668
f 6661 6667 6662
f 6540 6530 6662
f 6540 6662 6669
f 6669 6662 6668
f 6541 6540 6669
f 6670 6541 6669
f 6542 6541 6670
f 6535 6547 6671
f 6663 6535 6671
f 6664 6663 6672
f 6663 6671 6672
f 6548 6536 6664
f 6672 6548 6664
f 6550 6551 6673
f 6673 6539 6550
f 6673 6674 6539
f 6674 6666 6539
f 6668 6675 6676
f 6667 6675 6668
f 6669 6668 6677
f 6668 6676 6677
f 6670 6669 6678
f 6669 6677 6678
f 6552 6542 6670
f 6552 6670 6679
f 6679 6670 6678
f 6553 6552 6679
f 6680 6553 6679
f 6554 6553 6680
f 6547 6559 6671
f 6672 6671 6559
f 6561 6672 6559
f 6548 6672 6561
f 6551 6562 6681
f 6673 6551 6681
f 6681 6674 6673
f 6682 6674 6681
f 6676 6683 6684
f 6675 6683 6676
f 6677 6676 6685
f 6676 6684 6685
f 6678 6677 6686
f 6677 6685 6686
f 6679 6678 6687
f 6678 6686 6687
f 6564 6563 6680
f 6564 6680 6687
f 6687 6680 6679
f 6554 6680 6563
f 6562 6570 6681
f 6682 6688 6689
f 6681 6688 6682
f 6681 6571 6688
f 6681 6570 6571
f 6688 6690 6689
f 6684 6691 6692
f 6683 6691 6684
f 6685 6684 6693
f 6684 6692 6693
f 6686 6685 6694
f 6685 6693 6694
f 6573 6572 6687
f 6573 6687 6694
f 6694 6687 6686
f 6564 6687 6572
f 6571 6579 6688
f 6579 6690 6688
f 6579 6580 6690
f 6580 6695 6690
f 6692 6582 6581
f 6692 6691 6582
f 6691 6696 6582
f 6693 6692 6581
f 6585 6693 6581
f 6694 6693 6585
f 6587 6694 6585
f 6573 6694 6587
f 6580 6590 6695
f 6590 6697 6695
f 6591 6698 6699
f 6591 6582 6698
f 6582 6696 6698
f 6592 6591 6699
f 6700 6701 6697
f 6700 6697 6594
f 6594 6697 6590
f 6700 6702 6701
f 6699 6596 6595
f 6699 6698 6596
f 6698 6703 6596
f 6592 6699 6595
f 6594 6601 6700
f 6702 6704 6705
f 6700 6704 6702
f 6700 6602 6704
f 6700 6601 6602
f 6705 6704 6603
f 6705 6603 6703
f 6703 6603 6596
f 6602 6609 6704
f 6603 6704 6609
f 6612 6613 6706
f 6614 6612 6706
f 6618 6619 6707
f 6613 6618 6707
f 6613 6707 6706
f 6706 6707 6708
f 6620 6614 6706
f 6708 6620 6706
f 6619 6624 6709
f 6707 6619 6709
f 6708 6707 6710
f 6707 6709 6710
f 6625 6620 6708
f 6710 6625 6708
f 6624 6630 6709
f 6710 6709 6630
f 6632 6710 6630
f 6625 6710 6632
f 6646 6647 6711
f 6648 6646 6711
f 6712 6648 6711
f 6649 6648 6712
f 6647 6654 6713
f 6711 6647 6713
f 6712 6711 6714
f 6711 6713 6714
f 6655 6649 6712
f 6714 6655 6712
f 6715 6713 6654
f 6715 6654 6716
f 6716 6654 6660
f 6717 6713 6715
f 6717 6718 6713
f 6718 6714 6713
f 6661 6655 6714
f 6718 6661 6714
f 6665 6666 6719
f 6719 6660 6665
f 6719 6720 6660
f 6720 6716 6660
f 6718 6721 6722
f 6717 6721 6718
f 6667 6661 6718
f 6722 6667 6718
f 6666 6674 6723
f 6719 6666 6723
f 6723 6720 6719
f 6724 6720 6723
f 6722 6725 6726
f 6721 6725 6722
f 6675 6667 6722
f 6726 6675 6722
f 6674 6682 6727
f 6723 6674 6727
f 6727 6724 6723
f 6728 6724 6727
f 6726 6729 6730
f 6725 6729 6726
f 6683 6675 6726
f 6730 6683 6726
f 6682 6689 6727
f 6728 6731 6732
f 6727 6731 6728
f 6727 6690 6731
f 6727 6689 6690
f 6732 6730 6729
f 6732 6731 6730
f 6731 6733 6730
f 6691 6683 6730
f 6733 6691 6730
f 6690 6695 6734
f 6731 6690 6734
f 6735 6734 6736
f 6735 6733 6734
f 6733 6731 6734
f 6733 6735 6737
f 6733 6737 6691
f 6691 6737 6696
f 6695 6697 6738
f 6734 6695 6738
f 6736 6739 6740
f 6736 6734 6739
f 6734 6738 6739
f 6740 6739 6698
f 6740 6698 6737
f 6737 6698 6696
f 6697 6701 6738
f 6701 6702 6741
f 6701 6741 6738
f 6738 6741 6739
f 6703 6698 6739
f 6741 6703 6739
f 6702 6705 6741
f 6703 6741 6705
f 6715 6716 6742
f 6717 6715 6742
f 6716 6720 6743
f 6742 6716 6743
f 6721 6717 6742
f 6743 6721 6742
f 6720 6724 6744
f 6743 6720 6744
f 6725 6721 6743
f 6744 6725 6743
f 6724 6728 6745
f 6744 6724 6745
f 6729 6725 6744
f 6745 6729 6744
f 6728 6732 6745
f 6729 6745 6732
f 6735 6736 6746
f 6737 6735 6746
f 6736 6740 6746
f 6737 6746 6740
f 6747 6748 6749
f 6748 6747 6750
f 6751 6752 6753
f 6751 6749 6748
f 6751 6748 6752
f 6752 6748 6754
f 6754 6748 6750
f 6755 6754 6750
f 6752 6756 6757
f 6753 6752 6757
f 6754 6758 6752
f 6752 6758 6756
f 6758 6754 6755
f 6759 6758 6755
f 6760 6761 6762
f 6760 6757 6756
f 6760 6756 6761
f 6761 6756 6763
f 6764 6765 6763
f 6764 6763 6758
f 6758 6763 6756
f 6758 6759 6764
f 6761 6766 6767
f 6762 6761 6767
f 6763 6768 6761
f 6761 6768 6766
f 6768 6763 6765
f 6769 6768 6765
f 6766 6770 6771
f 6767 6766 6771
f 6768 6772 6766
f 6766 6772 6770
f 6772 6768 6769
f 6773 6772 6769
f 6770 6774 6771
f 6775 6774 6770
f 6775 6770 6776
f 6776 6770 6772
f 6776 6772 6773
f 6777 6776 6773
f 6776 6778 6779
f 6775 6776 6779
f 6778 6776 6777
f 6780 6778 6777
f 6778 6781 6782
f 6779 6778 6782
f 6781 6778 6780
f 6783 6781 6780
f 6781 6784 6782
f 6781 6783 6784
f 6785 6786 6787
f 6785 6788 6789
f 6786 6785 6789
f 6789 6788 6790
f 6786 6791 6792
f 6787 6786 6792
f 6789 6793 6786
f 6786 6793 6791
f 6790 6794 6795
f 6790 6795 6789
f 6789 6795 6793
f 6795 6794 6796
f 6791 6797 6798
f 6792 6791 6798
f 6793 6799 6791
f 6791 6799 6797
f 6795 6800 6793
f 6793 6800 6799
f 6800 6795 6796
f 6801 6800 6796
f 6797 6802 6798
f 6803 6802 6797
f 6803 6797 6804
f 6804 6797 6799
f 6805 6806 6804
f 6805 6804 6800
f 6800 6804 6799
f 6800 6801 6805
f 6804 6807 6808
f 6803 6804 6808
f 6807 6804 6806
f 6809 6807 6806
f 6810 6811 6812
f 6810 6808 6807
f 6810 6807 6811
f 6813 6814 6807
f 6814 6811 6807
f 6807 6809 6813
f 6815 6816 6817
f 6815 6818 6819
f 6816 6815 6819
f 6818 6812 6811
f 6818 6811 6819
f 6820 6821 6811
f 6821 6819 6811
f 6811 6814 6820
f 6822 6823 6824
f 6822 6825 6826
f 6823 6822 6826
f 6825 6817 6816
f 6825 6816 6826
f 6826 6816 6827
f 6819 6828 6816
f 6816 6828 6827
f 6828 6819 6821
f 6829 6828 6821
f 6823 6830 6831
f 6824 6823 6831
f 6749 6826 6747
f 6749 6830 6826
f 6830 6823 6826
f 6747 6832 6750
f 6747 6826 6832
f 6826 6827 6832
f 6828 6833 6827
f 6827 6833 6832
f 6829 6834 6835
f 6829 6835 6828
f 6828 6835 6833
f 6835 6834 6836
f 6837 6838 6839
f 6753 6838 6837
f 6751 6753 6837
f 6751 6837 6831
f 6751 6831 6830
f 6749 6751 6830
f 6750 6840 6755
f 6832 6840 6750
f 6833 6841 6832
f 6832 6841 6840
f 6835 6842 6833
f 6833 6842 6841
f 6842 6835 6836
f 6843 6842 6836
f 6838 6844 6845
f 6839 6838 6845
f 6757 6838 6753
f 6844 6838 6757
f 6755 6846 6759
f 6840 6846 6755
f 6841 6847 6840
f 6840 6847 6846
f 6842 6848 6841
f 6841 6848 6847
f 6848 6842 6843
f 6849 6848 6843
f 6844 6760 6762
f 6844 6762 6845
f 6845 6762 6850
f 6757 6760 6844
f 6764 6851 6765
f 6759 6851 6764
f 6759 6846 6851
f 6846 6852 6851
f 6847 6853 6846
f 6846 6853 6852
f 6848 6854 6847
f 6847 6854 6853
f 6854 6848 6849
f 6855 6854 6849
f 6856 6857 6858
f 6856 6767 6857
f 6856 6850 6767
f 6850 6762 6767
f 6765 6859 6769
f 6851 6859 6765
f 6852 6860 6851
f 6851 6860 6859
f 6853 6861 6852
f 6852 6861 6860
f 6854 6862 6853
f 6853 6862 6861
f 6862 6854 6855
f 6863 6862 6855
f 6857 6864 6858
f 6857 6865 6864
f 6857 6767 6865
f 6767 6771 6865
f 6769 6866 6773
f 6859 6866 6769
f 6860 6867 6859
f 6859 6867 6866
f 6861 6868 6860
f 6860 6868 6867
f 6862 6869 6861
f 6861 6869 6868
f 6869 6862 6863
f 6870 6869 6863
f 6774 6871 6872
f 6774 6872 6771
f 6771 6872 6865
f 6775 6871 6774
f 6773 6873 6777
f 6866 6873 6773
f 6867 6874 6866
f 6866 6874 6873
f 6868 6875 6867
f 6867 6875 6874
f 6869 6876 6868
f 6868 6876 6875
f 6876 6869 6870
f 6877 6876 6870
f 6871 6878 6879
f 6872 6871 6879
f 6779 6871 6775
f 6878 6871 6779
f 6777 6880 6780
f 6873 6880 6777
f 6874 6881 6873
f 6873 6881 6880
f 6875 6882 6874
f 6874 6882 6881
f 6883 6884 6882
f 6883 6882 6876
f 6876 6882 6875
f 6876 6877 6883
f 6878 6885 6886
f 6879 6878 6886
f 6782 6878 6779
f 6885 6878 6782
f 6780 6887 6783
f 6880 6887 6780
f 6881 6888 6880
f 6880 6888 6887
f 6882 6889 6881
f 6881 6889 6888
f 6884 6890 6891
f 6884 6891 6882
f 6882 6891 6889
f 6890 6892 6893
f 6891 6890 6893
f 6893 6892 6894
f 6885 6895 6886
f 6885 6896 6895
f 6782 6896 6885
f 6782 6897 6896
f 6782 6784 6897
f 6783 6897 6784
f 6783 6887 6897
f 6887 6898 6897
f 6888 6899 6887
f 6887 6899 6898
f 6889 6900 6888
f 6888 6900 6899
f 6891 6901 6889
f 6889 6901 6900
f 6893 6902 6891
f 6891 6902 6901
f 6894 6903 6904
f 6894 6904 6893
f 6893 6904 6902
f 6904 6903 6905
f 6897 6906 6896
f 6897 6898 6907
f 6906 6897 6907
f 6908 6907 6898
f 6908 6898 6909
f 6909 6898 6899
f 6910 6911 6909
f 6910 6909 6900
f 6900 6909 6899
f 6900 6901 6912
f 6910 6900 6912
f 6901 6902 6913
f 6912 6901 6913
f 6902 6904 6914
f 6913 6902 6914
f 6904 6905 6914
f 6909 6915 6908
f 6909 6911 6915
f 6916 6917 6918
f 6916 6919 6920
f 6917 6916 6920
f 6919 6921 6922
f 6920 6919 6922
f 6921 6923 6924
f 6922 6921 6924
f 6923 6925 6926
f 6924 6923 6926
f 6926 6925 6927
f 6928 6929 6930
f 6787 6929 6928
f 6785 6787 6928
f 6785 6928 6918
f 6785 6918 6917
f 6920 6785 6917
f 6788 6785 6920
f 6788 6931 6790
f 6788 6920 6931
f 6920 6922 6931
f 6924 6932 6922
f 6922 6932 6931
f 6926 6933 6924
f 6924 6933 6932
f 6927 6934 6935
f 6927 6935 6926
f 6926 6935 6933
f 6935 6934 6936
f 6929 6937 6938
f 6930 6929 6938
f 6792 6929 6787
f 6937 6929 6792
f 6790 6931 6794
f 6794 6939 6796
f 6794 6931 6939
f 6931 6932 6939
f 6933 6940 6932
f 6932 6940 6939
f 6935 6941 6933
f 6933 6941 6940
f 6941 6935 6936
f 6942 6941 6936
f 6937 6943 6938
f 6937 6944 6943
f 6937 6792 6944
f 6792 6798 6944
f 6796 6945 6801
f 6939 6945 6796
f 6940 6946 6939
f 6939 6946 6945
f 6941 6947 6940
f 6940 6947 6946
f 6942 6948 6949
f 6942 6949 6941
f 6941 6949 6947
f 6949 6948 6950
f 6802 6951 6952
f 6802 6952 6798
f 6798 6952 6944
f 6803 6951 6802
f 6805 6953 6806
f 6801 6953 6805
f 6801 6945 6953
f 6945 6954 6953
f 6946 6955 6945
f 6945 6955 6954
f 6947 6956 6946
f 6946 6956 6955
f 6949 6957 6947
f 6947 6957 6956
f 6957 6949 6950
f 6958 6957 6950
f 6951 6959 6960
f 6952 6951 6960
f 6808 6951 6803
f 6959 6951 6808
f 6806 6961 6809
f 6953 6961 6806
f 6954 6962 6953
f 6953 6962 6961
f 6955 6963 6954
f 6954 6963 6962
f 6956 6964 6955
f 6955 6964 6963
f 6957 6965 6956
f 6956 6965 6964
f 6965 6957 6958
f 6966 6965 6958
f 6967 6968 6969
f 6812 6968 6967
f 6810 6812 6967
f 6810 6967 6960
f 6810 6960 6959
f 6813 6970 6814
f 6808 6810 6959
f 6809 6970 6813
f 6809 6961 6970
f 6961 6971 6970
f 6962 6972 6961
f 6961 6972 6971
f 6963 6973 6962
f 6962 6973 6972
f 6964 6974 6963
f 6963 6974 6973
f 6965 6975 6964
f 6964 6975 6974
f 6975 6965 6966
f 6976 6975 6966
f 6977 6978 6979
f 6817 6978 6977
f 6817 6977 6815
f 6815 6977 6980
f 6968 6980 6969
f 6968 6818 6980
f 6818 6815 6980
f 6820 6981 6821
f 6812 6818 6968
f 6814 6981 6820
f 6814 6970 6981
f 6970 6982 6981
f 6971 6983 6970
f 6970 6983 6982
f 6972 6984 6971
f 6971 6984 6983
f 6973 6985 6972
f 6972 6985 6984
f 6974 6986 6973
f 6973 6986 6985
f 6987 6988 6986
f 6987 6986 6975
f 6975 6986 6974
f 6975 6976 6987
f 6989 6822 6824
f 6990 6989 6824
f 6978 6989 6979
f 6978 6825 6989
f 6825 6822 6989
f 6817 6825 6978
f 6821 6991 6829
f 6981 6991 6821
f 6982 6992 6981
f 6981 6992 6991
f 6983 6993 6982
f 6982 6993 6992
f 6984 6994 6983
f 6983 6994 6993
f 6985 6995 6984
f 6984 6995 6994
f 6986 6996 6985
f 6985 6996 6995
f 6996 6986 6988
f 6997 6996 6988
f 6998 6999 7000
f 6999 6998 7001
f 7002 7003 7004
f 7002 6831 7003
f 7002 6990 6831
f 6990 6824 6831
f 6829 6991 6834
f 6834 7005 6836
f 6834 6991 7005
f 6991 6992 7005
f 6993 7006 6992
f 6992 7006 7005
f 6994 7007 6993
f 6993 7007 7006
f 6995 7008 6994
f 6994 7008 7007
f 6996 7009 6995
f 6995 7009 7008
f 7009 6996 6997
f 7010 7009 6997
f 6999 7011 7012
f 7000 6999 7012
f 7011 6999 7001
f 7013 7011 7001
f 7003 6837 6839
f 7003 6839 7004
f 7004 6839 7014
f 6831 6837 7003
f 6836 7015 6843
f 7005 7015 6836
f 7006 7016 7005
f 7005 7016 7015
f 7007 7017 7006
f 7006 7017 7016
f 7008 7018 7007
f 7007 7018 7017
f 7019 7020 7018
f 7019 7018 7009
f 7009 7018 7008
f 7009 7010 7019
f 7011 7021 7012
f 7011 7013 7021
f 7022 7023 7024
f 7022 6845 7023
f 7022 7014 6845
f 7014 6839 6845
f 6843 7025 6849
f 7015 7025 6843
f 7016 7026 7015
f 7015 7026 7025
f 7017 7027 7016
f 7016 7027 7026
f 7018 7028 7017
f 7017 7028 7027
f 7028 7018 7020
f 7029 7028 7020
f 7023 7030 7031
f 7024 7023 7031
f 6850 7023 6845
f 7030 7023 6850
f 6849 7032 6855
f 7025 7032 6849
f 7026 7033 7025
f 7025 7033 7032
f 7027 7034 7026
f 7026 7034 7033
f 7035 7036 7034
f 7035 7034 7028
f 7028 7034 7027
f 7028 7029 7035
f 7037 7038 7039
f 7038 7037 7040
f 7041 7042 7043
f 7042 7041 7044
f 7030 6856 7045
f 7030 7045 7031
f 7031 7045 7046
f 6850 6856 7030
f 6855 7047 6863
f 7032 7047 6855
f 7033 7048 7032
f 7032 7048 7047
f 7034 7049 7033
f 7033 7049 7048
f 7036 7050 7051
f 7036 7051 7034
f 7034 7051 7049
f 7051 7050 7052
f 7038 7053 7054
f 7039 7038 7054
f 7053 7038 7040
f 7055 7053 7040
f 7042 7056 7057
f 7043 7042 7057
f 7056 7042 7044
f 7058 7056 7044
f 6864 7059 7060
f 6864 7060 7045
f 7045 7060 7046
f 6865 7059 6864
f 6863 7061 6870
f 7047 7061 6863
f 7048 7062 7047
f 7047 7062 7061
f 7049 7063 7048
f 7048 7063 7062
f 7051 7064 7049
f 7049 7064 7063
f 7052 7065 7066
f 7052 7066 7051
f 7051 7066 7064
f 7065 7054 7053
f 7065 7053 7066
f 7066 7053 7067
f 7067 7053 7055
f 7068 7067 7055
f 7056 7069 7057
f 7056 7058 7069
f 7059 7070 7071
f 7060 7059 7071
f 6872 7059 6865
f 7070 7059 6872
f 6870 7072 6877
f 7061 7072 6870
f 7062 7073 7061
f 7061 7073 7072
f 7063 7074 7062
f 7062 7074 7073
f 7064 7075 7063
f 7063 7075 7074
f 7076 7077 7075
f 7076 7075 7066
f 7066 7075 7064
f 7066 7067 7078
f 7076 7066 7078
f 7067 7068 7078
f 7070 7079 7080
f 7071 7070 7080
f 6879 7070 6872
f 7079 7070 6879
f 6883 7081 6884
f 6877 7081 6883
f 6877 7072 7081
f 7072 7082 7081
f 7073 7083 7072
f 7072 7083 7082
f 7074 7084 7073
f 7073 7084 7083
f 7075 7085 7074
f 7074 7085 7084
f 7077 7086 7087
f 7077 7087 7075
f 7075 7087 7085
f 7086 7088 7089
f 7087 7086 7089
f 7089 7088 7090
f 7079 7091 7080
f 7079 7092 7091
f 7079 6879 7092
f 6879 6886 7092
f 6884 7081 6890
f 7082 6890 7081
f 6892 6890 7082
f 6892 7093 6894
f 6892 7082 7093
f 7082 7083 7093
f 7084 7094 7083
f 7083 7094 7093
f 7085 7095 7084
f 7084 7095 7094
f 7087 7096 7085
f 7085 7096 7095
f 7089 7097 7087
f 7087 7097 7096
f 7097 7089 7090
f 7098 7097 7090
f 7099 7100 7101
f 7100 7099 7102
f 6895 7103 7104
f 6895 7104 6886
f 6886 7104 7092
f 6896 7103 6895
f 6894 7093 6903
f 6903 7105 6905
f 6903 7093 7105
f 7093 7094 7105
f 7095 7106 7094
f 7094 7106 7105
f 7096 7107 7095
f 7095 7107 7106
f 7097 7108 7096
f 7096 7108 7107
f 7108 7097 7098
f 7109 7108 7098
f 7100 7110 7101
f 7100 7102 7110
f 7103 7111 7104
f 7103 6896 6906
f 7103 6906 7111
f 7111 6906 7112
f 7113 6907 7114
f 7113 7112 6907
f 7112 6906 6907
f 6908 7114 6907
f 6910 7115 6911
f 6912 7115 6910
f 7116 7115 6912
f 6913 7116 6912
f 7117 7116 6913
f 6914 7117 6913
f 7118 7117 6914
f 6905 7118 6914
f 6905 7105 7118
f 7105 7119 7118
f 7106 7120 7105
f 7105 7120 7119
f 7107 7121 7106
f 7106 7121 7120
f 7108 7122 7107
f 7107 7122 7121
f 7122 7108 7109
f 7123 7122 7109
f 7124 7125 7126
f 7125 7124 7127
f 7114 7128 7113
f 7114 6908 6915
f 7114 6915 7128
f 7128 6915 7129
f 6911 7115 7130
f 6911 7130 6915
f 6915 7130 7129
f 7115 7116 7131
f 7130 7115 7131
f 7116 7117 7132
f 7131 7116 7132
f 7133 7132 7117
f 7133 7117 7134
f 7134 7117 7118
f 7119 7135 7118
f 7118 7135 7134
f 7136 7137 7135
f 7136 7135 7120
f 7120 7135 7119
f 7120 7121 7138
f 7136 7120 7138
f 7121 7122 7139
f 7138 7121 7139
f 7122 7123 7139
f 7125 7140 7126
f 7125 7127 7140
f 7134 7141 7133
f 7134 7135 7142
f 7141 7134 7142
f 7135 7137 7142
f 7143 7144 7145
f 7143 7146 7147
f 7144 7143 7147
f 7146 7148 7149
f 7147 7146 7149
f 7148 7150 7151
f 7149 7148 7151
f 7151 7150 7152
f 7153 6916 6918
f 7154 7153 6918
f 6919 6916 7155
f 7155 6916 7153
f 7144 7155 7145
f 7144 6921 7155
f 6921 6919 7155
f 7147 6921 7144
f 6923 6921 7147
f 7149 6923 7147
f 6925 6923 7149
f 6925 7156 6927
f 6925 7149 7156
f 7149 7151 7156
f 7152 7157 7158
f 7152 7158 7151
f 7151 7158 7156
f 7157 7159 7160
f 7158 7157 7160
f 7160 7159 7161
f 7162 7163 7164
f 7162 7165 7166
f 7163 7162 7166
f 7165 7167 7168
f 7166 7165 7168
f 7167 7169 7170
f 7168 7167 7170
f 7169 7171 7172
f 7170 7169 7172
f 7172 7171 7173
f 7174 7175 7176
f 7175 7174 7177
f 7178 6928 6930
f 7179 7178 6930
f 6918 7178 7154
f 6928 7178 6918
f 6927 7156 6934
f 6934 7180 6936
f 6934 7156 7180
f 7156 7158 7180
f 7160 7181 7158
f 7158 7181 7180
f 7161 7182 7183
f 7161 7183 7160
f 7160 7183 7181
f 7182 7164 7163
f 7182 7163 7183
f 7183 7163 7184
f 7166 7185 7163
f 7163 7185 7184
f 7168 7186 7166
f 7166 7186 7185
f 7170 7187 7168
f 7168 7187 7186
f 7172 7188 7170
f 7170 7188 7187
f 7173 7189 7190
f 7173 7190 7172
f 7172 7190 7188
f 7189 7191 7192
f 7190 7189 7192
f 7191 7176 7175
f 7191 7175 7192
f 7192 7175 7193
f 7193 7175 7177
f 7194 7193 7177
f 6930 6938 7179
f 6938 7195 7179
f 6936 7196 6942
f 7180 7196 6936
f 7181 7197 7180
f 7180 7197 7196
f 7183 7198 7181
f 7181 7198 7197
f 7184 7199 7183
f 7183 7199 7198
f 7185 7200 7184
f 7184 7200 7199
f 7186 7201 7185
f 7185 7201 7200
f 7187 7202 7186
f 7186 7202 7201
f 7188 7203 7187
f 7187 7203 7202
f 7204 7205 7203
f 7204 7203 7190
f 7190 7203 7188
f 7190 7192 7206
f 7204 7190 7206
f 7192 7193 7207
f 7206 7192 7207
f 7193 7194 7207
f 6943 7208 7209
f 6943 7209 6938
f 6938 7209 7195
f 6944 7208 6943
f 6942 7196 6948
f 6948 7210 7211
f 6948 7196 7210
f 7196 7197 7210
f 7198 7212 7197
f 7197 7212 7210
f 7199 7213 7198
f 7198 7213 7212
f 7200 7214 7199
f 7199 7214 7213
f 7201 7215 7200
f 7200 7215 7214
f 7202 7216 7201
f 7201 7216 7215
f 7203 7217 7202
f 7202 7217 7216
f 7217 7203 7205
f 7218 7217 7205
f 7208 7219 7209
f 7208 7220 7219
f 7208 6944 7220
f 6944 6952 7220
f 7211 7221 6958
f 7210 7221 7211
f 7212 7222 7210
f 7210 7222 7221
f 7213 7223 7212
f 7212 7223 7222
f 7214 7224 7213
f 7213 7224 7223
f 7215 7225 7214
f 7214 7225 7224
f 7216 7226 7215
f 7215 7226 7225
f 7217 7227 7216
f 7216 7227 7226
f 7218 7228 7229
f 7218 7229 7217
f 7217 7229 7227
f 7229 7228 7230
f 6952 6960 7220
f 6960 7231 7220
f 6958 7232 6966
f 7221 7232 6958
f 7222 7233 7221
f 7221 7233 7232
f 7223 7234 7222
f 7222 7234 7233
f 7224 7235 7223
f 7223 7235 7234
f 7225 7236 7224
f 7224 7236 7235
f 7226 7237 7225
f 7225 7237 7236
f 7227 7238 7226
f 7226 7238 7237
f 7229 7239 7227
f 7227 7239 7238
f 7239 7229 7230
f 7240 7239 7230
f 7241 7242 7243
f 6969 7242 7241
f 6969 7241 6967
f 6967 7241 7244
f 6960 7244 7231
f 6967 7244 6960
f 6966 7245 6976
f 7232 7245 6966
f 7233 7246 7232
f 7232 7246 7245
f 7234 7247 7233
f 7233 7247 7246
f 7235 7248 7234
f 7234 7248 7247
f 7236 7249 7235
f 7235 7249 7248
f 7237 7250 7236
f 7236 7250 7249
f 7238 7251 7237
f 7237 7251 7250
f 7252 7253 7251
f 7252 7251 7239
f 7239 7251 7238
f 7239 7240 7252
f 7254 7255 7256
f 7255 7254 7257
f 7258 6977 6979
f 7259 7258 6979
f 7242 7258 7243
f 7242 6980 7258
f 6980 6977 7258
f 6969 6980 7242
f 6987 7260 6988
f 6976 7260 6987
f 6976 7245 7260
f 7245 7261 7260
f 7246 7262 7245
f 7245 7262 7261
f 7247 7263 7246
f 7246 7263 7262
f 7248 7264 7247
f 7247 7264 7263
f 7249 7265 7248
f 7248 7265 7264
f 7250 7266 7249
f 7249 7266 7265
f 7251 7267 7250
f 7250 7267 7266
f 7253 7268 7269
f 7253 7269 7251
f 7251 7269 7267
f 7268 7270 7271
f 7269 7268 7271
f 7270 7272 7273
f 7271 7270 7273
f 7272 7274 7275
f 7273 7272 7275
f 7274 7276 7277
f 7275 7274 7277
f 7276 7278 7279
f 7277 7276 7279
f 7278 7256 7255
f 7278 7255 7279
f 7279 7255 7280
f 7280 7255 7257
f 7281 7280 7257
f 7282 6989 6990
f 7283 7282 6990
f 6979 7282 7259
f 6989 7282 6979
f 6988 7284 6997
f 7260 7284 6988
f 7261 7285 7260
f 7260 7285 7284
f 7000 7262 6998
f 7000 7285 7262
f 7285 7261 7262
f 6998 7286 7001
f 6998 7262 7286
f 7262 7263 7286
f 7264 7287 7263
f 7263 7287 7286
f 7265 7288 7264
f 7264 7288 7287
f 7266 7289 7265
f 7265 7289 7288
f 7267 7290 7266
f 7266 7290 7289
f 7269 7291 7267
f 7267 7291 7290
f 7271 7292 7269
f 7269 7292 7291
f 7273 7293 7271
f 7271 7293 7292
f 7275 7294 7273
f 7273 7294 7293
f 7277 7295 7275
f 7275 7295 7294
f 7279 7296 7277
f 7277 7296 7295
f 7297 7298 7296
f 7297 7296 7280
f 7280 7296 7279
f 7280 7281 7297
f 7299 7300 7301
f 7300 7299 7302
f 7303 7002 7004
f 7304 7303 7004
f 6990 7303 7283
f 7002 7303 6990
f 6997 7305 7010
f 7284 7305 6997
f 7285 7306 7284
f 7284 7306 7305
f 7012 7285 7000
f 7306 7285 7012
f 7001 7307 7013
f 7286 7307 7001
f 7287 7308 7286
f 7286 7308 7307
f 7288 7309 7287
f 7287 7309 7308
f 7289 7310 7288
f 7288 7310 7309
f 7290 7311 7289
f 7289 7311 7310
f 7291 7312 7290
f 7290 7312 7311
f 7292 7313 7291
f 7291 7313 7312
f 7293 7314 7292
f 7292 7314 7313
f 7294 7315 7293
f 7293 7315 7314
f 7295 7316 7294
f 7294 7316 7315
f 7296 7317 7295
f 7295 7317 7316
f 7317 7296 7298
f 7318 7317 7298
f 7300 7319 7320
f 7301 7300 7320
f 7319 7300 7302
f 7321 7319 7302
f 7004 7014 7304
f 7014 7322 7304
f 7019 7323 7020
f 7010 7323 7019
f 7010 7305 7323
f 7305 7324 7323
f 7306 7325 7305
f 7305 7325 7324
f 7021 7306 7012
f 7021 7326 7306
f 7326 7325 7306
f 7013 7326 7021
f 7013 7307 7326
f 7307 7327 7326
f 7308 7328 7307
f 7307 7328 7327
f 7309 7329 7308
f 7308 7329 7328
f 7310 7330 7309
f 7309 7330 7329
f 7311 7331 7310
f 7310 7331 7330
f 7312 7332 7311
f 7311 7332 7331
f 7313 7333 7312
f 7312 7333 7332
f 7314 7334 7313
f 7313 7334 7333
f 7315 7335 7314
f 7314 7335 7334
f 7316 7336 7315
f 7315 7336 7335
f 7317 7337 7316
f 7316 7337 7336
f 7318 7338 7339
f 7318 7339 7317
f 7317 7339 7337
f 7338 7340 7341
f 7339 7338 7341
f 7341 7340 7342
f 7319 7343 7320
f 7319 7321 7343
f 7344 7022 7024
f 7345 7344 7024
f 7014 7344 7322
f 7022 7344 7014
f 7020 7346 7029
f 7323 7346 7020
f 7324 7347 7323
f 7323 7347 7346
f 7325 7348 7324
f 7324 7348 7347
f 7326 7349 7325
f 7325 7349 7348
f 7327 7350 7326
f 7326 7350 7349
f 7328 7351 7327
f 7327 7351 7350
f 7329 7352 7328
f 7328 7352 7351
f 7330 7353 7329
f 7329 7353 7352
f 7331 7354 7330
f 7330 7354 7353
f 7332 7355 7331
f 7331 7355 7354
f 7333 7356 7332
f 7332 7356 7355
f 7334 7357 7333
f 7333 7357 7356
f 7358 7359 7357
f 7358 7357 7335
f 7335 7357 7334
f 7335 7336 7360
f 7358 7335 7360
f 7361 7360 7336
f 7361 7336 7362
f 7362 7336 7337
f 7339 7363 7337
f 7337 7363 7362
f 7364 7365 7363
f 7364 7363 7341
f 7341 7363 7339
f 7341 7342 7364
f 7024 7031 7345
f 7031 7366 7345
f 7035 7367 7036
f 7029 7367 7035
f 7029 7346 7367
f 7346 7368 7367
f 7039 7347 7037
f 7039 7368 7347
f 7368 7346 7347
f 7037 7369 7040
f 7037 7347 7369
f 7347 7348 7369
f 7349 7370 7348
f 7348 7370 7369
f 7350 7371 7349
f 7349 7371 7370
f 7043 7351 7041
f 7043 7371 7351
f 7371 7350 7351
f 7041 7372 7044
f 7041 7351 7372
f 7351 7352 7372
f 7353 7373 7352
f 7352 7373 7372
f 7354 7374 7353
f 7353 7374 7373
f 7355 7375 7354
f 7354 7375 7374
f 7376 7377 7375
f 7376 7375 7356
f 7356 7375 7355
f 7378 7376 7356
f 7378 7356 7379
f 7379 7356 7357
f 7379 7357 7359
f 7380 7379 7359
f 7381 7382 7383
f 7381 7361 7362
f 7381 7362 7382
f 7382 7362 7384
f 7363 7385 7362
f 7362 7385 7384
f 7365 7386 7387
f 7365 7387 7363
f 7363 7387 7385
f 7387 7386 7388
f 7031 7046 7366
f 7046 7389 7366
f 7036 7367 7050
f 7050 7390 7052
f 7050 7367 7390
f 7367 7368 7390
f 7054 7368 7039
f 7390 7368 7054
f 7040 7391 7055
f 7369 7391 7040
f 7370 7392 7369
f 7369 7392 7391
f 7371 7393 7370
f 7370 7393 7392
f 7057 7371 7043
f 7393 7371 7057
f 7044 7394 7058
f 7372 7394 7044
f 7373 7395 7372
f 7372 7395 7394
f 7374 7396 7373
f 7373 7396 7395
f 7375 7397 7374
f 7374 7397 7396
f 7397 7375 7377
f 7398 7397 7377
f 7379 7399 7400
f 7378 7379 7400
f 7399 7379 7380
f 7401 7399 7380
f 7382 7402 7403
f 7383 7382 7403
f 7384 7404 7382
f 7382 7404 7402
f 7385 7405 7384
f 7384 7405 7404
f 7387 7406 7385
f 7385 7406 7405
f 7406 7387 7388
f 7407 7406 7388
f 7046 7060 7389
f 7060 7408 7389
f 7052 7390 7065
f 7054 7065 7390
f 7055 7409 7068
f 7391 7409 7055
f 7392 7410 7391
f 7391 7410 7409
f 7393 7411 7392
f 7392 7411 7410
f 7069 7393 7057
f 7069 7412 7393
f 7412 7411 7393
f 7058 7412 7069
f 7058 7394 7412
f 7394 7413 7412
f 7395 7414 7394
f 7394 7414 7413
f 7396 7415 7395
f 7395 7415 7414
f 7397 7416 7396
f 7396 7416 7415
f 7416 7397 7398
f 7417 7416 7398
f 7399 7418 7400
f 7399 7401 7418
f 7402 7419 7403
f 7420 7419 7402
f 7420 7402 7421
f 7421 7402 7404
f 7405 7422 7404
f 7404 7422 7421
f 7423 7424 7422
f 7423 7422 7406
f 7406 7422 7405
f 7406 7407 7423
f 7060 7071 7408
f 7071 7425 7408
f 7076 7426 7077
f 7078 7426 7076
f 7427 7426 7078
f 7068 7427 7078
f 7068 7409 7427
f 7409 7428 7427
f 7410 7429 7409
f 7409 7429 7428
f 7411 7430 7410
f 7410 7430 7429
f 7412 7431 7411
f 7411 7431 7430
f 7413 7432 7412
f 7412 7432 7431
f 7414 7433 7413
f 7413 7433 7432
f 7415 7434 7414
f 7414 7434 7433
f 7416 7435 7415
f 7415 7435 7434
f 7417 7436 7437
f 7417 7437 7416
f 7416 7437 7435
f 7436 7438 7439
f 7437 7436 7439
f 7438 7440 7441
f 7439 7438 7441
f 7440 7442 7443
f 7441 7440 7443
f 7442 7420 7421
f 7442 7421 7443
f 7443 7421 7444
f 7422 7445 7421
f 7421 7445 7444
f 7424 7446 7447
f 7424 7447 7422
f 7422 7447 7445
f 7447 7446 7448
f 7071 7080 7425
f 7080 7449 7425
f 7077 7426 7086
f 7427 7086 7426
f 7088 7086 7427
f 7088 7450 7090
f 7088 7427 7450
f 7427 7428 7450
f 7429 7451 7428
f 7428 7451 7450
f 7430 7452 7429
f 7429 7452 7451
f 7431 7453 7430
f 7430 7453 7452
f 7432 7454 7431
f 7431 7454 7453
f 7433 7455 7432
f 7432 7455 7454
f 7434 7456 7433
f 7433 7456 7455
f 7435 7457 7434
f 7434 7457 7456
f 7437 7458 7435
f 7435 7458 7457
f 7439 7459 7437
f 7437 7459 7458
f 7441 7460 7439
f 7439 7460 7459
f 7443 7461 7441
f 7441 7461 7460
f 7444 7462 7443
f 7443 7462 7461
f 7445 7463 7444
f 7444 7463 7462
f 7447 7464 7445
f 7445 7464 7463
f 7464 7447 7448
f 7465 7464 7448
f 7466 7467 7468
f 7467 7466 7469
f 7091 7470 7449
f 7080 7091 7449
f 7471 7091 7092
f 7470 7091 7471
f 7090 7472 7098
f 7450 7472 7090
f 7101 7451 7099
f 7101 7472 7451
f 7472 7450 7451
f 7099 7473 7102
f 7099 7451 7473
f 7451 7452 7473
f 7453 7474 7452
f 7452 7474 7473
f 7454 7475 7453
f 7453 7475 7474
f 7455 7476 7454
f 7454 7476 7475
f 7456 7477 7455
f 7455 7477 7476
f 7457 7478 7456
f 7456 7478 7477
f 7458 7479 7457
f 7457 7479 7478
f 7459 7480 7458
f 7458 7480 7479
f 7460 7481 7459
f 7459 7481 7480
f 7461 7482 7460
f 7460 7482 7481
f 7462 7483 7461
f 7461 7483 7482
f 7463 7484 7462
f 7462 7484 7483
f 7464 7485 7463
f 7463 7485 7484
f 7465 7486 7487
f 7465 7487 7464
f 7464 7487 7485
f 7487 7486 7488
f 7467 7489 7490
f 7468 7467 7490
f 7489 7467 7469
f 7491 7489 7469
f 7092 7104 7471
f 7104 7492 7471
f 7098 7493 7109
f 7472 7493 7098
f 7110 7472 7101
f 7110 7494 7472
f 7494 7493 7472
f 7102 7494 7110
f 7102 7473 7494
f 7473 7495 7494
f 7474 7496 7473
f 7473 7496 7495
f 7475 7497 7474
f 7474 7497 7496
f 7476 7498 7475
f 7475 7498 7497
f 7477 7499 7476
f 7476 7499 7498
f 7478 7500 7477
f 7477 7500 7499
f 7479 7501 7478
f 7478 7501 7500
f 7480 7502 7479
f 7479 7502 7501
f 7481 7503 7480
f 7480 7503 7502
f 7482 7504 7481
f 7481 7504 7503
f 7483 7505 7482
f 7482 7505 7504
f 7484 7506 7483
f 7483 7506 7505
f 7485 7507 7484
f 7484 7507 7506
f 7487 7508 7485
f 7485 7508 7507
f 7508 7487 7488
f 7509 7508 7488
f 7489 7510 7490
f 7489 7491 7510
f 7111 7511 7492
f 7104 7111 7492
f 7512 7112 7513
f 7512 7511 7112
f 7511 7111 7112
f 7113 7513 7112
f 7109 7514 7515
f 7493 7514 7109
f 7494 7516 7493
f 7493 7516 7514
f 7495 7517 7494
f 7494 7517 7516
f 7496 7518 7495
f 7495 7518 7517
f 7497 7519 7496
f 7496 7519 7518
f 7126 7498 7124
f 7126 7519 7498
f 7519 7497 7498
f 7124 7520 7127
f 7124 7498 7520
f 7498 7499 7520
f 7500 7521 7499
f 7499 7521 7520
f 7522 7523 7521
f 7522 7521 7501
f 7501 7521 7500
f 7501 7502 7524
f 7522 7501 7524
f 7502 7503 7525
f 7524 7502 7525
f 7503 7504 7526
f 7525 7503 7526
f 7527 7526 7504
f 7527 7504 7528
f 7528 7504 7505
f 7506 7529 7505
f 7505 7529 7528
f 7530 7531 7529
f 7530 7529 7507
f 7507 7529 7506
f 7507 7508 7532
f 7530 7507 7532
f 7508 7509 7532
f 7513 7533 7512
f 7513 7113 7128
f 7513 7128 7533
f 7533 7128 7534
f 7129 7535 7128
f 7535 7534 7128
f 7130 7536 7129
f 7536 7535 7129
f 7537 7131 7538
f 7537 7536 7131
f 7536 7130 7131
f 7132 7538 7131
f 7539 7538 7132
f 7133 7539 7132
f 7136 7540 7137
f 7138 7540 7136
f 7541 7540 7138
f 7139 7541 7138
f 7542 7541 7139
f 7515 7542 7139
f 7515 7514 7542
f 7514 7543 7542
f 7516 7544 7514
f 7514 7544 7543
f 7517 7545 7516
f 7516 7545 7544
f 7518 7546 7517
f 7517 7546 7545
f 7519 7547 7518
f 7518 7547 7546
f 7140 7519 7126
f 7140 7548 7519
f 7548 7547 7519
f 7127 7548 7140
f 7127 7520 7548
f 7520 7549 7548
f 7521 7550 7520
f 7520 7550 7549
f 7550 7521 7523
f 7551 7550 7523
f 7528 7552 7527
f 7528 7529 7553
f 7552 7528 7553
f 7529 7531 7553
f 7538 7554 7537
f 7538 7539 7555
f 7554 7538 7555
f 7539 7556 7555
f 7133 7556 7539
f 7133 7557 7556
f 7133 7141 7557
f 7142 7557 7141
f 7558 7557 7142
f 7137 7558 7142
f 7137 7540 7558
f 7540 7559 7558
f 7541 7560 7540
f 7540 7560 7559
f 7542 7561 7541
f 7541 7561 7560
f 7543 7562 7542
f 7542 7562 7561
f 7544 7563 7543
f 7543 7563 7562
f 7545 7564 7544
f 7544 7564 7563
f 7546 7565 7545
f 7545 7565 7564
f 7547 7566 7546
f 7546 7566 7565
f 7567 7568 7566
f 7567 7566 7548
f 7548 7566 7547
f 7548 7549 7569
f 7567 7548 7569
f 7549 7550 7570
f 7569 7549 7570
f 7550 7551 7570
f 7557 7571 7556
f 7557 7558 7572
f 7571 7557 7572
f 7558 7559 7573
f 7572 7558 7573
f 7559 7560 7574
f 7573 7559 7574
f 7560 7561 7575
f 7574 7560 7575
f 7561 7562 7576
f 7575 7561 7576
f 7562 7563 7577
f 7576 7562 7577
f 7563 7564 7578
f 7577 7563 7578
f 7564 7565 7579
f 7578 7564 7579
f 7565 7566 7580
f 7579 7565 7580
f 7566 7568 7580
f 1 7143 7145
f 2 1 7145
f 7146 7143 4
f 4 7143 1
f 7148 7146 8
f 8 7146 4
f 7150 7148 9
f 9 7148 8
f 7581 7152 7150
f 7581 7150 11
f 11 7150 9
f 11 13 7582
f 7581 11 7582
f 7582 13 16
f 19 7583 18
f 19 21 7584
f 7583 19 7584
f 21 23 7585
f 7584 21 7585
f 23 25 7586
f 7585 23 7586
f 25 27 7587
f 7586 25 7587
f 27 29 7588
f 7587 27 7588
f 29 31 7589
f 7588 29 7589
f 31 33 7590
f 7589 31 7590
f 33 35 7591
f 7590 33 7591
f 35 37 7592
f 7591 35 7592
f 37 39 7593
f 7592 37 7593
f 39 41 7594
f 7593 39 7594
f 41 43 7595
f 7594 41 7595
f 7595 43 46
f 59 7153 7154
f 60 59 7154
f 7155 7153 62
f 62 7153 59
f 7145 62 2
f 7155 62 7145
f 7152 7581 7157
f 7582 7157 7581
f 7159 7157 7582
f 16 67 7596
f 7582 16 7596
f 7582 7596 7161
f 7582 7161 7159
f 7164 7596 67
f 7162 7164 67
f 7162 67 18
f 7162 18 7583
f 7584 7162 7583
f 7165 7162 7584
f 7585 7165 7584
f 7167 7165 7585
f 7586 7167 7585
f 7169 7167 7586
f 7587 7169 7586
f 7171 7169 7587
f 7171 7597 7173
f 7171 7587 7597
f 7587 7588 7597
f 7589 7598 7588
f 7588 7598 7597
f 7176 7590 7174
f 7176 7598 7590
f 7598 7589 7590
f 7174 7599 7177
f 7174 7590 7599
f 7590 7591 7599
f 7592 7600 7591
f 7591 7600 7599
f 7593 7601 7592
f 7592 7601 7600
f 7594 7602 7593
f 7593 7602 7601
f 7595 7603 7594
f 7594 7603 7602
f 46 68 7604
f 46 7604 7595
f 7595 7604 7603
f 68 69 7605
f 7604 68 7605
f 69 70 7606
f 7605 69 7606
f 70 71 7607
f 7606 70 7607
f 71 72 7608
f 7607 71 7608
f 7608 72 74
f 7178 7179 7609
f 7609 7154 7178
f 7609 98 7154
f 98 60 7154
f 7161 7596 7182
f 7164 7182 7596
f 7173 7597 7189
f 7598 7189 7597
f 7191 7189 7598
f 7176 7191 7598
f 7177 7610 7194
f 7599 7610 7177
f 7600 7611 7599
f 7599 7611 7610
f 7601 7612 7600
f 7600 7612 7611
f 7602 7613 7601
f 7601 7613 7612
f 7603 7614 7602
f 7602 7614 7613
f 7604 7615 7603
f 7603 7615 7614
f 7605 7616 7604
f 7604 7616 7615
f 7606 7617 7605
f 7605 7617 7616
f 7607 7618 7606
f 7606 7618 7617
f 7608 7619 7607
f 7607 7619 7618
f 7619 7608 74
f 103 7619 74
f 134 7609 7179
f 134 7179 135
f 135 7179 7195
f 7609 134 98
f 7204 7620 7205
f 7206 7620 7204
f 7621 7620 7206
f 7207 7621 7206
f 7622 7621 7207
f 7194 7622 7207
f 7194 7610 7622
f 7610 7623 7622
f 7611 7624 7610
f 7610 7624 7623
f 7612 7625 7611
f 7611 7625 7624
f 7613 7626 7612
f 7612 7626 7625
f 7614 7627 7613
f 7613 7627 7626
f 7615 7628 7614
f 7614 7628 7627
f 7616 7629 7615
f 7615 7629 7628
f 7617 7630 7616
f 7616 7630 7629
f 139 141 7630
f 139 7630 7618
f 7618 7630 7617
f 7618 7619 142
f 139 7618 142
f 145 142 7619
f 145 7619 7631
f 103 144 7619
f 144 7631 7619
f 144 146 7632
f 7631 144 7632
f 7632 146 148
f 7195 7209 135
f 7209 170 135
f 7205 7633 7218
f 7620 7633 7205
f 7621 7634 7620
f 7620 7634 7633
f 7622 7635 7621
f 7621 7635 7634
f 7623 7636 7622
f 7622 7636 7635
f 7624 7637 7623
f 7623 7637 7636
f 7625 7638 7624
f 7624 7638 7637
f 7626 7639 7625
f 7625 7639 7638
f 7627 7640 7626
f 7626 7640 7639
f 174 176 7640
f 174 7640 7628
f 7628 7640 7627
f 177 174 7628
f 177 7628 7641
f 7641 7628 7629
f 7630 7642 7629
f 7629 7642 7641
f 7642 7630 141
f 179 7642 141
f 7631 181 145
f 183 181 7631
f 183 7631 7643
f 7643 7631 7632
f 7643 7632 148
f 185 7643 148
f 7219 234 170
f 7209 7219 170
f 235 7219 7220
f 234 7219 235
f 7218 7633 7228
f 7228 7644 7230
f 7228 7633 7644
f 7633 7634 7644
f 7635 7645 7634
f 7634 7645 7644
f 7636 7646 7635
f 7635 7646 7645
f 7637 7647 7636
f 7636 7647 7646
f 7638 7648 7637
f 7637 7648 7647
f 7639 7649 7638
f 7638 7649 7648
f 7640 7650 7639
f 7639 7650 7649
f 176 237 7651
f 176 7651 7640
f 7640 7651 7650
f 237 177 7641
f 237 7641 7651
f 7651 7641 7652
f 7642 7653 7641
f 7641 7653 7652
f 7653 7642 179
f 239 7653 179
f 241 7654 240
f 241 242 7655
f 7654 241 7655
f 242 183 7643
f 242 7643 7655
f 7655 7643 7656
f 7656 7643 185
f 244 7656 185
f 7220 7231 235
f 7231 291 235
f 7230 7657 7240
f 7644 7657 7230
f 7645 7658 7644
f 7644 7658 7657
f 7646 7659 7645
f 7645 7659 7658
f 7647 7660 7646
f 7646 7660 7659
f 7648 7661 7647
f 7647 7661 7660
f 7649 7662 7648
f 7648 7662 7661
f 7650 7663 7649
f 7649 7663 7662
f 7651 7664 7650
f 7650 7664 7663
f 7652 7665 7651
f 7651 7665 7664
f 7653 7666 7652
f 7652 7666 7665
f 7666 7653 239
f 294 7666 239
f 7654 7667 295
f 240 7654 295
f 7655 7668 7654
f 7654 7668 7667
f 7656 7669 7655
f 7655 7669 7668
f 7669 7656 244
f 297 7669 244
f 305 7670 304
f 7670 305 307
f 7241 7243 7671
f 7671 342 341
f 7671 341 7241
f 7241 341 7244
f 7231 341 291
f 7244 341 7231
f 7252 7672 7253
f 7240 7672 7252
f 7240 7657 7672
f 7657 7673 7672
f 7658 7674 7657
f 7657 7674 7673
f 7659 7675 7658
f 7658 7675 7674
f 7660 7676 7659
f 7659 7676 7675
f 7661 7677 7660
f 7660 7677 7676
f 7256 7662 7254
f 7256 7677 7662
f 7677 7661 7662
f 7254 7678 7257
f 7254 7662 7678
f 7662 7663 7678
f 7664 7679 7663
f 7663 7679 7678
f 7665 7680 7664
f 7664 7680 7679
f 7666 7681 7665
f 7665 7681 7680
f 7681 7666 294
f 346 7681 294
f 7667 347 295
f 349 347 7667
f 349 7667 7682
f 7682 7667 7668
f 7669 7683 7668
f 7668 7683 7682
f 7683 7669 297
f 351 7683 297
f 358 7684 357
f 358 304 7670
f 358 7670 7684
f 7684 7670 7685
f 7685 7670 307
f 360 7685 307
f 393 7258 7259
f 7686 393 7259
f 7243 396 7671
f 7243 7258 396
f 7258 393 396
f 7671 396 342
f 7253 7672 7268
f 7673 7268 7672
f 7270 7268 7673
f 7674 7270 7673
f 7272 7270 7674
f 7675 7272 7674
f 7274 7272 7675
f 7676 7274 7675
f 7276 7274 7676
f 7677 7276 7676
f 7278 7276 7677
f 7256 7278 7677
f 7257 7687 7281
f 7678 7687 7257
f 7679 7688 7678
f 7678 7688 7687
f 7680 7689 7679
f 7679 7689 7688
f 7681 7690 7680
f 7680 7690 7689
f 346 400 7691
f 346 7691 7681
f 7681 7691 7690
f 400 401 7692
f 7691 400 7692
f 401 349 7682
f 401 7682 7692
f 7692 7682 7693
f 7683 7694 7682
f 7682 7694 7693
f 351 402 7695
f 351 7695 7683
f 7683 7695 7694
f 402 403 7696
f 7695 402 7696
f 403 404 7697
f 7696 403 7697
f 404 405 7698
f 7697 404 7698
f 405 406 7699
f 7698 405 7699
f 406 407 7700
f 7699 406 7700
f 407 357 7684
f 407 7684 7700
f 7700 7684 7701
f 7685 7702 7684
f 7684 7702 7701
f 360 408 7703
f 360 7703 7685
f 7685 7703 7702
f 7703 408 410
f 417 7704 416
f 7704 417 419
f 441 7282 7283
f 442 441 7283
f 7259 441 7686
f 7282 441 7259
f 7297 7705 7298
f 7281 7705 7297
f 7281 7687 7705
f 7687 7706 7705
f 7688 7707 7687
f 7687 7707 7706
f 7689 7708 7688
f 7688 7708 7707
f 7301 7690 7299
f 7301 7708 7690
f 7708 7689 7690
f 7299 7709 7302
f 7299 7690 7709
f 7690 7691 7709
f 7692 7710 7691
f 7691 7710 7709
f 7693 7711 7692
f 7692 7711 7710
f 7694 7712 7693
f 7693 7712 7711
f 7695 7713 7694
f 7694 7713 7712
f 7696 7714 7695
f 7695 7714 7713
f 7697 7715 7696
f 7696 7715 7714
f 7698 7716 7697
f 7697 7716 7715
f 7699 7717 7698
f 7698 7717 7716
f 7700 7718 7699
f 7699 7718 7717
f 7701 7719 7700
f 7700 7719 7718
f 7702 7720 7701
f 7701 7720 7719
f 7703 7721 7702
f 7702 7721 7720
f 410 447 7722
f 410 7722 7703
f 7703 7722 7721
f 447 448 7723
f 7722 447 7723
f 448 449 7724
f 7723 448 7724
f 449 450 7725
f 7724 449 7725
f 450 451 7726
f 7725 450 7726
f 7726 451 453
f 7704 454 416
f 7704 419 454
f 479 7303 7304
f 480 479 7304
f 7283 479 442
f 7303 479 7283
f 7298 7727 7318
f 7705 7727 7298
f 7706 7728 7705
f 7705 7728 7727
f 7707 7729 7706
f 7706 7729 7728
f 7708 7730 7707
f 7707 7730 7729
f 7320 7708 7301
f 7730 7708 7320
f 7302 7731 7321
f 7709 7731 7302
f 7710 7732 7709
f 7709 7732 7731
f 7711 7733 7710
f 7710 7733 7732
f 7712 7734 7711
f 7711 7734 7733
f 7713 7735 7712
f 7712 7735 7734
f 7714 7736 7713
f 7713 7736 7735
f 7715 7737 7714
f 7714 7737 7736
f 7716 7738 7715
f 7715 7738 7737
f 7717 7739 7716
f 7716 7739 7738
f 7718 7740 7717
f 7717 7740 7739
f 7719 7741 7718
f 7718 7741 7740
f 7720 7742 7719
f 7719 7742 7741
f 7721 7743 7720
f 7720 7743 7742
f 7722 7744 7721
f 7721 7744 7743
f 7723 7745 7722
f 7722 7745 7744
f 7724 7746 7723
f 7723 7746 7745
f 7725 7747 7724
f 7724 7747 7746
f 7726 7748 7725
f 7725 7748 7747
f 7748 7726 453
f 487 7748 453
f 7304 7322 480
f 7322 504 480
f 7318 7727 7338
f 7728 7338 7727
f 7340 7338 7728
f 7340 7749 7342
f 7340 7728 7749
f 7728 7729 7749
f 7730 7750 7729
f 7729 7750 7749
f 7343 7730 7320
f 7343 7751 7730
f 7751 7750 7730
f 7321 7751 7343
f 7321 7731 7751
f 7731 7752 7751
f 7732 7753 7731
f 7731 7753 7752
f 7733 7754 7732
f 7732 7754 7753
f 7734 7755 7733
f 7733 7755 7754
f 7735 7756 7734
f 7734 7756 7755
f 7736 7757 7735
f 7735 7757 7756
f 7737 7758 7736
f 7736 7758 7757
f 7738 7759 7737
f 7737 7759 7758
f 7739 7760 7738
f 7738 7760 7759
f 7740 7761 7739
f 7739 7761 7760
f 7741 7762 7740
f 7740 7762 7761
f 7742 7763 7741
f 7741 7763 7762
f 7743 7764 7742
f 7742 7764 7763
f 7744 7765 7743
f 7743 7765 7764
f 7745 7766 7744
f 7744 7766 7765
f 7746 7767 7745
f 7745 7767 7766
f 7747 7768 7746
f 7746 7768 7767
f 509 511 7768
f 509 7768 7748
f 7748 7768 7747
f 513 509 7748
f 513 7748 7769
f 487 512 7748
f 512 7769 7748
f 512 514 7770
f 7769 512 7770
f 7770 514 516
f 7344 7345 7771
f 7771 7322 7344
f 7771 538 7322
f 538 504 7322
f 7358 7772 7359
f 7360 7772 7358
f 7773 7772 7360
f 7361 7773 7360
f 7364 7774 7365
f 7342 7774 7364
f 7342 7749 7774
f 7749 7775 7774
f 7750 7776 7749
f 7749 7776 7775
f 7751 7777 7750
f 7750 7777 7776
f 7752 7778 7751
f 7751 7778 7777
f 7753 7779 7752
f 7752 7779 7778
f 7754 7780 7753
f 7753 7780 7779
f 7755 7781 7754
f 7754 7781 7780
f 7756 7782 7755
f 7755 7782 7781
f 7757 7783 7756
f 7756 7783 7782
f 7758 7784 7757
f 7757 7784 7783
f 7759 7785 7758
f 7758 7785 7784
f 543 545 7785
f 543 7785 7760
f 7760 7785 7759
f 546 543 7760
f 546 7760 7786
f 7786 7760 7761
f 7762 7787 7761
f 7761 7787 7786
f 7763 7788 7762
f 7762 7788 7787
f 7764 7789 7763
f 7763 7789 7788
f 547 549 7789
f 547 7789 7765
f 7765 7789 7764
f 7765 7766 550
f 547 7765 550
f 7766 7767 552
f 550 7766 552
f 7767 7768 554
f 552 7767 554
f 7768 511 554
f 7769 7790 557
f 513 7769 557
f 7770 7791 7769
f 7769 7791 7790
f 7791 7770 516
f 559 7791 516
f 585 7771 7345
f 585 7345 586
f 586 7345 7366
f 7771 585 538
f 7376 7792 7377
f 7378 7792 7376
f 7359 7793 7380
f 7772 7793 7359
f 7383 7773 7381
f 7383 7793 7773
f 7793 7772 7773
f 7361 7381 7773
f 7365 7774 7386
f 7386 7794 7388
f 7386 7774 7794
f 7774 7775 7794
f 7776 7795 7775
f 7775 7795 7794
f 7777 7796 7776
f 7776 7796 7795
f 7778 7797 7777
f 7777 7797 7796
f 7779 7798 7778
f 7778 7798 7797
f 7780 7799 7779
f 7779 7799 7798
f 7781 7800 7780
f 7780 7800 7799
f 7782 7801 7781
f 7781 7801 7800
f 591 593 7801
f 591 7801 7783
f 7783 7801 7782
f 7783 7784 594
f 591 7783 594
f 596 594 7784
f 596 7784 7802
f 7802 7784 7785
f 7802 7785 545
f 598 7802 545
f 7786 7803 599
f 546 7786 599
f 7787 7804 7786
f 7786 7804 7803
f 7788 7805 7787
f 7787 7805 7804
f 7789 7806 7788
f 7788 7806 7805
f 7806 7789 549
f 601 7806 549
f 606 7807 605
f 606 557 7790
f 606 7790 7807
f 7807 7790 7808
f 7791 7809 7790
f 7790 7809 7808
f 559 607 7810
f 559 7810 7791
f 7791 7810 7809
f 7810 607 609
f 628 7811 627
f 628 629 7812
f 7811 628 7812
f 7812 629 631
f 7366 7389 586
f 7389 636 586
f 7377 7813 7398
f 7792 7813 7377
f 7400 7792 7378
f 7813 7792 7400
f 7380 7814 7401
f 7793 7814 7380
f 7403 7793 7383
f 7814 7793 7403
f 7388 7815 7407
f 7794 7815 7388
f 7795 7816 7794
f 7794 7816 7815
f 7796 7817 7795
f 7795 7817 7816
f 7797 7818 7796
f 7796 7818 7817
f 7798 7819 7797
f 7797 7819 7818
f 7799 7820 7798
f 7798 7820 7819
f 7800 7821 7799
f 7799 7821 7820
f 7801 7822 7800
f 7800 7822 7821
f 7822 7801 593
f 642 7822 593
f 7802 7823 644
f 596 7802 644
f 7823 7802 598
f 646 7823 598
f 7803 7824 647
f 599 7803 647
f 7804 7825 7803
f 7803 7825 7824
f 7805 7826 7804
f 7804 7826 7825
f 7806 7827 7805
f 7805 7827 7826
f 7827 7806 601
f 649 7827 601
f 7807 7828 653
f 605 7807 653
f 7808 7829 7807
f 7807 7829 7828
f 7809 7830 7808
f 7808 7830 7829
f 7810 7831 7809
f 7809 7831 7830
f 7831 7810 609
f 655 7831 609
f 7811 670 627
f 7811 7812 672
f 670 7811 672
f 7812 631 672
f 7389 7408 636
f 7408 679 636
f 7398 7832 7417
f 7813 7832 7398
f 7418 7813 7400
f 7418 7833 7813
f 7833 7832 7813
f 7401 7833 7418
f 7401 7814 7833
f 7814 7834 7833
f 7419 7814 7403
f 7419 7835 7814
f 7835 7834 7814
f 7420 7835 7419
f 7423 7836 7424
f 7407 7836 7423
f 7407 7815 7836
f 7815 7837 7836
f 7816 7838 7815
f 7815 7838 7837
f 7817 7839 7816
f 7816 7839 7838
f 7818 7840 7817
f 7817 7840 7839
f 7819 7841 7818
f 7818 7841 7840
f 7820 7842 7819
f 7819 7842 7841
f 7821 7843 7820
f 7820 7843 7842
f 7822 7844 7821
f 7821 7844 7843
f 7844 7822 642
f 685 7844 642
f 7823 7845 687
f 644 7823 687
f 7845 7823 646
f 689 7845 646
f 7824 7846 690
f 647 7824 690
f 7825 7847 7824
f 7824 7847 7846
f 7826 7848 7825
f 7825 7848 7847
f 7827 7849 7826
f 7826 7849 7848
f 7849 7827 649
f 692 7849 649
f 7828 696 653
f 698 696 7828
f 698 7828 7850
f 7850 7828 7829
f 7830 7851 7829
f 7829 7851 7850
f 699 701 7851
f 699 7851 7831
f 7831 7851 7830
f 7831 655 699
f 7408 7425 679
f 7425 725 679
f 7417 7832 7436
f 7833 7436 7832
f 7438 7436 7833
f 7834 7438 7833
f 7440 7438 7834
f 7835 7440 7834
f 7442 7440 7835
f 7420 7442 7835
f 7424 7836 7446
f 7446 7852 7448
f 7446 7836 7852
f 7836 7837 7852
f 7838 7853 7837
f 7837 7853 7852
f 7839 7854 7838
f 7838 7854 7853
f 7840 7855 7839
f 7839 7855 7854
f 7841 7856 7840
f 7840 7856 7855
f 7842 7857 7841
f 7841 7857 7856
f 7843 7858 7842
f 7842 7858 7857
f 7844 7859 7843
f 7843 7859 7858
f 685 730 7860
f 685 7860 7844
f 7844 7860 7859
f 730 731 7861
f 7860 730 7861
f 731 687 7845
f 731 7845 7861
f 7861 7845 7862
f 689 732 7863
f 689 7863 7845
f 7845 7863 7862
f 732 690 7846
f 732 7846 7863
f 7863 7846 7864
f 7847 7865 7846
f 7846 7865 7864
f 7848 7866 7847
f 7847 7866 7865
f 7849 7867 7848
f 7848 7867 7866
f 692 733 7868
f 692 7868 7849
f 7849 7868 7867
f 733 734 7869
f 7868 733 7869
f 734 735 7870
f 7869 734 7870
f 7870 735 737
f 7850 739 698
f 7850 7851 741
f 739 7850 741
f 7851 701 741
f 7871 768 725
f 7871 725 7449
f 7449 725 7425
f 7871 769 768
f 7448 7872 7465
f 7852 7872 7448
f 7853 7873 7852
f 7852 7873 7872
f 7468 7854 7466
f 7468 7873 7854
f 7873 7853 7854
f 7466 7874 7469
f 7466 7854 7874
f 7854 7855 7874
f 7856 7875 7855
f 7855 7875 7874
f 7857 7876 7856
f 7856 7876 7875
f 7858 7877 7857
f 7857 7877 7876
f 7859 7878 7858
f 7858 7878 7877
f 7860 7879 7859
f 7859 7879 7878
f 7861 7880 7860
f 7860 7880 7879
f 7862 7881 7861
f 7861 7881 7880
f 7863 7882 7862
f 7862 7882 7881
f 7864 7883 7863
f 7863 7883 7882
f 7865 7884 7864
f 7864 7884 7883
f 7866 7885 7865
f 7865 7885 7884
f 7867 7886 7866
f 7866 7886 7885
f 7868 7887 7867
f 7867 7887 7886
f 7869 7888 7868
f 7868 7888 7887
f 7870 7889 7869
f 7869 7889 7888
f 7889 7870 737
f 774 7889 737
f 7449 7470 7871
f 7470 769 7871
f 7470 7471 769
f 7471 797 769
f 7465 7872 7486
f 7486 7890 7488
f 7486 7872 7890
f 7872 7873 7890
f 7490 7873 7468
f 7890 7873 7490
f 7469 7891 7491
f 7874 7891 7469
f 7875 7892 7874
f 7874 7892 7891
f 7876 7893 7875
f 7875 7893 7892
f 7877 7894 7876
f 7876 7894 7893
f 7878 7895 7877
f 7877 7895 7894
f 7879 7896 7878
f 7878 7896 7895
f 7880 7897 7879
f 7879 7897 7896
f 7881 7898 7880
f 7880 7898 7897
f 7882 7899 7881
f 7881 7899 7898
f 7883 7900 7882
f 7882 7900 7899
f 7884 7901 7883
f 7883 7901 7900
f 7885 7902 7884
f 7884 7902 7901
f 7886 7903 7885
f 7885 7903 7902
f 7887 7904 7886
f 7886 7904 7903
f 7888 7905 7887
f 7887 7905 7904
f 7889 7906 7888
f 7888 7906 7905
f 7906 7889 774
f 802 7906 774
f 7907 815 797
f 7907 797 7492
f 7492 797 7471
f 815 7908 816
f 7907 7908 815
f 7908 819 816
f 7488 7909 7509
f 7890 7909 7488
f 7510 7890 7490
f 7510 7910 7890
f 7910 7909 7890
f 7491 7910 7510
f 7491 7891 7910
f 7891 7911 7910
f 7892 7912 7891
f 7891 7912 7911
f 7893 7913 7892
f 7892 7913 7912
f 7894 7914 7893
f 7893 7914 7913
f 7895 7915 7894
f 7894 7915 7914
f 7896 7916 7895
f 7895 7916 7915
f 7897 7917 7896
f 7896 7917 7916
f 7898 7918 7897
f 7897 7918 7917
f 7899 7919 7898
f 7898 7919 7918
f 7900 7920 7899
f 7899 7920 7919
f 7901 7921 7900
f 7900 7921 7920
f 7902 7922 7901
f 7901 7922 7921
f 7903 7923 7902
f 7902 7923 7922
f 7904 7924 7903
f 7903 7924 7923
f 821 823 7924
f 821 7924 7905
f 7905 7924 7904
f 7905 7906 824
f 821 7905 824
f 7906 802 824
f 7492 7511 7907
f 7511 7512 7925
f 7511 7925 7907
f 7907 7925 7908
f 819 7926 847
f 819 7908 7926
f 7908 7925 7926
f 7926 850 847
f 7522 7927 7523
f 7524 7927 7522
f 7928 7927 7524
f 7525 7928 7524
f 7929 7928 7525
f 7526 7929 7525
f 7930 7929 7526
f 7527 7930 7526
f 7530 7931 7531
f 7532 7931 7530
f 7932 7931 7532
f 7509 7932 7532
f 7509 7909 7932
f 7909 7933 7932
f 7910 7934 7909
f 7909 7934 7933
f 7911 7935 7910
f 7910 7935 7934
f 7912 7936 7911
f 7911 7936 7935
f 7913 7937 7912
f 7912 7937 7936
f 7914 7938 7913
f 7913 7938 7937
f 7915 7939 7914
f 7914 7939 7938
f 854 856 7939
f 854 7939 7916
f 7916 7939 7915
f 7916 7917 857
f 854 7916 857
f 7917 7918 859
f 857 7917 859
f 7918 7919 861
f 859 7918 861
f 7919 7920 863
f 861 7919 863
f 865 863 7920
f 865 7920 7940
f 7940 7920 7921
f 7922 7941 7921
f 7921 7941 7940
f 866 868 7941
f 866 7941 7923
f 7923 7941 7922
f 7923 7924 869
f 866 7923 869
f 7924 823 869
f 7512 7533 7925
f 7926 7925 7533
f 7534 7926 7533
f 850 7926 7534
f 850 7534 892
f 892 7534 7535
f 7536 893 7535
f 893 892 7535
f 896 7536 7537
f 893 7536 896
f 7523 7942 7551
f 7927 7942 7523
f 7928 7943 7927
f 7927 7943 7942
f 7929 7944 7928
f 7928 7944 7943
f 7930 7945 7929
f 7929 7945 7944
f 7552 7930 7527
f 7552 7946 7930
f 7946 7945 7930
f 7553 7946 7552
f 7947 7946 7553
f 7531 7947 7553
f 7531 7931 7947
f 7931 7948 7947
f 7932 7949 7931
f 7931 7949 7948
f 7933 7950 7932
f 7932 7950 7949
f 7934 7951 7933
f 7933 7951 7950
f 7935 7952 7934
f 7934 7952 7951
f 7936 7953 7935
f 7935 7953 7952
f 7937 7954 7936
f 7936 7954 7953
f 7938 7955 7937
f 7937 7955 7954
f 7939 7956 7938
f 7938 7956 7955
f 856 898 7957
f 856 7957 7939
f 7939 7957 7956
f 7957 898 900
f 904 7958 903
f 904 865 7940
f 904 7940 7958
f 7958 7940 7959
f 7941 7960 7940
f 7940 7960 7959
f 7960 7941 868
f 906 7960 868
f 7554 928 896
f 7537 7554 896
f 7555 930 7554
f 930 928 7554
f 932 7555 7556
f 930 7555 932
f 7567 7961 7568
f 7569 7961 7567
f 7962 7961 7569
f 7570 7962 7569
f 7963 7962 7570
f 7551 7963 7570
f 7551 7942 7963
f 7942 7964 7963
f 7943 7965 7942
f 7942 7965 7964
f 7944 7966 7943
f 7943 7966 7965
f 7945 7967 7944
f 7944 7967 7966
f 7946 7968 7945
f 7945 7968 7967
f 7947 7969 7946
f 7946 7969 7968
f 7948 7970 7947
f 7947 7970 7969
f 7949 7971 7948
f 7948 7971 7970
f 7950 7972 7949
f 7949 7972 7971
f 7951 7973 7950
f 7950 7973 7972
f 935 937 7973
f 935 7973 7952
f 7952 7973 7951
f 938 935 7952
f 938 7952 7974
f 7974 7952 7953
f 7954 7975 7953
f 7953 7975 7974
f 7955 7976 7954
f 7954 7976 7975
f 939 941 7976
f 939 7976 7956
f 7956 7976 7955
f 7956 7957 942
f 939 7956 942
f 7957 900 942
f 7958 947 903
f 7958 7959 949
f 947 7958 949
f 7959 7960 951
f 949 7959 951
f 7960 906 951
f 7571 975 932
f 7556 7571 932
f 7572 977 7571
f 977 975 7571
f 7573 978 7572
f 978 977 7572
f 981 7574 7977
f 981 978 7574
f 978 7573 7574
f 7575 7977 7574
f 7978 7977 7575
f 7576 7978 7575
f 7979 7978 7576
f 7577 7979 7576
f 7980 7979 7577
f 7578 7980 7577
f 7981 7980 7578
f 7579 7981 7578
f 7982 7981 7579
f 7580 7982 7579
f 7983 7982 7580
f 7568 7983 7580
f 7568 7961 7983
f 7961 7984 7983
f 7962 7985 7961
f 7961 7985 7984
f 7963 7986 7962
f 7962 7986 7985
f 7964 7987 7963
f 7963 7987 7986
f 7965 7988 7964
f 7964 7988 7987
f 982 984 7988
f 982 7988 7966
f 7966 7988 7965
f 7966 7967 985
f 982 7966 985
f 987 985 7967
f 987 7967 7989
f 7989 7967 7968
f 7969 7990 7968
f 7968 7990 7989
f 988 990 7990
f 988 7990 7970
f 7970 7990 7969
f 7970 7971 991
f 988 7970 991
f 7971 7972 993
f 991 7971 993
f 7972 7973 995
f 993 7972 995
f 7973 937 995
f 7974 998 938
f 7974 7975 1000
f 998 7974 1000
f 7975 7976 1002
f 1000 7975 1002
f 7976 941 1002
f 7977 1037 981
f 7977 7978 1039
f 1037 7977 1039
f 7978 7979 1041
f 1039 7978 1041
f 7979 7980 1044
f 1041 7979 1044
f 7980 7981 1048
f 1044 7980 1048
f 7981 7982 1049
f 1048 7981 1049
f 7982 7983 1051
f 1049 7982 1051
f 7983 7984 1054
f 1051 7983 1054
f 7984 7985 1056
f 1054 7984 1056
f 7985 7986 1058
f 1056 7985 1058
f 1060 1058 7986
f 1060 7986 7991
f 7991 7986 7987
f 7988 7992 7987
f 7987 7992 7991
f 7992 7988 984
f 1062 7992 984
f 7989 1064 987
f 7989 7990 1066
f 1064 7989 1066
f 7990 990 1066
f 7991 1100 1060
f 7991 7992 1102
f 1100 7991 1102
f 7992 1062 1102